id,level,domain,score,naturalness,utility,translatability,suspected_dup_of,llm_cut,reason,en_text
27115,A0,everyday,3.000,3,2,5,,1,Understandable but low-frequency imperative,Go upstairs please
27116,A0,everyday,3.000,3,2,5,,1,Understandable but low-frequency imperative,Go downstairs please
27305,A0,everyday,3.000,2,3,5,,1,Missing 'It's' or 'A'; unnatural as given,Pleasure to meet you
27019,A0,everyday,3.000,2,3,5,,1,Telegraphic and unnatural; needs 'What is' or 'Please write'.,Your full name please
27244,A0,everyday,3.000,4,2,3,,1,Often means 'I understand'; potentially ambiguous.,I hear you
27017,A0,everyday,3.000,4,2,3,,1,Vague chunk with limited reuse,This and that
27378,A0,everyday,3.000,4,2,3,,1,Ambiguous; 'line' translates inconsistently,Is that the line?
27393,A0,everyday,3.000,3,3,3,,0,"A bit unnatural, but broadly translatable.",I have pain
27256,A0,everyday,3.100,4,3,4,27138,1,Pronoun reference is vague; weaker than object forms.,I lost it
26996,A0,everyday,3.100,4,3,4,26995,1,Possessive variant; near-duplicate set,Those are theirs
27268,A0,everyday,3.100,4,3,4,27269,0,Natural enough; useful in local-origin contexts.,I am from here
27034,A0,everyday,3.200,5,1,4,,1,Semantically trivial; very low communicative value,She is a woman
27341,A0,everyday,3.200,4,2,4,,1,Context-bound discourse phrase,Very good then
27021,A0,everyday,3.200,2,4,4,,1,"Awkward clipped form; 'Your last name, please' is better.",Last name please
27068,A0,everyday,3.200,4,2,4,,1,Time fragment; low standalone value,This Friday night
27281,A0,everyday,3.200,4,2,4,,1,Narrow transit wording; not broadly reusable,One transfer only
27160,A0,everyday,3.200,3,3,4,,0,Useful but ambiguous as command/request,Charge my phone
27099,A0,everyday,3.200,3,3,4,,0,"Useful shorthand, slightly clipped",Thirty minutes max
27073,A0,everyday,3.300,5,2,5,27067,1,Bare time phrase; low standalone value,This month
27133,A0,everyday,3.300,5,2,5,27132,1,Near-duplicate right/left variant; low standalone value.,On the right side
27294,A0,everyday,3.300,4,3,5,27293,1,Near-duplicate greeting; less essential than 'Hello',Hi there
27169,A0,everyday,3.300,4,3,5,27168,1,Templated drink-request variant,I want tea
27111,A0,everyday,3.300,4,3,5,27110,1,Direction pair; keep one cleaner variant,Very far away
27168,A0,everyday,3.300,4,3,5,27169,1,Templated drink-request variant,I want coffee
27152,A0,everyday,3.400,5,1,5,,1,Bare prepositional fragment; templated padding.,On the bed
27057,A0,everyday,3.400,4,2,5,,1,Fragmentary and low-value compared with fuller phrases.,Late night
27264,A0,everyday,3.400,4,2,5,,1,Low-value isolated future action,I will run
27127,A0,everyday,3.400,4,2,5,,1,Fragment with weak standalone usefulness,In the city
27129,A0,everyday,3.400,4,2,5,,1,Too abstract and low-use fragment,In the world
27267,A0,everyday,3.400,4,2,5,,1,Grammatically fine but too bare and low-utility.,We will travel
27172,A0,everyday,3.400,2,4,5,,1,"Ungrammatical; should be 'Not spicy, please' or similar.",No spicy please
27207,A0,everyday,3.400,4,2,5,,1,Low-value generic fact,The bus is fast
27222,A0,everyday,3.400,4,2,5,,1,Less essential; negative aesthetic judgment,This looks ugly
27032,A0,everyday,3.400,4,2,5,,1,Clear but niche and not broadly reusable.,You are the host
27105,A0,everyday,3.400,4,2,5,,1,Specific countdown fragment; limited reuse.,Ninety days left
27167,A0,everyday,3.400,4,2,5,,1,Natural but templated purchase padding; too narrow,Fresh fruit please
27263,A0,everyday,3.400,4,2,5,,1,Narrow instruction; not common learner need,Please walk slowly
27070,A0,everyday,3.400,4,2,5,,1,Too specific time fragment; low reuse.,Last Sunday evening
27069,A0,everyday,3.400,4,2,5,,1,Overly specific time fragment with low reuse.,Next Saturday morning
27061,A0,everyday,3.400,3,3,5,,0,Usable time phrase though context-bound,All day today
27015,A0,everyday,3.400,3,3,5,,0,"Fragment, but plausible answer/explanation",Because I feel sick
27322,A0,everyday,3.600,4,3,4,,0,"Polite and natural, though somewhat formal.",Many thanks
27328,A0,everyday,3.600,4,3,4,,0,Natural conversational reassurance,All good now
26995,A0,everyday,3.600,4,3,4,,0,Natural possessive sentence; somewhat context-bound,These are ours
27198,A0,everyday,3.700,5,3,5,27197,1,Generic evaluative template; near-duplicate set,This is bad
27155,A0,everyday,3.700,4,4,5,27154,1,Near-duplicate transport variant,Take the train
27147,A0,everyday,3.700,5,3,5,27145,1,Near-duplicate imperative; keep one basic open command,Open the window
27284,A0,everyday,3.700,5,3,5,27285,1,Less generally useful than nearby navigation phrase,Show me the map
27252,A0,everyday,3.700,5,3,5,27251,1,Near-duplicate generic transfer/request phrase,Please take this
27214,A0,everyday,3.700,5,3,5,27213,1,Trivial opposite-pair padding,The room is dirty
27340,A0,everyday,3.700,5,3,5,27004,1,Near-duplicate of 'Maybe later' with trivial extra detail.,Maybe later today
27307,A0,everyday,3.700,5,3,5,27318,0,Natural greeting/sign-off phrase,Best wishes
27243,A0,everyday,3.800,5,2,5,,1,Limited real-life use outside special context,I see you
27039,A0,everyday,3.800,5,2,5,,1,Natural but socially marked and not very reusable.,Who are you?
27376,A0,everyday,3.800,5,2,5,,1,Comparative fragment with little context,This is faster
27266,A0,everyday,3.800,5,2,5,,1,Limited classroom/security use,Please stand up
27132,A0,everyday,3.800,5,2,5,,1,Fragmentary location phrase with low standalone value.,On the left side
27077,A0,everyday,3.800,5,2,5,,1,Fragment only; limited standalone usefulness.,Yesterday afternoon
26982,A0,everyday,3.800,4,3,5,,0,"Simple, natural location statement",He is here
27054,A0,everyday,3.800,4,3,5,,0,"Simple, useful time phrase",Before noon
27055,A0,everyday,3.800,4,3,5,,0,Useful time phrase,After lunch
27056,A0,everyday,3.800,4,3,5,,0,Natural time phrase but limited as a fragment,Early morning
27062,A0,everyday,3.800,4,3,5,,0,Natural recurring-time phrase but fragmentary,Every morning
27064,A0,everyday,3.800,4,3,5,,0,Natural recurring-time phrase but fragmentary,Every evening
27130,A0,everyday,3.800,4,3,5,,0,Useful seat/location phrase,By the window
27131,A0,everyday,3.800,4,3,5,,0,Clear location phrase,At the corner
27171,A0,everyday,3.800,4,3,5,,0,Useful in cafes; clear meaning,A little sugar
27005,A0,everyday,3.800,4,3,5,,0,Natural confirmation phrase,That is correct
27009,A0,everyday,3.800,4,3,5,,0,Natural complaint phrase,Too little time
27063,A0,everyday,3.800,4,3,5,,0,Natural recurring-time phrase but fragmentary,Every afternoon
27128,A0,everyday,3.800,4,3,5,,0,"Fragment, but can anchor many basic contexts",In this country
27297,A0,everyday,3.800,4,3,5,,0,"Natural farewell, though less central than basic goodbye",Goodbye for now
27117,A0,everyday,3.800,4,3,5,,0,"Simple location phrase, somewhat reusable",Inside the house
27210,A0,everyday,3.800,4,3,5,,0,"Understandable and useful, if slightly textbooky.",I have free time
27226,A0,everyday,3.800,4,3,5,,0,Simple and clear statement,That is possible
27078,A0,everyday,3.800,4,3,5,,0,"Useful in cafes, though slightly niche.",Zero sugar please
27251,A0,everyday,3.800,4,3,5,,0,"Simple request, moderately reusable",Please give me that
27093,A0,everyday,3.800,4,3,5,,0,Natural short status phrase with moderate utility,Fifteen minutes late
27107,A0,everyday,3.800,4,3,5,,0,Simple amount phrase; useful in money contexts,One thousand dollars
27315,A0,everyday,4.000,5,4,2,,1,Very common but idiomatic; poor cross-language transfer.,Long time no see
27150,A0,everyday,4.000,5,3,4,,0,Simple location phrase,Under the table
27001,A0,everyday,4.000,5,3,4,,0,"General and natural, though context-dependent.",Which one is it?
27208,A0,everyday,4.000,4,4,4,,0,Useful modern travel phrase,The wifi is slow
27383,A0,everyday,4.000,4,4,4,,0,Useful in travel/phone contexts; slightly elliptical but natural.,Weak signal here
27295,A0,everyday,4.100,5,4,5,27314,1,Generic greeting; likely redundant beside 'Welcome back'.,Welcome!
27299,A0,everyday,4.100,5,4,5,27298,1,Near-duplicate farewell; keep stronger variant,See you soon
27040,A0,everyday,4.100,5,4,5,23418,1,Near-duplicate of 'What is this?'.,What is that?
26989,A0,everyday,4.100,5,4,5,26988,1,Near-duplicate polarity pair with 'We are ready'.,We are not ready
27399,A0,everyday,4.100,5,4,5,27166,1,Near-duplicate of 'I need food',I need some food
27321,A0,everyday,4.100,5,4,5,27320,1,Near-duplicate of basic thanks,Thank you very much
26986,A0,everyday,4.100,5,4,5,26987,0,Core location phrase,It is here
27060,A0,everyday,4.100,5,4,5,27059,0,Basic time expression with broad use,In one hour
27166,A0,everyday,4.100,5,4,5,27399,0,Basic survival phrase,I need food
26987,A0,everyday,4.100,5,4,5,26986,0,Core negative location phrase,It is not here
27059,A0,everyday,4.100,5,4,5,27060,0,Basic time expression with broad use,In ten minutes
27146,A0,everyday,4.100,5,4,5,27148,0,Simple high-frequency command,Close the door
26985,A0,everyday,4.100,5,4,5,26984,0,Useful negative counterpart to a core phrase,She is not here
27232,A0,everyday,4.100,5,4,5,27231,0,Useful preference phrase; clear negative form.,I do not like this
27066,A0,everyday,4.200,5,3,5,,0,Basic time phrase; fragment but reusable.,Last year
27067,A0,everyday,4.200,5,3,5,,0,Common time expression,This year
27072,A0,everyday,4.200,5,3,5,,0,Natural time phrase; useful though fragmentary.,Last month
27075,A0,everyday,4.200,5,3,5,,0,Common sales phrase,Today only
27052,A0,everyday,4.200,5,3,5,,0,Natural time phrase with decent reuse.,Later today
26983,A0,everyday,4.200,5,3,5,,0,"Natural and clear, though less broadly useful.",Where is he?
27074,A0,everyday,4.200,5,3,5,,0,Common time expression,This weekend
27154,A0,everyday,4.200,4,4,5,,0,Natural and reusable,Take the bus
27197,A0,everyday,4.200,5,3,5,,0,Very common though generic,This is good
26994,A0,everyday,4.200,4,4,5,,0,Simple ownership statement,That is yours
26999,A0,everyday,4.200,5,3,5,,0,Common at doors/phone intercoms; clear and simple.,Who is there?
27006,A0,everyday,4.200,4,4,5,,0,Useful correction phrase,That is wrong
27007,A0,everyday,4.200,4,4,5,,0,Useful across many contexts,That is enough
27018,A0,everyday,4.200,5,4,3,,0,Useful intro phrase; name entity slightly less general.,My name is Sam
27036,A0,everyday,4.200,5,3,5,,0,Natural for travel or reservations,We are a group
27065,A0,everyday,4.200,5,3,5,,0,Basic calendar phrase; fragment but useful.,Next Wednesday
27173,A0,everyday,4.200,4,4,5,,0,Natural food-related phrase,A little spicy
27358,A0,everyday,4.200,5,3,5,,0,Natural but somewhat less frequent for A0.,I feel nervous
27170,A0,everyday,4.200,4,4,5,,0,Natural enough in food/drink contexts.,No sugar please
27219,A0,everyday,4.200,5,3,5,,0,Natural and easy to translate,The soup is hot
27265,A0,everyday,4.200,5,3,5,,0,Basic instruction; somewhat useful,Please sit down
27108,A0,everyday,4.200,4,4,5,,0,Common polite imperative,Come here please
27135,A0,everyday,4.200,4,4,5,,0,Natural request in transit,Stop here please
27164,A0,everyday,4.200,4,4,5,,0,Useful in restaurants/travel,Tap water please
27046,A0,everyday,4.200,4,4,5,,0,Natural ticket-counter question; broadly useful.,How many tickets?
27083,A0,everyday,4.200,4,4,5,,0,Useful time-remaining phrase,Five minutes left
27126,A0,everyday,4.200,4,4,5,,0,Common location phrase,Across the street
27213,A0,everyday,4.200,5,3,5,,0,Natural basic description,The room is clean
27216,A0,everyday,4.200,5,3,5,,0,Natural room description,The room is quiet
27359,A0,everyday,4.200,5,3,5,,0,"Natural, though narrower recovery context.",I feel better now
27035,A0,everyday,4.200,5,3,5,,0,Natural and clear,The child is sleeping
27125,A0,everyday,4.200,4,4,5,,0,Useful directional sentence,The bathroom is there
27096,A0,everyday,4.200,4,4,5,,0,Natural payment phrase; broadly useful,Eighteen dollars total
27329,A0,everyday,4.400,5,4,4,,0,Common handoff phrase; slight translation nuance only,Here you go
26993,A0,everyday,4.400,5,4,4,,0,Common ownership phrase,This is mine
24688,A0,everyday,4.400,5,4,4,,0,Natural question; some ambiguity but broadly useful,How long is it?
27296,A0,everyday,4.400,5,4,4,,0,Very common polite reply; some cross-language variation.,You are welcome
27382,A0,everyday,4.400,4,5,4,,0,Useful travel phrase; minor spelling/style issue only,Free wifi here?
27182,A0,everyday,4.400,4,5,4,,0,"Useful, though casing/loanword varies by language",Do you have wifi?
27112,A0,everyday,4.500,5,5,5,27113,1,Useful but directional pair is redundant,Turn left here
27272,A0,everyday,4.500,5,5,5,24607,1,Transport-location variant; redundant with another place query.,Where is the bus stop?
27165,A0,everyday,4.500,5,5,5,27398,0,Core survival phrase,I need water
27398,A0,everyday,4.500,5,5,5,27165,0,"High-stakes, broadly useful need phrase",I need clean water
27050,A0,everyday,4.600,5,4,5,,0,Common time expression,Right now
27053,A0,everyday,4.600,5,4,5,,0,Common and broadly useful,Very soon
27071,A0,everyday,4.600,5,4,5,,0,Very common time phrase.,Next week
27002,A0,everyday,4.600,5,4,5,,0,"Short, common, and broadly useful.",Yes please
27310,A0,everyday,4.600,5,4,5,,0,"Common, natural, broadly useful",Sleep well
27327,A0,everyday,4.600,5,4,5,,0,Common apology/ownership phrase.,My mistake
26984,A0,everyday,4.600,5,4,5,,0,Simple and useful presence statement,She is here
27058,A0,everyday,4.600,5,4,5,,0,Common time expression,In a moment
27231,A0,everyday,4.600,5,4,5,,0,"Simple, common preference phrase.",I like this
27233,A0,everyday,4.600,5,4,5,,0,"Very common, natural reaction phrase",I love this
26988,A0,everyday,4.600,5,4,5,,0,"Common, natural, broadly reusable status phrase.",We are ready
27119,A0,everyday,4.600,5,4,5,,0,Very natural location statement.,I am at home
27314,A0,everyday,4.600,5,4,5,,0,Natural greeting with distinct use from plain welcome.,Welcome back
23418,A0,everyday,4.600,5,4,5,,0,Core beginner question; highly reusable.,What is this?
26991,A0,everyday,4.600,5,4,5,,0,Very common and clear,They are late
27051,A0,everyday,4.600,5,4,5,,0,Natural postponement phrase.,Not right now
27138,A0,everyday,4.600,5,4,5,,0,Useful loss-report phrase; general enough.,I lost my bag
27145,A0,everyday,4.600,5,4,5,,0,Basic imperative with broad usefulness,Open the door
26998,A0,everyday,4.600,5,4,5,,0,Common and clear household phrase.,No one is home
27008,A0,everyday,4.600,5,4,5,,0,Common and practical,Too much sugar
27016,A0,everyday,4.600,5,4,5,,0,Common service question,Tea or coffee?
27082,A0,everyday,4.600,5,4,5,,0,Natural and useful for shopping/availability,Only four left
27023,A0,everyday,4.600,5,4,5,,0,Very common introductory statement,He is my friend
27141,A0,everyday,4.600,5,4,5,,0,Broad travel/event usefulness,I need a ticket
27176,A0,everyday,4.600,5,4,5,,0,Common polite expression across contexts,Enjoy your meal
27195,A0,everyday,4.600,5,4,5,,0,Common practical sentence,The light is on
27257,A0,everyday,4.600,5,4,5,,0,Common future-intention phrase,I will call you
27312,A0,everyday,4.600,5,4,5,,0,Common polite farewell,Have a nice day
27354,A0,everyday,4.600,5,4,5,,0,"Common, natural, and easy to translate.",I am very tired
27391,A0,everyday,4.600,5,4,5,,0,Clear medical/basic need phrase,I need medicine
26992,A0,everyday,4.600,5,4,5,,0,Common everyday phrase,They are on time
27024,A0,everyday,4.600,5,4,5,,0,Useful basic introduction phrase,She is my friend
27076,A0,everyday,4.600,5,4,5,,0,Common time expression,Tomorrow morning
27148,A0,everyday,4.600,5,4,5,,0,Simple high-frequency command,Close the window
27196,A0,everyday,4.600,5,4,5,,0,Common practical sentence,The light is off
27258,A0,everyday,4.600,5,4,5,,0,Common service/travel instruction,Please wait here
27270,A0,everyday,4.600,5,4,5,,0,Useful location detail; natural wording.,I live near here
27351,A0,everyday,4.600,5,4,5,,0,Useful pointing phrase,Right over there
27352,A0,everyday,4.600,5,4,5,,0,Natural and useful in daily situations.,I am very hungry
27020,A0,everyday,4.600,4,5,5,,0,Very useful form-filling/check-in phrase,First name please
27022,A0,everyday,4.600,5,4,5,,0,Useful introduction phrase,This is my family
27080,A0,everyday,4.600,4,5,5,,0,Very useful ordering phrase,Two waters please
27114,A0,everyday,4.600,5,4,5,,0,Standard direction phrase,Go straight ahead
27180,A0,everyday,4.600,4,5,5,,0,Common polite phrase with broad real-life use,One moment please
27220,A0,everyday,4.600,5,4,5,,0,Practical and clear,The water is cold
27353,A0,everyday,4.600,5,4,5,,0,Natural and practical need-state phrase.,I am very thirsty
26990,A0,everyday,4.600,5,4,5,,0,Natural group-directed question,Are you all ready?
26997,A0,everyday,4.600,5,4,5,,0,Natural warning statement,Someone is outside
27000,A0,everyday,4.600,5,4,5,,0,"Useful, concrete possession question.",Whose bag is this?
27253,A0,everyday,4.600,5,4,5,,0,Useful placement instruction,Please put it here
27137,A0,everyday,4.600,5,4,5,,0,"Natural, modern, and useful.",My computer is slow
27286,A0,everyday,4.600,4,5,5,,0,Natural taxi/rideshare request with broad usefulness,Drop me here please
27381,A0,everyday,4.600,5,4,5,,0,Modern and broadly useful,Do you have an app?
22972,A0,everyday,4.600,5,4,5,,0,Useful travel-direction question.,Where is the airport?
24607,A0,everyday,4.600,5,4,5,,0,Useful transit question with broad applicability.,Where is the station?
27183,A0,everyday,4.600,5,4,5,,0,Common in wifi/account/help-desk contexts.,What is the password?
27326,A0,everyday,4.800,5,5,4,,0,Very common reassurance phrase; slight pragmatic variation only.,No problem
27285,A0,everyday,4.800,5,5,4,,0,Very useful for directions; translates acceptably,Show me the way
27293,A0,everyday,5.000,5,5,5,,0,Essential greeting,Hello
27323,A0,everyday,5.000,5,5,5,,0,Core politeness marker,Please
26978,A0,everyday,5.000,5,5,5,,0,Core phrase for presence/location.,I am here
27320,A0,everyday,5.000,5,5,5,,0,Essential core phrase,Thank you
27227,A0,everyday,5.000,5,5,5,,0,"Short, natural, broadly useful offer.",I can help
27303,A0,everyday,5.000,5,5,5,,0,Core everyday expression; highly reusable,Good night
27325,A0,everyday,5.000,5,5,5,,0,Essential apology phrase; highly reusable.,I am sorry
27004,A0,everyday,5.000,5,5,5,,0,Very natural and broadly useful.,Maybe later
27355,A0,everyday,5.000,5,5,5,,0,Essential health-related phrase.,I feel sick
27003,A0,everyday,5.000,5,5,5,,0,Core polite refusal; highly reusable.,No thank you
27300,A0,everyday,5.000,5,5,5,,0,Core greeting; highly reusable,Good morning
27302,A0,everyday,5.000,5,5,5,,0,Core greeting; highly reusable,Good evening
21765,A0,everyday,5.000,5,5,5,,0,Core survival phrase,Can you help?
27181,A0,everyday,5.000,5,5,5,,0,Standard restaurant phrase,Table for two
27298,A0,everyday,5.000,5,5,5,,0,Core everyday farewell,See you later
26980,A0,everyday,5.000,5,5,5,,0,Very common and broadly useful,Are you there?
27043,A0,everyday,5.000,5,5,5,,0,"Common, flexible question for calls and messaging.",Where are you?
27228,A0,everyday,5.000,5,5,5,,0,Essential emergency/request phrase,Please help me
27301,A0,everyday,5.000,5,5,5,,0,Core greeting; highly reusable,Good afternoon
27113,A0,everyday,5.000,5,5,5,,0,Highly useful direction phrase,Turn right here
27255,A0,everyday,5.000,5,5,5,,0,Very useful help/request phrase,Help me find it
27394,A0,everyday,5.000,5,5,5,,0,Very common pain expression; high real-world value.,It really hurts
23276,A0,everyday,5.000,5,5,5,,0,Essential and universally useful question.,What time is it?
27139,A0,everyday,5.000,5,5,5,,0,Common and highly useful loss-report phrase.,I lost my wallet
27261,A0,everyday,5.000,5,5,5,,0,Very useful in taxis and transit,Please stop here
27304,A0,everyday,5.000,5,5,5,,0,Core social phrase; highly reusable.,Nice to meet you
27379,A0,everyday,5.000,5,5,5,,0,Excellent travel phrase,Is this my seat?
27380,A0,everyday,5.000,5,5,5,,0,Excellent transit phrase,Is that my stop?
27079,A0,everyday,5.000,5,5,5,,0,Highly practical travel phrase,One ticket please
27392,A0,everyday,5.000,5,5,5,,0,Important medical phrase; clear meaning.,I have an allergy
3114,A0,everyday,5.000,5,5,5,,0,Essential beginner phrase with universal use.,What is your name?
27136,A0,everyday,5.000,5,5,5,,0,Highly practical everyday question.,Where is my phone?
27273,A0,everyday,5.000,5,5,5,,0,Common travel/hotel request,Please call a taxi
27377,A0,everyday,5.000,5,5,5,,0,Very common destination-check phrase,Is this the place?
23357,A0,everyday,5.000,5,5,5,,0,Extremely useful and standard travel phrase.,Where is the bathroom?
27031,A0,social,2.800,3,2,4,,1,Less common self-description; limited reuse.,I am a guest
27309,A0,social,3.600,4,3,4,,0,"Natural farewell, though slightly formulaic",Safe travels
27271,A0,social,3.700,5,3,5,27270,1,"Natural, but near-duplicate location variant.",I live far away
24959,A0,social,3.800,4,3,5,,0,"Understandable and useful, though 'email address' is more common.",What is your email?
27313,A0,social,4.200,4,4,5,,0,Useful travel well-wish,Have a safe trip
11387,A0,social,4.400,5,4,4,,0,"Very common, though culturally sensitive in some contexts.",Where are you from?
27269,A0,social,4.600,5,4,5,,0,Common and useful for travel/local context.,I am not from here
27084,A0,numbers,2.400,2,2,4,,1,Fragment; unnatural without context,Six people here
27089,A0,numbers,2.400,2,2,4,,1,Awkward; native wording would be 'Eleven seats available',Eleven seats free
27278,A0,numbers,2.400,2,2,4,,1,Awkward wording; would ask 'Which platform?',Platform number please
27283,A0,numbers,2.500,2,3,5,27282,1,Telegraphic; not how natives usually ask,Arrival time please
27282,A0,numbers,2.500,2,3,5,27283,1,Telegraphic; unnatural request form,Departure time please
27276,A0,numbers,2.800,2,3,4,,1,Unnatural fragment; missing verb,The gate number please
27095,A0,numbers,3.200,4,2,4,,1,Overly specific distance phrase,Seventeen miles away
27106,A0,numbers,3.400,4,2,5,,1,Natural but too contextless to reuse often,One hundred people
27103,A0,numbers,3.800,4,3,5,,0,Useful age expression,Seventy years old
27049,A0,numbers,4.200,4,4,5,,0,Useful on buses; slightly context-bound but natural.,Which bus is this?
21688,A0,numbers,4.400,5,4,4,,0,"Very common, though can be culturally sensitive.",How old are you?
27274,A0,numbers,4.400,5,4,4,,0,Useful in rail transit; 'platform' may need adaptation.,Which platform is it?
27047,A0,numbers,5.000,5,5,5,,0,Highly useful everyday question,How far is it?
27205,A0,business,2.900,3,3,5,27206,1,Clipped and part of trivial adjective pair,Very cheap here
27192,A0,business,2.900,3,3,5,27193,1,Fragment; one of several retail-size variants,In a larger size
27193,A0,business,2.900,3,3,5,27192,1,Fragment; one of several retail-size variants,In a smaller size
27306,A0,business,3.000,3,2,5,,1,"Natural enough but narrow, context-specific encouragement.",Well done team
27330,A0,business,3.200,3,3,4,,0,"Useful in shops, slightly clipped",This one only
27204,A0,business,3.400,4,2,5,,1,Generic and low-value,That is old
27194,A0,business,3.400,3,3,5,,0,Useful retail phrase despite fragment form,In another color
27206,A0,business,3.400,3,3,5,,0,Useful though slightly clipped,Very expensive here
27350,A0,business,3.600,4,3,4,,0,Natural retail/inventory phrase; moderately useful.,Last one left
27230,A0,business,3.700,5,3,5,27229,1,Near-duplicate of 'I want this',I need that
27199,A0,business,3.700,4,4,5,27200,1,Useful but one of paired size variants,Too big for me
27374,A0,business,3.700,5,3,5,27376,1,One of many bare comparatives,This is cheaper
27124,A0,business,3.700,5,3,5,27211,1,Near-duplicate open-status sentence,The shop is open
27212,A0,business,3.700,5,3,5,27211,1,Trivial open/closed status variant,The store is closed
27249,A0,business,3.800,5,2,5,,1,Less reusable than buying/payment basics,I will sell this
27030,A0,business,3.800,5,2,5,,1,Natural but overly specific and low-frequency.,My colleague is here
27202,A0,business,3.800,4,3,5,,0,Useful in service contexts,The wait is long
27201,A0,business,3.800,4,3,5,,0,Natural enough; useful in queues,The line is short
27123,A0,business,3.800,4,3,5,,0,Useful simple location statement,The restaurant is near
27190,A0,business,4.100,5,4,5,27248,0,Common transaction/acceptance phrase,I will take it
27248,A0,business,4.100,5,4,5,27190,0,Natural shopping commitment phrase,I will buy this
27177,A0,business,4.200,3,5,5,,0,Telegraphic but common in restaurant contexts.,Menu please
27203,A0,business,4.200,5,3,5,,0,Generic but natural,This is new
27348,A0,business,4.200,4,4,5,,0,Short but useful for selection contexts,Only this one
27179,A0,business,4.200,4,4,5,,0,Useful for ordering or asking repetition/addition,One more please
27186,A0,business,4.200,5,3,5,,0,Natural payment question,Can I pay later?
27200,A0,business,4.200,4,4,5,,0,Useful in clothing/shopping contexts,Too small for me
27044,A0,business,4.200,5,3,5,,0,"Natural and clear, though situational.",Why is it closed?
27211,A0,business,4.200,5,3,5,,0,Natural basic status sentence,The store is open
27042,A0,business,4.500,5,5,5,27041,1,Near-duplicate business-hours pair with 'When do you open?'.,When do you close?
27143,A0,business,4.600,5,4,5,,0,Useful payment-related phrase.,I have cash
27178,A0,business,4.600,4,5,5,,0,Highly reusable restaurant phrase,Bill please
27229,A0,business,4.600,5,4,5,,0,Broadly useful selection phrase,I want this
27235,A0,business,4.600,5,4,5,,0,Common workplace/location phrase,I work here
27120,A0,business,4.600,5,4,5,,0,"Natural, common, and easy to reuse.",I am at work
27209,A0,business,4.600,5,4,5,,0,Common everyday phrase; straightforward meaning.,I am busy now
27254,A0,business,4.600,5,4,5,,0,Very common acceptance/handling phrase,I will get it
27029,A0,business,4.600,5,4,5,,0,Useful relationship introduction,She is my boss
27361,A0,business,4.600,5,4,5,,0,"Current, natural phrase for interruptions.",I am on a call
27250,A0,business,4.600,5,4,5,,0,Useful payment phrase,I will pay cash
27187,A0,business,4.600,5,4,5,,0,Common transaction phrase,I need a receipt
27360,A0,business,4.600,5,4,5,,0,Common scheduling phrase; broadly useful.,I have a meeting
27101,A0,business,4.600,5,4,5,,0,Common sale phrase; easy to translate,Fifty percent off
27184,A0,business,4.600,4,5,5,,0,Common payment question,Do you take card?
27191,A0,business,4.600,5,4,5,,0,Common shopping/request phrase,Do you have this?
27225,A0,business,4.600,5,4,5,,0,Common and useful statement,This is important
27142,A0,business,5.000,5,5,5,,0,Very useful modern transaction phrase,Pay by card
27045,A0,business,5.000,5,5,5,,0,Highly useful payment question,How do I pay?
27185,A0,business,5.000,5,5,5,,0,Very common payment question,Card or cash?
27189,A0,business,5.000,5,5,5,,0,Very common shopping phrase,Can I try this?
22125,A0,business,5.000,5,5,5,,0,Core shopping phrase; very reusable and clear.,How much is this?
27041,A0,business,5.000,5,5,5,,0,Very useful travel/shop question; keep one hours variant.,When do you open?
27188,A0,business,5.000,5,5,5,,0,Very common in shops; high real-life value.,I am just looking
27102,A0,education,3.000,3,2,5,,1,Fragment with narrow use,Sixty pages total
27092,A0,education,3.000,3,2,5,,1,Understandable but too specific and low reuse,Fourteen students today
27097,A0,education,3.000,4,1,5,,1,Templated counting phrase; overly specific.,Nineteen questions left
27157,A0,education,3.300,5,2,5,27158,1,Low-value stationery noun phrase,I need paper
27158,A0,education,3.300,5,2,5,27157,1,Useful but trivial object-need variant,I need a pen
27025,A0,education,3.300,4,3,5,27026,1,Templated occupation variant; redundant in batch.,I am a teacher
27366,A0,education,3.300,3,4,5,27019,1,Missing comma; overlaps with form-filling request patterns.,Write it here please
27335,A0,education,3.300,3,4,5,27287,0,Slightly terse but common request,Again please
27362,A0,education,3.700,5,3,5,27360,1,"Natural, but templated schedule noun variant.",I have a class
27372,A0,education,3.800,5,2,5,,1,Comparative fragment with weak context,This is better
27363,A0,education,3.800,5,2,5,,1,Natural but low-value evaluative statement,Homework is easy
27364,A0,education,3.800,5,2,5,,1,Natural but low-value evaluative statement,Homework is hard
27245,A0,education,3.800,5,2,5,,1,"Mostly teacher/announcement language, low reuse",Please listen carefully
27333,A0,education,3.800,4,3,5,,0,Natural contrast phrase with decent reuse.,Not the same
27241,A0,education,3.800,4,3,5,,0,"Simple and clear, if somewhat generic.",I am learning
27224,A0,education,3.800,4,3,5,,0,"Natural, though somewhat generic",That is boring
27338,A0,education,3.800,4,3,5,,0,Natural and clear everyday phrase,Already did that
27342,A0,education,4.000,4,4,4,,0,Common short phrase with broad reuse,A little bit
27236,A0,education,4.200,5,3,5,,0,"Natural, moderate usefulness",I study here
27026,A0,education,4.200,4,4,5,,0,Common identity statement; useful baseline phrase.,I am a student
27121,A0,education,4.200,5,3,5,,0,"Natural and clear, though narrower context.",I am at school
27242,A0,education,4.200,5,3,5,,0,Natural profession/role phrase,I teach English
27292,A0,education,4.200,4,4,5,,0,Useful and clear request,Spell it please
27349,A0,education,4.200,4,4,5,,0,Natural short question/statement in many settings,First time here
27260,A0,education,4.600,5,4,5,,0,"Short, common willingness phrase",I will try
27217,A0,education,4.600,5,4,5,,0,Common and reusable,This is easy
27343,A0,education,4.600,4,5,5,,0,Very reusable in service and daily contexts,A little more
27334,A0,education,4.600,5,4,5,,0,Useful for reordering/repeating,Same as before
27238,A0,education,4.600,5,4,5,,0,Common comprehension phrase,I understand now
27218,A0,education,4.600,5,4,5,,0,Common and reusable,This is difficult
25246,A0,education,4.600,5,4,5,,0,Common and clear comprehension check,Do you understand?
27223,A0,education,4.600,5,4,5,,0,Natural and reusable,This is interesting
27288,A0,education,4.600,4,5,5,,0,Very useful learner phrase,Speak slowly please
27289,A0,education,5.000,5,5,5,,0,Very common and broadly reusable,One more time
27237,A0,education,5.000,5,5,5,,0,Core language ability phrase,I speak English
27239,A0,education,5.000,5,5,5,,0,Core learner survival phrase.,I do not understand
27287,A0,education,5.000,5,5,5,,0,Core communication repair phrase,Can you repeat that?
27290,A0,education,5.000,5,5,5,,0,Very common and valuable learner question.,What does this mean?
27291,A0,education,5.000,5,5,5,,0,Essential language-learning phrase,How do you say this?
27027,A0,health,3.300,4,3,5,27026,1,"Fine English, but templated job-title variant.",I am a doctor
27308,A0,health,4.400,5,4,4,,0,Common well-wish; broadly useful,Get well soon
27088,A0,housing,3.000,3,2,5,,1,Niche availability fragment,Ten rooms available
27122,A0,housing,3.400,4,2,5,,1,Fragment with narrow standalone use,At the hotel
27144,A0,housing,4.200,5,3,5,,0,Useful in lodging/home contexts,I need the key
27234,A0,housing,4.600,5,4,5,,0,"Common, clear residence statement.",I live here
27388,A0,civic,4.600,5,4,5,,0,Clear emergency phrase,Call the police
27365,A0,civic,4.600,5,4,5,,0,"Useful in forms, directions, deliveries, and travel.",What is the address?
27396,A0,civic,5.000,5,5,5,,0,Important emergency/travel phrase.,My bag was stolen
27395,A0,civic,5.000,5,5,5,,0,Critical travel emergency phrase.,I lost my passport
27140,A0,civic,5.000,5,5,5,,0,Very useful for travel,This is my passport
27156,A0,travel,2.100,2,2,5,27154,1,Unnatural choice; trivial transport variant,Take the airplane
27317,A0,culture,2.400,3,2,2,,1,Culture-bound toast; messy cross-lingually,To your health!
27159,A0,culture,3.400,4,2,5,,1,"Oddly specific simple statement, low reuse",I read a book
27221,A0,culture,4.200,5,3,5,,0,Natural travel description,The view is beautiful
27319,A0,culture,4.600,5,4,5,,0,Common celebratory phrase,Happy birthday
27215,A0,culture,4.600,5,4,5,,0,Common complaint statement,The music is loud
27174,A0,environment,3.400,2,4,5,,1,"Unnatural wording; should be 'No plastic bag, please'.",No plastic bag
27369,A0,environment,4.200,4,4,5,,0,Natural weather sentence; basic and broadly useful.,It is raining now
27357,A0,environment,4.600,5,4,5,,0,Simple body-state phrase with broad use.,I feel hot
27356,A0,environment,4.600,5,4,5,,0,Simple body-state phrase with broad use.,I feel cold
27367,A0,environment,4.600,5,4,5,,0,Common and easy to translate.,It is very hot
27368,A0,environment,4.600,5,4,5,,0,Common and easy to translate.,It is very cold
27370,A0,environment,4.600,5,4,5,,0,Very natural daily weather phrase.,It is sunny today
27371,A0,environment,4.600,5,4,5,,0,Natural weather phrase with wide reuse.,It is windy today
27402,A0,emergency,3.800,4,3,5,,0,Clear and usable in care/emergency contexts,Please stay with me
27390,A0,emergency,4.500,5,5,5,27388,0,Essential emergency phrase,Call an ambulance
27401,A0,emergency,5.000,5,5,5,,0,Important safety phrase; very useful.,I feel unsafe
27387,A0,emergency,5.000,5,5,5,,0,Essential emergency/help phrase,Help me please
27397,A0,emergency,5.000,5,5,5,,0,Very useful modern emergency phrase.,I lost my phone
27400,A0,emergency,5.000,5,5,5,,0,Essential emergency phrase,I need a doctor
27404,A0,emergency,5.000,5,5,5,,0,Urgent and highly reusable,I need help now
27403,A0,emergency,5.000,5,5,5,,0,Highly practical emergency/travel request,Show me the exit
27386,A0,emergency,5.000,5,5,5,,0,High-value emergency phrase,This is an emergency
19080,A1,civic,3.800,5,2,5,,1,Natural but scooter-specific and less reusable,I can ride a scooter.
25448,A1,civic,3.800,5,2,5,,1,Generic fact with low reuse.,People live in villages.
22695,A1,civic,3.800,4,3,5,,0,Natural in scheduling/date contexts.,Is it tomorrow?
23077,A1,civic,3.800,4,3,5,,0,Natural and broadly useful despite limited context,He is an adult.
22812,A1,civic,3.800,4,3,5,,0,Simple identity phrase; plausible use.,That is my name.
23049,A1,civic,3.800,4,3,5,,0,General but usable offer/request context,Anyone can help.
24619,A1,civic,3.800,4,3,5,,0,"Natural, though context is somewhat narrow.",Are you a member?
22146,A1,civic,3.800,4,3,5,,0,"Natural and clear, though somewhat generic.",I follow the rules.
26861,A1,civic,3.800,4,3,5,,0,"Natural and clear, moderate usefulness.",That's a good rule.
25817,A1,civic,3.800,4,3,5,,0,Natural imperative; simple and clear.,Bring the book here.
9850,A1,civic,3.800,4,3,5,,0,Natural in classroom contexts; moderate utility.,Let’s begin the lesson.
12932,A1,civic,3.800,4,3,5,,0,Natural school context; slightly specific but clear.,We have a gym at school.
24151,A1,civic,4.000,4,4,4,,0,"Useful phrase, slightly idiomatic but common.",Show me the way.
26701,A1,civic,4.000,5,3,4,,0,"Natural, broadly useful patriotic statement",I love my country.
9413,A1,civic,4.000,5,3,4,,0,Natural travel sentence; 'capital' is slightly context-bound.,We visited the capital on our trip.
23559,A1,civic,4.100,5,4,5,22039,1,"Useful, but one of many trivial weekday variants.",Today is Monday.
21768,A1,civic,4.200,5,3,5,,0,"Short, useful, and clear.",We want help.
22586,A1,civic,4.200,5,3,5,,0,Natural though limited as a consoling phrase,Don't be sad.
22147,A1,civic,4.200,4,4,5,,0,"Very common, useful imperative.",Follow me now.
22810,A1,civic,4.200,5,3,5,,0,Natural and personally relevant though not essential,I like my name.
23965,A1,civic,4.200,4,4,5,,0,Natural ownership question for basic learners.,Is this our book?
23399,A1,civic,4.200,5,3,5,,0,Natural but slightly less common than 'letter'.,I wrote an article.
23160,A1,civic,4.200,5,3,5,,0,Natural regional location statement,I live in the north.
25307,A1,civic,4.200,5,3,5,,0,Natural simple past statement,His guess was wrong.
25482,A1,civic,4.200,5,3,5,,0,"Natural and clear, though somewhat situational",Let's open the gate.
25782,A1,civic,4.200,5,3,5,,0,"Simple, natural descriptive question.",Is your shirt white?
24150,A1,civic,4.400,5,4,4,,0,Common phrase with decent reuse,It's a long way.
26814,A1,civic,4.400,5,4,4,,0,Common phrase; minor translation adaptation only,Don't change your mind.
26628,A1,civic,4.500,5,5,5,25910,1,Useful but one of many templated 'Where is the place?' variants,Where is the bank?
23564,A1,civic,4.600,5,4,5,,0,Very common basic imperative.,Sit down.
25011,A1,civic,4.600,5,4,5,,0,"Short, common selection phrase",I want that.
22008,A1,civic,4.600,5,4,5,,0,"Simple, useful instruction.",Use this key.
24767,A1,civic,4.600,5,4,5,,0,Common administrative phrase.,We need a form.
21830,A1,civic,4.600,5,4,5,,0,"Simple, natural, high-frequency social question",Do you know him?
23275,A1,civic,4.600,5,4,5,,0,Very common and broadly useful exclamation.,What a surprise!
21767,A1,civic,4.600,5,4,5,,0,"Simple, natural, broadly useful.",She helps people.
19751,A1,civic,4.600,5,4,5,,0,Natural directive with broad use.,Please stand here.
21747,A1,civic,4.600,5,4,5,,0,Useful for forms and directions,That's my address.
26179,A1,civic,4.600,5,4,5,,0,Common location phrase with good reuse.,We live near here.
21743,A1,civic,4.600,5,4,5,,0,Core personal-information question,What's your address?
23238,A1,civic,4.600,5,4,5,,0,"Natural, common movement instruction",Go to the other side.
23971,A1,civic,4.600,5,4,5,,0,Common instruction in work or study contexts.,Fix that mistake now.
21746,A1,civic,4.600,5,4,5,,0,Practical request with broad reuse.,Send it to my address.
23970,A1,civic,4.600,5,4,5,,0,Common and broadly useful question,Did you see the mistake?
26772,A1,civic,4.600,5,4,5,,0,Natural preference statement with useful modifier.,I drink tea without sugar.
9707,A1,civic,4.600,5,4,5,,0,Common sign/polite instruction; broadly understandable,"Don’t step on the grass, please."
22305,A1,civic,5.000,5,5,5,,0,Highly reusable everyday request.,May I go now?
22513,A1,civic,5.000,5,5,5,,0,"Core greeting, very reusable",Nice to meet you.
24257,A1,civic,5.000,5,5,5,,0,Very common and broadly useful,Could you help me?
21745,A1,civic,5.000,5,5,5,,0,Highly practical and natural in many contexts.,I need your address.
20127,A1,civic,5.000,5,5,5,,0,Very practical travel/driving phrase,Is it ok to park here?
22712,A1,everyday,3.800,4,3,5,,0,"Natural enough, moderate usefulness",We are arriving home now.
23744,A1,everyday,3.800,4,3,5,,0,"Simple, natural family description.",My grandparents are kind.
24734,A1,everyday,3.800,4,3,5,,0,Natural though somewhat specific,She bought a lot of toys.
22560,A1,everyday,3.800,4,3,5,,0,"Natural invitation, though a bit generic.",Let's spend time together.
26146,A1,everyday,3.800,4,3,5,,0,"Natural, though somewhat specific timing",I start school in January.
21548,A1,everyday,3.800,4,3,5,,0,Natural shopping-related sentence.,Shoes are very comfortable.
24094,A1,everyday,3.800,4,3,5,,0,Clear preposition practice with common vocabulary.,The cat is under the table.
17507,A1,everyday,3.800,4,3,5,,0,Current enough and natural for shopping context.,This online deal is amazing!
23477,A1,everyday,3.800,4,3,5,,0,Natural and concrete; somewhat specific.,We have chocolate ice cream.
11564,A1,everyday,3.800,4,3,5,,0,Natural advice though slightly formal,Please prepare for your exam.
16205,A1,everyday,3.800,4,3,5,,0,Clear physical action sentence; slightly vivid but usable.,The cat jumped over the sofa.
24079,A1,everyday,3.800,4,3,5,,0,Natural personal-preference sentence,Breakfast is my favorite meal.
7602,A1,everyday,3.800,4,3,5,,0,"Natural and clear, moderate real-life use.",Let's switch places for a while.
9077,A1,everyday,3.800,4,3,5,,0,Natural household request,Can you put my hat on the chair?
11100,A1,everyday,3.800,4,3,5,,0,Natural descriptive sentence,I saw a plane flying in the sky.
15893,A1,everyday,3.800,4,3,5,,0,Natural for teaching/child contexts,Can you list the colors you see?
22569,A1,everyday,3.800,3,4,5,,0,"Useful, though now is slightly redundant",Do you know what time it is now?
23209,A1,everyday,3.800,4,3,5,,0,"Natural, though slightly specific and not very reusable.",Let me describe my house to you.
13246,A1,everyday,3.800,5,3,3,,0,Common phrase though somewhat idiomatic; still useful,I can’t wait to see you tomorrow!
16764,A1,everyday,3.800,4,3,5,,0,Natural in app/interface contexts,Can you see the text below the image?
16516,A1,everyday,3.800,4,3,5,,0,Natural past event; moderate reuse.,We had a conversation after breakfast.
5720,A1,everyday,3.800,4,3,5,,0,Natural safety instruction.,Please walk carefully on the wet floor.
15374,A1,everyday,3.800,4,3,5,,0,Natural but somewhat situational.,Let me know when you finish your lunch.
6781,A1,everyday,3.800,4,3,5,,0,Natural though a bit over-specific,Can you help me find my orange notebook?
8136,A1,everyday,3.800,4,3,5,,0,Natural sentence with practical vocabulary,He asked a random person for directions.
11030,A1,everyday,3.800,4,3,5,,0,Long but practical real-world instruction.,Join the line over there to buy tickets.
24143,A1,everyday,3.900,5,4,4,26557,1,Near-duplicate set with common status checks,Is it on?
25080,A1,everyday,3.900,5,4,4,25898,1,Regional duplicate of football/soccer variant.,I play soccer.
23311,A1,everyday,3.900,5,4,4,26801,0,Common reaction when seeing oneself,Is that me?
22472,A1,everyday,3.900,5,4,4,25697,0,Common comparative age phrase; broadly useful,He is my age.
25898,A1,everyday,3.900,5,4,4,25949,0,Natural and common sport sentence.,I play football.
24737,A1,everyday,3.900,5,4,4,21816,0,"Natural and useful, slight translation variation.",That's a lot of fun!
26636,A1,everyday,4.000,5,4,2,,1,Idiomatic 'help me' expression translates poorly.,Give me a hand.
22099,A1,everyday,4.000,5,3,4,,0,Natural but 'away' can map less directly.,Is he away?
25286,A1,everyday,4.000,5,3,4,,0,"Simple and useful, though referent is vague.",I like them.
23604,A1,everyday,4.000,4,4,4,,0,"Natural, though kinship terms vary across languages",Where is dad?
25463,A1,everyday,4.000,4,4,4,,0,"Common, useful short question in many contexts",What is next?
22508,A1,everyday,4.000,5,3,4,,0,Common motivational imperative,Never give up.
24726,A1,everyday,4.000,5,3,4,,0,Natural; can be literal or aspirational,I want to fly.
26891,A1,everyday,4.000,4,4,4,,0,"Short, natural comparative choice phrase",Both are good.
21660,A1,everyday,4.000,5,3,4,,0,"Common enough, though context-dependent",I want to join.
23775,A1,everyday,4.000,5,3,4,,0,"Natural phrase, though mildly idiomatic.",Thank me later.
24236,A1,everyday,4.000,5,3,4,,0,Natural sentence; useful though 'Mum' is somewhat regional.,Mum is cooking.
21803,A1,everyday,4.000,4,4,4,,0,"Common, flexible request in shops or conversations",Do you have more?
22102,A1,everyday,4.000,5,3,4,,0,Natural though somewhat abstract,I want to change.
23042,A1,everyday,4.000,4,4,4,,0,Useful everyday phrase; slight regional variation in 'shop'.,I go to the shop.
23505,A1,everyday,4.000,4,4,4,,0,"Common, though 'bad' is slightly vague",I feel bad today.
25149,A1,everyday,4.000,4,4,4,,0,Common and broadly useful relationship/work phrase,I have a partner.
25434,A1,everyday,4.000,5,3,4,,0,Natural location sentence; moderate utility.,She is downstairs.
21874,A1,everyday,4.000,5,3,4,,0,"Natural, though mouse can mean animal or device",Where is the mouse?
22165,A1,everyday,4.000,4,4,4,,0,Useful; minor spelling variant by region.,I help my neighbour.
7292,A1,everyday,4.000,5,3,4,,0,Natural informal phrase; decent everyday usefulness.,My backpack is a mess.
24124,A1,everyday,4.000,5,3,4,,0,Common phrase; mildly idiomatic but portable,She made a good point.
24684,A1,everyday,4.000,5,3,4,,0,Natural farewell phrase; moderate utility.,It's time to say goodbye.
18285,A1,everyday,4.000,5,3,4,,0,Natural but somewhat niche to caregivers,Where is the baby’s bottle?
20218,A1,everyday,4.000,5,3,4,,0,Natural family phrase; proper noun role is generic enough,Did you say bye to Grandma?
21590,A1,everyday,4.000,5,3,4,,0,Natural; second sentence adds nuance.,She wants a book. Any book will do.
21100,A1,everyday,4.000,4,4,4,,0,Useful restaurant request; slightly culture-bound waiter,"Hey, waiter, can we have some bread?"
20215,A1,everyday,4.100,5,4,5,23187,1,Near-duplicate farewell; keep fuller variant or one only,Bye!
23619,A1,everyday,4.100,5,4,5,26827,1,Natural but near-duplicate of another exercise question,Do you run?
24378,A1,everyday,4.100,5,4,5,24336,1,Near-duplicate with intensified cold sentence,It is cold.
24379,A1,everyday,4.100,5,4,5,24460,1,Near-duplicate of more specific 'outside' form,Is it cold?
25285,A1,everyday,4.100,5,4,5,21932,1,Near-duplicate of 'I see you' with broader object,I see them.
22528,A1,everyday,4.100,5,4,5,23346,1,Natural but one of many templated color-preference variants,I like pink.
24253,A1,everyday,4.100,5,4,5,25748,1,Generic praise; near-duplicate sentiment,That's great!
24255,A1,everyday,4.100,5,4,5,24344,1,Near-duplicate general positive feeling,I feel great.
22534,A1,everyday,4.100,5,4,5,24365,1,Near-duplicate of television on/off skeleton,The TV is off.
22575,A1,everyday,4.100,5,4,5,25773,1,Near-duplicate distinguished only by 'now',Come home now.
26059,A1,everyday,4.100,5,4,5,25669,1,Near-duplicate of 'It's too hot.',It's very hot.
26398,A1,everyday,4.100,5,4,5,24187,1,Templated duplicate of same request pattern.,Pass the salt.
21709,A1,everyday,4.100,5,4,5,26600,1,Near-duplicate of singular key sentence,I lost my keys.
21833,A1,everyday,4.100,5,4,5,22139,1,"Useful, but one of many trivial pronoun variants.",Give it to him.
24978,A1,everyday,4.100,5,4,5,26195,1,Keep one; this is close to 'Think about this.',Think about it.
25263,A1,everyday,4.100,5,4,5,22294,1,Templated padding in drink skeleton set.,I drink coffee.
25802,A1,everyday,4.100,5,4,5,26741,1,Near-duplicate communication-check style item,Can you see me?
25805,A1,everyday,4.100,5,4,5,25974,1,Near-duplicate of broad 'I don't see anything' set.,I don't see it.
25901,A1,everyday,4.100,5,4,5,25923,1,"Natural, but duplicate day-of-week template.",Is it Thursday?
11437,A1,everyday,4.100,5,4,5,3113,1,Named-entity duplicate of same intro pattern.,My name is Anna.
22302,A1,everyday,4.100,5,4,5,24647,1,Near-duplicate of same one; keep only one,I want the same.
22932,A1,everyday,4.100,5,4,5,25740,1,Templated imperative; redundant with same pattern,Open the bottle.
23912,A1,everyday,4.100,5,4,5,22875,1,Natural but near-duplicate of 'I need a moment.',I need a second.
24016,A1,everyday,4.100,5,4,5,5967,1,Useful but near-duplicate of fuller find-request variant,Can you find it?
24215,A1,everyday,4.100,5,4,5,26242,1,"Usable, but still templated among many touch commands.",Touch your nose.
25441,A1,everyday,4.100,5,4,5,11437,1,Named-entity duplicate of same intro pattern.,My name is Alex.
25746,A1,everyday,4.100,5,4,5,23631,1,Near-duplicate of another standard closing,Have a nice day.
26315,A1,everyday,4.100,5,4,5,25399,1,Templated day-of-week variant; keep one only.,Is today Sunday?
21586,A1,everyday,4.100,5,4,5,23010,1,Near-duplicate opposite-adjective test sentence,The test is easy.
22437,A1,everyday,4.100,5,4,5,25188,1,Near-duplicate of more common 'When do we start?',When do we begin?
23380,A1,everyday,4.100,5,4,5,25359,1,Near-duplicate of more basic high-value phrase.,I don't know why.
23713,A1,everyday,4.100,5,4,5,25642,1,"Useful, but near-duplicate with local bus variant",Where is the bus?
23814,A1,everyday,4.100,5,4,5,22185,1,"Good sentence, but duplicate of 'Is no one coming?'.",Is nobody coming?
24010,A1,everyday,4.100,5,4,5,22082,1,Near-duplicate greeting with different opener,"Hey, how are you?"
24062,A1,everyday,4.100,5,4,5,22465,1,Useful but near-duplicate of cat-feeding command.,Feed the dog now.
25833,A1,everyday,4.100,5,4,5,24962,1,Near-duplicate of another food request,I want more food.
26062,A1,everyday,4.100,5,4,5,24253,1,Generic praise; near-duplicate sentiment,That's very good!
26607,A1,everyday,4.100,5,4,5,23708,1,"Fine, but templated ownership padding.",Is that your pen?
21585,A1,everyday,4.100,5,4,5,24092,1,Near-duplicate of exam sentence.,I passed the test.
21655,A1,everyday,4.100,5,4,5,22599,1,Near-duplicate with stronger fear sentence.,She hates spiders.
24004,A1,everyday,4.100,5,4,5,25740,1,Templated imperative variant,Open the door now.
25284,A1,everyday,4.100,5,4,5,24344,1,Near-duplicate of broader 'I feel good.',I feel good today.
25332,A1,everyday,4.100,5,4,5,22875,1,Natural but close duplicate of 'I need a moment.',I need one minute.
25900,A1,everyday,4.100,5,4,5,22039,1,"Useful, but one of many trivial weekday variants.",Today is Thursday.
22087,A1,everyday,4.100,5,4,5,22904,1,Near-duplicate with dirty clothing pattern,My shoes are dirty.
25040,A1,everyday,4.100,5,4,5,24780,1,Near-duplicate of broader emotion phrase,I feel happy today.
17382,A1,everyday,4.100,5,4,5,26968,1,Near-duplicate of 'I am busy today.',I am busy this week.
23040,A1,everyday,4.100,5,4,5,26521,1,Near-duplicate lost-item pattern,She lost her ticket.
23627,A1,everyday,4.100,5,4,5,25280,1,Natural but near-duplicate weather/day statement pattern.,Today is a nice day.
23985,A1,everyday,4.100,5,4,5,25992,1,Near-duplicate of 'Can you help me?',Can you please help?
24647,A1,everyday,4.100,5,4,5,22302,1,Near-duplicate of the same; redundant,I want the same one.
26008,A1,everyday,4.100,5,4,5,24781,1,Near-duplicate of 'How do you feel?',How are you feeling?
22157,A1,everyday,4.100,5,4,5,11793,1,Exact duplicate of another item except punctuation.,Thanks for your help.
22212,A1,everyday,4.100,5,4,5,22215,1,Near-duplicate correction phrase.,Your answer is wrong.
24365,A1,everyday,4.100,5,4,5,22534,1,Near-duplicate of TV on/off skeleton,The television is on.
14023,A1,everyday,4.100,5,4,5,25819,1,Good phrase but near-duplicate bring-request pattern,Can you bring it here?
21754,A1,everyday,4.100,5,4,5,24393,1,Near-duplicate of pizza preference with minor intensifier,I like pizza the most.
21861,A1,everyday,4.100,5,4,5,24301,1,Near-duplicate of 'That's half price.',That's half the price.
23353,A1,everyday,4.100,5,4,5,23479,1,Natural but one of many trivial want+food variants,Do you want an orange?
25397,A1,everyday,4.100,5,4,5,26538,1,Useful but near-duplicate of meeting starts soon.,The match starts soon.
9798,A1,everyday,4.100,5,4,5,25664,1,Natural but near-duplicate of 'Let's take a break.',Let’s take a break now.
24640,A1,everyday,4.100,5,4,5,12452,1,Near-duplicate with more concrete soup example,That smell is terrible.
26753,A1,everyday,4.100,5,4,5,23081,1,Near-duplicate wake-up time variant,I wake up before seven.
23768,A1,everyday,4.100,5,4,5,26822,1,Near-duplicate; keep simpler 'any money' version.,I don't have much money.
26954,A1,everyday,4.100,5,4,5,23724,1,Useful but near-duplicate of another reassurance phrase.,Everything is all right.
26365,A1,everyday,4.100,5,4,5,22285,1,Good phrase but duplicate of 'Cross the street carefully',Cross the road carefully.
460,A1,everyday,4.100,5,4,5,26954,1,Good phrase but redundant with shorter variant.,Everything is all right now.
25176,A1,everyday,4.100,5,4,5,22992,1,Only changes color word; templated duplicate.,My favourite colour is green.
20143,A1,everyday,4.100,5,4,5,10205,1,Near-duplicate spill sentence; same core pattern,I spilled milk on the kitchen floor!
20964,A1,everyday,4.100,5,4,5,26508,1,Useful but duplicative beside simpler 'I will call you'.,I will call you at seven o’clock tonight.
25773,A1,everyday,4.100,5,4,5,22575,0,Common and reusable,Come home.
26162,A1,everyday,4.100,5,4,5,26499,0,Very common response; simple and reusable,I am fine.
26800,A1,everyday,4.100,5,4,5,21829,0,"Very common, natural, and broadly useful",I see her.
24503,A1,everyday,4.100,5,4,5,26005,0,Very standard physical description,He is tall.
22660,A1,everyday,4.100,5,4,5,23077,0,Basic age-related description; broadly reusable,He is young.
22159,A1,everyday,4.100,5,4,5,26202,0,Common gratitude phrase.,Thanks a lot.
24179,A1,everyday,4.100,5,4,5,22272,0,Common descriptive adjective; broadly useful,He is strong.
21633,A1,everyday,4.100,5,4,5,24051,0,Natural cooking instruction,Cook the eggs.
21933,A1,everyday,4.100,5,4,5,5761,0,"Common and useful, though close to 'I'm leaving now'.",I'm going now.
23029,A1,everyday,4.100,5,4,5,22901,0,Natural everyday shopping phrase.,Buy new jeans.
23170,A1,everyday,4.100,5,4,5,22841,0,Simple and practical.,We need bread.
23682,A1,everyday,4.100,5,4,5,24590,0,Very common and reusable confirmation,You are right.
24051,A1,everyday,4.100,5,4,5,21633,0,Natural cooking instruction,Cook the rice.
24251,A1,everyday,4.100,5,4,5,24340,0,Natural positive evaluation; distinct enough from 'good'.,This is great.
23628,A1,everyday,4.100,5,4,5,25281,0,Very common question about weekday/date,What day is it?
26202,A1,everyday,4.100,5,4,5,22159,0,Common gratitude phrase; slight variant worth keeping.,Thanks so much!
26940,A1,everyday,4.100,5,4,5,22588,0,Common appearance-based judgment phrase,He looks angry.
5761,A1,everyday,4.100,5,4,5,21933,0,Common departure phrase; slightly stronger than 'I'm going now'.,I'm leaving now.
21609,A1,everyday,4.100,5,4,5,26724,0,Natural and common food preference sentence.,I like tomatoes.
22368,A1,everyday,4.100,5,4,5,24395,0,Simple preference sentence; useful pattern,He likes apples.
22572,A1,everyday,4.100,5,4,5,25520,0,Natural and useful for identifying where one lives.,This is my home.
22725,A1,everyday,4.100,5,4,5,24380,0,Useful everyday description.,The soup is hot.
22875,A1,everyday,4.100,5,4,5,23912,0,Very natural request for time; common in conversation.,I need a moment.
23631,A1,everyday,4.100,5,4,5,25746,0,Common polite closing,Have a good day.
23776,A1,everyday,4.100,5,4,5,22377,0,"Natural, modern media phrase.",I read the news.
24588,A1,everyday,4.100,5,4,5,19500,0,Broadly useful and very natural,Is this correct?
21959,A1,everyday,4.100,5,4,5,22116,0,Very natural modern phrasing.,Take a photo now.
22515,A1,everyday,4.100,5,4,5,23968,0,Natural and useful invitation,Come to my house.
23704,A1,everyday,4.100,5,4,5,21736,0,Natural and broadly useful residence/location phrase.,This is my place.
24380,A1,everyday,4.100,5,4,5,22725,0,Useful complaint/request context.,The soup is cold.
24420,A1,everyday,4.100,5,4,5,25639,0,Common daily-action phrase.,She takes a bath.
25038,A1,everyday,4.100,5,4,5,22842,0,Natural grocery phrase; broadly useful.,Buy some chicken.
25520,A1,everyday,4.100,5,4,5,22572,0,Natural and useful; distinct from 'home' nuance.,This is my house.
25639,A1,everyday,4.100,5,4,5,24420,0,Common daily-action phrase.,She takes a walk.
22134,A1,everyday,4.100,5,4,5,25443,0,"Basic, natural, and broadly reusable.",We live in a city.
22327,A1,everyday,4.100,5,4,5,25477,0,Simple and broadly useful placement command.,Put the book here.
22607,A1,everyday,4.100,5,4,5,25179,0,"Broadly useful instruction, very clean translation",Choose your color.
22675,A1,everyday,4.100,5,4,5,25533,0,Common skill statement.,I play the guitar.
23626,A1,everyday,4.100,5,4,5,25697,0,Common birthday/age expression; very usable,He is forty today.
24546,A1,everyday,4.100,5,4,5,22842,0,Natural grocery phrase; broadly useful.,Buy some potatoes.
24713,A1,everyday,4.100,5,4,5,24711,0,Very common confirmation phrase,"Yes, that's right."
25143,A1,everyday,4.100,5,4,5,24369,0,Natural device command with decent reuse.,Turn on the radio.
23946,A1,everyday,4.100,5,4,5,23514,0,Natural relationship sentence; relevant for learners,He is my boyfriend.
25265,A1,everyday,4.100,5,4,5,22640,0,"Natural, reusable opinion statement",Coffee tastes good.
25988,A1,everyday,4.100,5,4,5,23299,0,Natural and useful follow-up question.,Are you still here?
21975,A1,everyday,4.100,5,4,5,26961,0,Natural common cleaning command,Clean the floor now.
22796,A1,everyday,4.100,5,4,5,22451,0,Natural and useful study/routine sentence.,I practice every day.
23778,A1,everyday,4.100,5,4,5,22325,0,Common media-consumption sentence.,She watches the news.
23986,A1,everyday,4.100,5,4,5,17800,0,Classic simple dining request,Please pass the salt.
24558,A1,everyday,4.100,5,4,5,24555,0,Common household description,The kitchen is clean.
26948,A1,everyday,4.100,5,4,5,23914,0,"Very common, clear, and reusable.",This is the last one.
21926,A1,everyday,4.100,5,4,5,26376,0,Natural and broadly useful.,We need a lot of help.
23858,A1,everyday,4.100,5,4,5,23100,0,Common attendance/status statement with clear meaning.,Everybody is here now.
26961,A1,everyday,4.100,5,4,5,23678,0,Common household command with good reuse,Clean the bedroom now.
16801,A1,everyday,4.100,5,4,5,24709,0,Very natural agreement phrase,"Yeah, I agree with you."
23914,A1,everyday,4.100,5,4,5,26948,0,Very natural and useful for ordering items.,This is the second one.
26448,A1,everyday,4.100,5,4,5,23302,0,Useful in restaurants/cafeterias; clear wording,Here is the lunch menu.
25483,A1,everyday,4.100,5,4,5,23914,0,"Natural, concrete, and learner-friendly.",This is the second book.
26679,A1,everyday,4.100,5,4,5,22733,0,Common shopping phrase; specific but useful.,Buy fruit at the market.
23692,A1,everyday,4.100,5,4,5,25426,0,Natural meal-planning phrase; more common than lunch tomorrow.,Let's eat dinner tonight.
25697,A1,everyday,4.100,5,4,5,23626,0,Standard age sentence; very clear and reusable,He is nineteen years old.
25072,A1,everyday,4.100,5,4,5,21531,0,Very common real-world request,Please fill out this form.
25764,A1,everyday,4.100,5,4,5,22993,0,Natural and useful preference statement.,This is my favourite song.
21317,A1,everyday,4.100,5,4,5,22084,0,Natural everyday action.,She waved and said goodbye.
23411,A1,everyday,4.100,5,4,5,23410,0,Very natural and broadly useful.,This is the final decision.
25078,A1,everyday,4.100,5,4,5,22733,0,Everyday shopping sentence; clear context.,Buy milk at the supermarket.
24229,A1,everyday,4.100,5,4,5,23531,0,Useful travel scheduling sentence,The train arrives at midnight.
461,A1,everyday,4.100,5,4,5,26163,0,"Polite, common wellness check.",Are you feeling all right today?
17800,A1,everyday,4.100,5,4,5,23986,0,Natural polite request around food,Please add a little salt to the soup.
22814,A1,everyday,4.200,5,3,5,,1,Natural but generic templated shopping padding,I buy new clothes.
25240,A1,everyday,4.200,5,3,5,,1,Exact duplicate appears elsewhere in batch,I eat when I'm hungry.
22044,A1,everyday,4.200,4,4,5,,0,"Natural, common imperative; broadly useful.",Stop now.
21929,A1,everyday,4.200,5,3,5,,0,"Simple descriptive sentence, broadly translatable",I am tall.
23298,A1,everyday,4.200,5,3,5,,0,Short and common location/presence statement,I am here.
22138,A1,everyday,4.200,5,3,5,,0,"Basic location statement, reusable",It is here.
22523,A1,everyday,4.200,5,3,5,,0,Natural but somewhat limited everyday usefulness,He is poor.
23893,A1,everyday,4.200,5,3,5,,0,Natural basic descriptive sentence.,Tea is hot.
26379,A1,everyday,4.200,5,3,5,,0,Common return-status question.,Is he back?
26487,A1,everyday,4.200,5,3,5,,0,Simple dietary statement with reuse value,I eat meat.
22007,A1,everyday,4.200,5,3,5,,0,Simple object-use sentence,I use a pen.
22612,A1,everyday,4.200,4,4,5,,0,Natural and broadly useful transport phrase.,I go by bus.
22709,A1,everyday,4.200,4,4,5,,0,Common imperative in many contexts.,Get the key.
22838,A1,everyday,4.200,5,3,5,,0,Broad but natural; useful for simple preferences,I like food.
23545,A1,everyday,4.200,5,3,5,,0,Natural and clear; moderate reuse,"Yes, we can."
24662,A1,everyday,4.200,5,3,5,,0,Simple ability statement; useful for beginners,I can write.
24886,A1,everyday,4.200,5,3,5,,0,Natural simple command; moderate utility.,Take my bag.
25524,A1,everyday,4.200,5,3,5,,0,"Natural and clear, though very basic.",I like soup.
22175,A1,everyday,4.200,4,4,5,,0,"Short, common scheduling phrase.",We eat later.
22369,A1,everyday,4.200,5,3,5,,0,"Simple, natural descriptive sentence.",He runs fast.
23028,A1,everyday,4.200,5,3,5,,0,Natural clothing preference with moderate reuse,I like jeans.
23260,A1,everyday,4.200,5,3,5,,0,"Simple future form, useful and clear.",We will wait.
24059,A1,everyday,4.200,5,3,5,,0,Simple and natural,I have a dog.
24787,A1,everyday,4.200,5,3,5,,0,Short directional/action sentence; broadly clear.,He went left.
25063,A1,everyday,4.200,5,3,5,,0,Simple and natural,I have a cat.
25515,A1,everyday,4.200,5,3,5,,0,"Simple descriptive sentence, broadly clear",You are tall.
25804,A1,everyday,4.200,5,3,5,,0,"Simple, natural observation sentence.",We see stars.
26136,A1,everyday,4.200,4,4,5,,0,Very common and broadly reusable.,That is true.
26619,A1,everyday,4.200,5,3,5,,0,"Natural, simple invitation.",Sing with me.
22256,A1,everyday,4.200,5,3,5,,0,Natural and simple.,He fell again.
22431,A1,everyday,4.200,5,3,5,,0,"Natural and clear, though situational.",I go upstairs.
23075,A1,everyday,4.200,5,3,5,,0,Natural statement with moderate practical use,I am an adult.
24808,A1,everyday,4.200,5,3,5,,0,Natural and broadly understandable.,I like summer.
24811,A1,everyday,4.200,5,3,5,,0,Natural basic sentence; easy to translate.,Summer is hot!
25646,A1,everyday,4.200,5,3,5,,0,"Simple, natural classroom or craft command",Cut the paper.
26003,A1,everyday,4.200,5,3,5,,0,"Simple and natural, though generic.",Is this small?
26084,A1,everyday,4.200,5,3,5,,0,"Simple, natural emotion statement.",We feel happy.
26533,A1,everyday,4.200,5,3,5,,0,Natural though somewhat specific,Wake the baby.
26564,A1,everyday,4.200,5,3,5,,0,Basic clothing possession phrase,I have a coat.
26663,A1,everyday,4.200,4,4,5,,0,"Common, practical imperative.",Get ready now.
26698,A1,everyday,4.200,5,3,5,,0,Simple and natural imperative,Eat an orange.
26740,A1,everyday,4.200,5,3,5,,0,Natural basic perception sentence.,I hear a bird.
26811,A1,everyday,4.200,5,3,5,,0,Natural directional command,Come out here.
18725,A1,everyday,4.200,5,3,5,,0,Simple and broadly translatable.,My cup is full.
21554,A1,everyday,4.200,5,3,5,,0,Natural and clear; moderate reuse.,Swim every day.
21583,A1,everyday,4.200,5,3,5,,0,Natural and common in school/work contexts,Is this a test?
21656,A1,everyday,4.200,5,3,5,,0,Natural and easy to translate; moderate reuse.,Do you hate it?
21900,A1,everyday,4.200,5,3,5,,0,Simple and natural preference sentence,She likes cats.
22053,A1,everyday,4.200,5,3,5,,0,Very natural basic descriptive sentence.,Sugar is sweet.
22062,A1,everyday,4.200,5,3,5,,0,Basic object-and-color sentence; useful at beginner level.,The cup is red.
22490,A1,everyday,4.200,4,4,5,,0,Simple and useful everyday command.,Get some water.
22552,A1,everyday,4.200,5,3,5,,0,Natural imperative; moderate real-world use,Climb the tree.
22680,A1,everyday,4.200,5,3,5,,0,Natural preference statement,I enjoy coffee.
22710,A1,everyday,4.200,4,4,5,,0,Simple and reusable request,Can I get milk?
23383,A1,everyday,4.200,5,3,5,,0,Basic question form with broad reuse.,Why did you go?
23542,A1,everyday,4.200,5,3,5,,0,Natural short response with decent reuse,"Yes, I like it."
23897,A1,everyday,4.200,5,3,5,,0,"Simple, natural, broadly reusable fact",Winter is cold.
24162,A1,everyday,4.200,5,3,5,,0,Natural and fairly reusable,Once is enough.
25355,A1,everyday,4.200,5,3,5,,0,Useful simple command.,Paint the wall.
25652,A1,everyday,4.200,4,4,5,,0,Common simple imperative; broadly useful and clear.,Move the chair.
25675,A1,everyday,4.200,5,3,5,,0,Basic color question with clear beginner value.,Is this yellow?
25787,A1,everyday,4.200,4,4,5,,0,Common household phrase.,We make dinner.
25968,A1,everyday,4.200,4,4,5,,0,"Common, flexible request.",Make it better.
19275,A1,everyday,4.200,5,3,5,,0,Natural basic past-tense sentence.,I heard a sound.
21858,A1,everyday,4.200,5,3,5,,0,"Natural and concrete, though limited context",Is it half full?
22131,A1,everyday,4.200,5,3,5,,0,"Simple location sentence, broadly understandable",I am in the car.
22196,A1,everyday,4.200,5,3,5,,0,"Natural and clear, though child-specific",I share my toys.
22254,A1,everyday,4.200,5,3,5,,0,"Natural, reusable request phrase",I want it again.
22268,A1,everyday,4.200,5,3,5,,0,Natural and broadly understandable,The bed is soft.
22290,A1,everyday,4.200,5,3,5,,0,Natural command for music playback.,Play a song now.
22446,A1,everyday,4.200,5,3,5,,0,Natural and broadly understandable.,I like the town.
22466,A1,everyday,4.200,5,3,5,,0,"Natural, simple, and broadly understandable.",My cat is black.
22734,A1,everyday,4.200,5,3,5,,0,Natural and easy to translate.,I like the pool.
22959,A1,everyday,4.200,5,3,5,,0,Natural and reusable basic phrase.,This hat is new.
23452,A1,everyday,4.200,5,3,5,,0,Natural and easy to translate.,We prefer fruit.
23557,A1,everyday,4.200,5,3,5,,0,Natural and broadly understandable.,I love to drive!
24494,A1,everyday,4.200,5,3,5,,0,"Simple and natural, though basic",Drink the juice.
24729,A1,everyday,4.200,5,3,5,,0,Natural leisure phrase with moderate utility.,Let's fly kites.
24755,A1,everyday,4.200,5,3,5,,0,Natural simple food-description sentence.,Pepper is spicy.
24961,A1,everyday,4.200,5,3,5,,0,Simple statement learners may actually use.,Email is useful.
25043,A1,everyday,4.200,5,3,5,,0,Simple and natural health suggestion,Eat fruit today.
25187,A1,everyday,4.200,4,4,5,,0,Common for work or school schedules,I start at nine.
25320,A1,everyday,4.200,5,3,5,,0,Clear and easy to translate.,He eats quickly.
25390,A1,everyday,4.200,5,3,5,,0,Simple and broadly useful descriptive sentence.,The city is big.
25734,A1,everyday,4.200,5,3,5,,0,"Simple reassuring phrase, reusable",It's just water.
25795,A1,everyday,4.200,5,3,5,,0,Natural for pets/objects; moderate reuse.,Its name is Max.
26154,A1,everyday,4.200,5,3,5,,0,Natural and broadly understandable.,Shopping is fun.
26308,A1,everyday,4.200,4,4,5,,0,Common cafe or home question,Do you have tea?
26318,A1,everyday,4.200,5,3,5,,0,Natural age-group statement; moderate use,I am a teenager.
26605,A1,everyday,4.200,5,3,5,,0,Very natural and easy to translate.,Sheep eat grass.
26606,A1,everyday,4.200,4,4,5,,0,Basic possession phrase learners can reuse.,That is my book.
26685,A1,everyday,4.200,5,3,5,,0,"Simple, natural, and reusable",The room is big.
26744,A1,everyday,4.200,5,3,5,,0,"Natural, though somewhat situational.",I hear the bell.
26796,A1,everyday,4.200,5,3,5,,0,Natural skill statement with some reuse,I can swim well.
26943,A1,everyday,4.200,5,3,5,,0,Natural; moderately useful daily-routine question,When do you eat?
10593,A1,everyday,4.200,5,3,5,,0,Natural and situationally useful.,My jeans are wet.
22278,A1,everyday,4.200,5,3,5,,0,Basic color sentence,The cat is black.
22402,A1,everyday,4.200,5,3,5,,0,Natural simple opinion sentence,The cafe is nice.
22579,A1,everyday,4.200,5,3,5,,0,Natural and easy to translate.,I lie on the bed.
22952,A1,everyday,4.200,4,4,5,,0,Common and clear for queues or waiting.,The line is long.
23231,A1,everyday,4.200,5,3,5,,0,Natural basic direction phrase,East is that way.
23302,A1,everyday,4.200,4,4,5,,0,Useful basic presentational sentence,Here is the book.
23453,A1,everyday,4.200,5,3,5,,0,Natural preference statement.,She prefers cats.
23454,A1,everyday,4.200,5,3,5,,0,"Natural and clear, if slightly narrow.",I prefer walking.
23655,A1,everyday,4.200,5,3,5,,0,Basic but serviceable quantity phrase; anchor for bird variants,I see some birds.
23832,A1,everyday,4.200,5,3,5,,0,Natural though somewhat situational.,Is your hair wet?
23870,A1,everyday,4.200,5,3,5,,0,Basic adjective question; keep one car-color form.,Is your car grey?
23964,A1,everyday,4.200,5,3,5,,0,Basic descriptive sentence.,Our house is big.
24182,A1,everyday,4.200,5,3,5,,0,"Natural and clear, moderate utility.",She feels strong.
24335,A1,everyday,4.200,4,4,5,,0,Natural basic question; useful for identifying objects.,"So, what is that?"
24443,A1,everyday,4.200,5,3,5,,0,Simple descriptive sentence with some reuse,You are friendly.
24721,A1,everyday,4.200,5,3,5,,0,Simple and broadly understandable,I sit on a chair.
24867,A1,everyday,4.200,5,3,5,,0,Natural and broadly understandable living situation,I live on a farm.
25162,A1,everyday,4.200,5,3,5,,0,"Simple directional sentence, useful in context.",West is that way.
25389,A1,everyday,4.200,5,3,5,,0,"Simple, natural place-of-living statement",I live in a city.
25547,A1,everyday,4.200,5,3,5,,0,"Natural and clear, though a bit generic.",I love my family!
25557,A1,everyday,4.200,5,3,5,,0,Simple habit statement,I swim sometimes.
25605,A1,everyday,4.200,5,3,5,,0,Natural habitual-action sentence,She laughs a lot.
25739,A1,everyday,4.200,5,3,5,,0,Natural simple object-location question,Where is the box?
25793,A1,everyday,4.200,5,3,5,,0,Natural and adaptable for object descriptions,I like its shape.
26374,A1,everyday,4.200,5,3,5,,0,Natural household or parenting command,Eat all the food.
26427,A1,everyday,4.200,4,4,5,,0,Natural and broadly useful transport phrase,I ride the train.
26566,A1,everyday,4.200,5,3,5,,0,Natural and practical clothing description.,The coat is warm.
26642,A1,everyday,4.200,5,3,5,,0,Natural hobby statement.,I paint pictures.
26730,A1,everyday,4.200,4,4,5,,0,Clear and practical basic action sentence.,I give you a pen.
26742,A1,everyday,4.200,5,3,5,,0,Natural and simple present-tense sentence.,I hear music now.
15197,A1,everyday,4.200,5,3,5,,0,Simple and natural basic description,Her bag is yellow.
21810,A1,everyday,4.200,5,3,5,,0,Natural and reasonably useful,Eat a few cookies.
22051,A1,everyday,4.200,4,4,5,,0,Common household or cafe request,Do you have sugar?
22434,A1,everyday,4.200,5,3,5,,0,Natural and clear for everyday movement,Let's go upstairs.
22781,A1,everyday,4.200,5,3,5,,0,"Simple, natural descriptive sentence.",That house is old.
22803,A1,everyday,4.200,5,3,5,,0,Natural hobby statement,She likes to sing.
22813,A1,everyday,4.200,5,3,5,,0,Natural household routine phrase,I fold my clothes.
22843,A1,everyday,4.200,5,3,5,,0,Simple leisure activity statement; natural.,He watches tennis.
22898,A1,everyday,4.200,5,3,5,,0,Natural and clear seating/location phrase.,She sits near him.
23022,A1,everyday,4.200,4,4,5,,0,Common request with good modern utility,Write me an email.
23392,A1,everyday,4.200,5,3,5,,0,Simple and reusable in daily situations.,The sound is loud.
23463,A1,everyday,4.200,5,3,5,,0,"Natural, though somewhat specific.",She rides a horse.
23786,A1,everyday,4.200,5,3,5,,0,Natural and practical food request,I want a sandwich.
23816,A1,everyday,4.200,5,3,5,,0,Natural statement pattern,Nobody knows that.
23822,A1,everyday,4.200,5,3,5,,0,Natural exclamation about travel or outing.,What a great trip!
24125,A1,everyday,4.200,5,3,5,,0,"Clear, simple imperative.",Point to the door.
24318,A1,everyday,4.200,5,3,5,,0,Common and practical statement about timekeeping.,The clock is slow.
24477,A1,everyday,4.200,5,3,5,,0,"Natural, though a bit child-context specific",Where is the ball?
24493,A1,everyday,4.200,5,3,5,,0,"Natural and clear, though basic drink-choice template",Do you want juice?
24772,A1,everyday,4.200,5,3,5,,0,"Natural, simple, and reusable in daily contexts",Is the water warm?
24862,A1,everyday,4.200,5,3,5,,0,"Natural, flexible across contexts.",I like the design.
25235,A1,everyday,4.200,4,4,5,,0,Natural habit question with clear meaning,Do you walk daily?
25369,A1,everyday,4.200,4,4,5,,0,Common household action.,She washes dishes.
25690,A1,everyday,4.200,5,3,5,,0,Natural question in family/safety contexts.,Where is your son?
26406,A1,everyday,4.200,5,3,5,,0,"Natural reaction phrase, moderately useful.","Well, that's good."
26447,A1,everyday,4.200,5,3,5,,0,Natural and reasonably useful,We also have dogs.
26569,A1,everyday,4.200,4,4,5,,0,Natural and reusable suggestion prompt,What about dinner?
26674,A1,everyday,4.200,5,3,5,,0,"Natural phrase, though less essential for beginners.",I need a vacation.
26766,A1,everyday,4.200,5,3,5,,0,"Simple and natural, moderate utility",The baby is quiet.
26898,A1,everyday,4.200,5,3,5,,0,Natural everyday want-expression.,We want ice cream.
20137,A1,everyday,4.200,5,3,5,,0,Very natural and easy to translate.,The cat likes milk.
21849,A1,everyday,4.200,5,3,5,,0,Clear and reusable habit statement,I follow a routine.
22059,A1,everyday,4.200,5,3,5,,0,Natural; useful in shopping/tasks/meetings contexts,What's on the list?
22646,A1,everyday,4.200,5,3,5,,0,"Natural and clear, though specific.",My husband is here.
22973,A1,everyday,4.200,5,3,5,,0,"Simple and clear, moderate reuse",The airport is big.
23100,A1,everyday,4.200,5,3,5,,0,Common simple sentence; broadly understandable and useful.,Everyone goes home.
23118,A1,everyday,4.200,5,3,5,,0,Useful interface/instructional phrase.,See the text below.
23174,A1,everyday,4.200,5,3,5,,0,Natural cooking command with decent reuse,Chop the onion now.
23306,A1,everyday,4.200,5,3,5,,0,Natural simple description; moderate reuse.,My brother is tall.
23355,A1,everyday,4.200,5,3,5,,0,"Simple, natural taste statement.",Oranges taste good.
23560,A1,everyday,4.200,5,3,5,,0,Natural day-check question,Is it Monday today?
23661,A1,everyday,4.200,4,4,5,,0,Natural and useful for basic spatial talk,What is behind you?
23859,A1,everyday,4.200,5,3,5,,0,"Simple, common statement with decent reuse.",Everybody is happy.
24061,A1,everyday,4.200,5,3,5,,0,"Simple and clear, though situational",Do you see the dog?
24113,A1,everyday,4.200,5,3,5,,0,Natural direction phrase; reasonably useful.,Take the main path.
24186,A1,everyday,4.200,5,3,5,,0,Natural request/availability question.,Do you have butter?
24446,A1,everyday,4.200,5,3,5,,0,"Natural and clear, though fairly limited reuse.",My cat is friendly.
24692,A1,everyday,4.200,5,3,5,,0,"Natural, though somewhat situational",Can you decide now?
25047,A1,everyday,4.200,5,3,5,,0,Natural offer/instruction; moderate utility.,Take a few oranges.
25231,A1,everyday,4.200,5,3,5,,0,Natural household instruction,Eat in the kitchen.
25730,A1,everyday,4.200,5,3,5,,0,Natural with child/art context; clear meaning.,Look at my drawing!
25947,A1,everyday,4.200,5,3,5,,0,Natural location statement; moderately useful.,We keep books here.
26143,A1,everyday,4.200,5,3,5,,0,Natural and broadly usable,She likes to laugh.
26285,A1,everyday,4.200,5,3,5,,0,"Simple, natural descriptive sentence.",That bird is small.
26327,A1,everyday,4.200,5,3,5,,0,Natural everyday statement,She likes to relax.
26443,A1,everyday,4.200,5,3,5,,0,Natural simple preference addition,I also like apples.
26886,A1,everyday,4.200,5,3,5,,0,Basic age pattern worth keeping once,I am ten years old.
14284,A1,everyday,4.200,5,3,5,,0,Simple descriptive pattern learners can reuse.,That apple is green.
18279,A1,everyday,4.200,5,3,5,,0,"Natural and clear, moderate reuse",The baby is smiling.
21599,A1,everyday,4.200,5,3,5,,0,Natural and welcoming; keep contracted form only.,You're welcome here.
21665,A1,everyday,4.200,5,3,5,,0,"Natural retail/clothing question, if a bit narrow.",Is this skirt short?
21712,A1,everyday,4.200,5,3,5,,0,"Natural and clear, moderate reuse.",We might lose today.
21738,A1,everyday,4.200,5,3,5,,0,"Natural and clear, though somewhat basic/descriptive.",My apartment is big.
22463,A1,everyday,4.200,5,3,5,,0,Very natural simple present-progressive sentence.,The cat is sleeping.
22699,A1,everyday,4.200,5,3,5,,0,"Natural, though somewhat situational.",Is that your father?
22752,A1,everyday,4.200,5,3,5,,0,"Natural and clear, though somewhat generic.",This tool is useful.
22808,A1,everyday,4.200,5,3,5,,0,"Natural and clear, though somewhat situational.",We travel in August.
22836,A1,everyday,4.200,5,3,5,,0,Specific but still practical travel phrase.,Pay the taxi driver.
23074,A1,everyday,4.200,5,3,5,,0,Natural transition-to-adulthood sentence.,She is an adult now.
23378,A1,everyday,4.200,5,3,5,,0,Natural and easy to translate.,Why is she laughing?
23538,A1,everyday,4.200,4,4,5,,0,Natural warning/instruction; broadly useful.,Look behind you now.
23923,A1,everyday,4.200,5,3,5,,0,"Clear, natural imperative.",Paint the door blue.
24206,A1,everyday,4.200,5,3,5,,0,"Clear, natural, and broadly translatable.",My dog hurt its leg.
24483,A1,everyday,4.200,5,3,5,,0,Natural and clear physical instruction,Go through the door.
24690,A1,everyday,4.200,5,3,5,,0,Natural complaint; decent reuse.,This is a long wait.
24968,A1,everyday,4.200,5,3,5,,0,"Useful, clear quantity statement in many contexts.",Enough for everyone.
25071,A1,everyday,4.200,5,3,5,,0,Clear basic action sentence.,He fills the bottle.
25101,A1,everyday,4.200,5,3,5,,0,Clear directional instruction,Walk past the house.
25444,A1,everyday,4.200,5,3,5,,0,Natural and broadly translatable rural-living sentence,I live in a village.
25489,A1,everyday,4.200,5,3,5,,0,Natural and clear direction phrase,Go under the bridge.
25619,A1,everyday,4.200,5,3,5,,0,"Natural and simple, if somewhat limited.",Who wants ice cream?
25658,A1,everyday,4.200,5,3,5,,0,Natural food-order phrase,I want extra cheese.
25683,A1,everyday,4.200,5,3,5,,0,Useful school/travel vocabulary,I have a dictionary.
25715,A1,everyday,4.200,5,3,5,,0,Natural emotion sentence; keep one happy variant,She is really happy.
26334,A1,everyday,4.200,5,3,5,,0,Natural future statement; somewhat generic.,It will happen soon.
26825,A1,everyday,4.200,4,4,5,,0,Useful classroom/workplace question,Any questions today?
26878,A1,everyday,4.200,4,4,5,,0,"Simple, clear, broadly useful question",What animal is that?
20675,A1,everyday,4.200,5,3,5,,0,Natural simple exclamation.,What a lovely flower!
21525,A1,everyday,4.200,5,3,5,,0,"Natural and understandable, if somewhat specific.",Do you eat breakfast?
22002,A1,everyday,4.200,5,3,5,,0,"Natural, common relationship sentence.",I love my girlfriend.
22571,A1,everyday,4.200,4,4,5,,0,"Natural, practical statement about schedule duration.",My break is one hour.
22892,A1,everyday,4.200,5,3,5,,0,"Natural, concrete sentence",She ate half the pie.
23312,A1,everyday,4.200,5,3,5,,0,"Simple, clear sentence pattern",Each child has a toy.
23534,A1,everyday,4.200,4,4,5,,0,Useful transit sentence,The bus arrives soon.
23672,A1,everyday,4.200,5,3,5,,0,Natural color fact for beginners,The carrot is orange.
23837,A1,everyday,4.200,5,3,5,,0,"Natural and clear, though somewhat generic.",He bought a painting.
23949,A1,everyday,4.200,5,3,5,,0,Natural relationship statement with decent everyday use.,My boyfriend is nice.
24096,A1,everyday,4.200,5,3,5,,0,Natural search/instruction phrase.,Look under the chair.
24288,A1,everyday,4.200,4,4,5,,0,Basic self-description learners can reuse.,My hobby is swimming.
24321,A1,everyday,4.200,4,4,5,,0,Useful household request; minor missing comma only.,Set the clock please.
24872,A1,everyday,4.200,5,3,5,,0,"Simple food statement, more specific than template",I eat rice and beans.
25116,A1,everyday,4.200,5,3,5,,0,Natural habitual-action sentence,They dance every day.
25145,A1,everyday,4.200,5,3,5,,0,Natural and usable for discussing places,Do you like the park?
25228,A1,everyday,4.200,5,3,5,,0,Useful basic calendar fact for beginners.,February has 28 days.
25552,A1,everyday,4.200,5,3,5,,0,Natural request with moderate reuse value,I want another apple.
25634,A1,everyday,4.200,5,3,5,,0,Natural offer/invitation phrase.,Please take a cookie.
26024,A1,everyday,4.200,5,3,5,,0,Simple and clear descriptive pattern.,That elephant is big.
26046,A1,everyday,4.200,5,3,5,,0,Natural everyday instruction.,Put ice in the glass.
26168,A1,everyday,4.200,5,3,5,,0,Simple and more natural than big mountain.,The mountain is high.
26190,A1,everyday,4.200,5,3,5,,0,Natural descriptive sentence.,Six birds are flying.
26463,A1,everyday,4.200,5,3,5,,0,Basic time-telling sentence,It is twelve o'clock.
26638,A1,everyday,4.200,5,3,5,,0,Useful basic comparison structure,I am taller than you.
26917,A1,everyday,4.200,5,3,5,,0,"Simple, common counting sentence.",There are three cats.
9491,A1,everyday,4.200,5,3,5,,0,"Natural and simple, if somewhat limited.",I have some chocolate.
15249,A1,everyday,4.200,5,3,5,,0,Natural past-tense meeting sentence.,We met at the station.
21923,A1,everyday,4.200,5,3,5,,0,Natural queue-related phrase,She is second in line.
22126,A1,everyday,4.200,5,3,5,,0,Natural and broadly understandable,I have a lot of water.
22388,A1,everyday,4.200,5,3,5,,0,Clear future-oriented phrase,I wait until tomorrow.
22548,A1,everyday,4.200,5,3,5,,0,"Natural, though family-specific.",Let's visit my cousin.
22940,A1,everyday,4.200,5,3,5,,0,Natural and clear safety warning,Don't touch the snake.
23334,A1,everyday,4.200,4,4,5,,0,Natural shopping question; useful,Is that bag expensive?
23950,A1,everyday,4.200,5,3,5,,0,Common personal-life statement,She met her boyfriend.
25068,A1,everyday,4.200,5,3,5,,0,"Natural, if somewhat specific household phrase",Can you fill this cup?
25120,A1,everyday,4.200,5,3,5,,0,Simple identification phrase,It's a birthday party.
25122,A1,everyday,4.200,5,3,5,,0,Natural time statement for events.,Party starts at seven.
25139,A1,everyday,4.200,5,3,5,,0,Natural sentence; medium utility as radio is still common enough,I listen to the radio.
25791,A1,everyday,4.200,5,3,5,,0,"Natural, clear, and easy to translate.",The dog wags its tail.
26503,A1,everyday,4.200,5,3,5,,0,"Natural, though slightly generic and narrow",I like pretty flowers.
26844,A1,everyday,4.200,5,3,5,,0,Simple quantity phrase; acceptable utility,I have a lot of books.
2605,A1,everyday,4.200,5,3,5,,0,Natural basic pattern; useful for emotion clauses,I smile when I’m happy.
18600,A1,everyday,4.200,5,3,5,,0,Natural and clear simple habit statement,Her cat likes to climb.
21538,A1,everyday,4.200,5,3,5,,0,Useful search/comparison instruction.,Find something similar.
21642,A1,everyday,4.200,5,3,5,,0,Useful contrastive daily-routine sentence,I sleep during the day.
22014,A1,everyday,4.200,5,3,5,,0,Natural in school settings,Where is the classroom?
22201,A1,everyday,4.200,5,3,5,,0,Natural but a bit specific.,I wear my yellow boots.
22417,A1,everyday,4.200,5,3,5,,0,Basic age statement; keep one age example,She is seven years old.
24030,A1,everyday,4.200,5,3,5,,0,"Natural age question, though specific number.",Is he eleven years old?
24359,A1,everyday,4.200,5,3,5,,0,"Natural and clear, if somewhat specific",Can I become a painter?
24398,A1,everyday,4.200,5,3,5,,0,"Natural travel-style question, somewhat specific.",Is coffee popular here?
24842,A1,everyday,4.200,5,3,5,,0,Useful form-filling instruction,Write your number here.
25079,A1,everyday,4.200,5,3,5,,0,"Everyday place, reasonably useful.",I like the supermarket.
26109,A1,everyday,4.200,5,3,5,,0,Natural and clear; moderate utility,What's that picture of?
26946,A1,everyday,4.200,5,3,5,,0,Natural cause-and-time clause pattern,I sleep when I'm tired.
22003,A1,everyday,4.200,5,3,5,,0,"Natural and clear, if somewhat personal.",Is that your girlfriend?
23198,A1,everyday,4.200,5,3,5,,0,Natural cooperative action sentence.,They make soup together.
23228,A1,everyday,4.200,5,3,5,,0,Natural simple past sentence,We ate dinner yesterday.
23807,A1,everyday,4.200,5,3,5,,0,Natural beginner conversation topic.,Which color do you like?
25687,A1,everyday,4.200,5,3,5,,0,Natural and somewhat useful in study contexts,Where is the dictionary?
26110,A1,everyday,4.200,5,3,5,,0,Natural but somewhat abstract/time-specific.,It's the end of the day.
26670,A1,everyday,4.200,5,3,5,,0,Natural and broadly useful.,I'm planning a vacation.
26882,A1,everyday,4.200,5,3,5,,0,Natural instruction; cleaner than 'out the window'.,Look through the window.
6220,A1,everyday,4.200,5,3,5,,0,Natural past-tense sentence with clear meaning.,I wore my coat to school.
13744,A1,everyday,4.200,4,4,5,,0,Useful everyday question,"Hi, do you know the time?"
16360,A1,everyday,4.200,5,3,5,,0,Natural and clear hobby statement.,My brother loves to draw.
21779,A1,everyday,4.200,4,4,5,,0,Natural lifestyle statement.,We eat outside sometimes.
21846,A1,everyday,4.200,5,3,5,,0,Natural modern phrase with fair reuse,I have a morning routine.
22857,A1,everyday,4.200,5,3,5,,0,"Natural, broadly understandable value statement.",Family is very important.
24047,A1,everyday,4.200,5,3,5,,0,"Natural and clear, if somewhat specific",There is rice in my bowl.
26884,A1,everyday,4.200,5,3,5,,0,Natural and clear travel-related instruction,Drive through the tunnel.
26976,A1,everyday,4.200,5,3,5,,0,Simple and natural family sentence.,My daughter likes apples.
4234,A1,everyday,4.200,5,4,3,,0,Very natural; slight intensity/idiom issue but still usable,I have absolutely no idea.
16775,A1,everyday,4.200,5,3,5,,0,Natural and clear; plausible everyday use.,My aunt is visiting today.
22130,A1,everyday,4.200,5,3,5,,0,Clear basic spatial sentence,The ball is in the basket.
23337,A1,everyday,4.200,5,3,5,,0,"Natural, if somewhat specific advice",Don't buy expensive gifts.
24184,A1,everyday,4.200,5,3,5,,0,"Natural, concrete, and easy to translate",I have butter on my toast.
25156,A1,everyday,4.200,5,3,5,,0,Natural age statement; useful pattern.,She is eighteen years old.
26475,A1,everyday,4.200,4,4,5,,0,Natural and easy to reuse around fragile items,Be careful with the glass.
7649,A1,everyday,4.200,5,3,5,,0,Clear appliance instruction with clean translation.,Set the water level to low.
24442,A1,everyday,4.200,5,3,5,,0,Natural simple pet description.,Our puppy is very friendly.
24691,A1,everyday,4.200,5,3,5,,0,Natural social request,Please don't stay too long.
14049,A1,everyday,4.200,5,3,5,,0,"Natural, though fairly specific scenario.",She drank half of her juice.
25074,A1,everyday,4.200,4,4,5,,0,Common everyday destination and easy to translate,Let's go to the supermarket.
25490,A1,everyday,4.200,5,3,5,,0,Useful basic preposition sentence,The ball is under the chair.
26270,A1,everyday,4.200,4,4,5,,0,Useful location pattern with common nouns,The book is next to the pen.
11281,A1,everyday,4.200,5,3,5,,0,Natural food/drink preference phrase,She likes her tea with honey.
18575,A1,everyday,4.200,5,3,5,,0,"Natural and clear, though less reusable",Have you ever seen a rainbow?
21753,A1,everyday,4.200,5,3,5,,0,"Natural preference question, simple to translate.",Which fruit do you like most?
22162,A1,everyday,4.200,5,3,5,,0,Very natural location relation sentence.,My neighbour lives next door.
23072,A1,everyday,4.200,5,3,5,,0,Natural factual sentence.,Snakes are dangerous animals.
26754,A1,everyday,4.200,5,3,5,,0,Natural compliment about art; clear.,That painting is very pretty!
24064,A1,everyday,4.200,5,3,5,,0,Natural simple preference sentence,December is my favorite month.
26653,A1,everyday,4.200,5,3,5,,0,Natural and clear action with common preposition.,The cat jumped into the basket.
15043,A1,everyday,4.200,5,3,5,,0,"Natural, though somewhat specific kitchen context.",I need some pepper for the soup.
17511,A1,everyday,4.200,5,3,5,,0,Common restaurant hyperbole; clear meaning.,He wants everything on the menu.
24454,A1,everyday,4.200,5,3,5,,0,Natural location statement with reusable structure.,That house is across the street.
17208,A1,everyday,4.200,5,3,5,,0,Natural school-context sentence.,We formed a music club at school.
25707,A1,everyday,4.200,5,3,5,,0,Natural and clear daily-life sentence,She is visiting her family today.
25325,A1,everyday,4.200,5,3,5,,0,Natural family-visit sentence.,I'm visiting my grandfather today.
12455,A1,everyday,4.200,4,4,5,,0,Natural warning with strong reuse.,"This food tastes bad, don’t eat it."
14986,A1,everyday,4.200,5,3,5,,0,Natural everyday past-tense sentence with useful vocabulary.,A kind man helped me carry my bags.
20685,A1,everyday,4.200,5,3,5,,0,Natural action sentence with useful motion phrase.,The cat jumped down from the shelf.
16914,A1,everyday,4.200,5,3,5,,0,Natural and clear simple statement.,Making a sandwich is quick and easy.
12565,A1,everyday,4.200,5,3,5,,0,Natural compliment; specific but useful pattern.,That purple hat looks amazing on you!
14287,A1,everyday,4.200,5,3,5,,0,Natural but a bit specific,She bought a red apple at the market.
20391,A1,everyday,4.200,5,3,5,,0,Natural but somewhat specific.,I went to the library with my cousin.
23884,A1,everyday,4.200,5,3,5,,0,"Natural and clear, though somewhat specific.",She is happy only when there is music.
13894,A1,everyday,4.200,5,3,5,,0,"Natural, though somewhat specific",We are talking about our holiday plans.
11940,A1,everyday,4.200,5,3,5,,0,Natural though somewhat specific,She is the best player on our chess team.
19105,A1,everyday,4.200,5,3,5,,0,"Natural and clear, though longer and more specific",I live in a small town near the mountains.
13738,A1,everyday,4.400,5,4,4,,0,Common greeting; slight nuance in some languages,Hi there!
21813,A1,everyday,4.400,5,4,4,,0,Very natural and common; slight colloquial nuance.,I had fun.
21524,A1,everyday,4.400,5,4,4,,0,"Very common and natural, though socially marked",I like you.
21728,A1,everyday,4.400,5,4,4,,0,Common and reusable across contexts,Is it over?
26541,A1,everyday,4.400,5,4,4,,0,Modern and practical,Is it online?
21567,A1,everyday,4.400,5,4,4,,0,Common warning/instruction; slight ambiguity only,Watch the dog.
21627,A1,everyday,4.400,5,4,4,,0,"Common phrase, minor ambiguity manageable",I have a date.
23846,A1,everyday,4.400,5,4,4,,0,"Common phrase, though regional equivalents vary.",Stand in line.
21817,A1,everyday,4.400,5,4,4,,0,Very natural and broadly useful despite mild vagueness,Let's have fun.
23792,A1,everyday,4.400,5,4,4,,0,Natural conversational phrase with good reuse.,"Well, let's go."
21649,A1,everyday,4.400,5,4,4,,0,Useful scheduling phrase; minor ambiguity only,I am free today.
22255,A1,everyday,4.400,5,4,4,,0,Natural in games/activities; slightly context-bound,Can we go again?
23575,A1,everyday,4.400,5,4,4,,0,Very natural and useful; slight subject ambiguity only.,This is amazing.
23587,A1,everyday,4.400,5,4,4,,0,Natural and useful casual expression.,I hope it's fun!
21629,A1,everyday,4.400,5,4,4,,0,Common planning phrase; slight idiomaticity but widely clear,Let's set a date.
21686,A1,everyday,4.400,5,4,4,,0,"Natural question, though slightly broad",How do you do it?
22729,A1,everyday,4.400,5,4,4,,0,Common phrase; minor hot/spicy ambiguity.,This food is hot!
23641,A1,everyday,4.400,4,5,4,,0,Useful survival phrase; regionally varies but clear,Go to the toilet.
24541,A1,everyday,4.400,5,4,4,,0,"Very common and reusable, mild referent ambiguity only.",This tastes good.
22747,A1,everyday,4.400,5,4,4,,0,Very natural home-life phrase; minor translation asymmetry.,I let the dog out.
25655,A1,everyday,4.400,5,4,4,,0,Common polite request,Can you move over?
22328,A1,everyday,4.400,5,4,4,,0,Useful household phrase; phrasal verb still clear.,I put the toy away.
22398,A1,everyday,4.400,5,4,4,,0,Useful everyday location sentence,We are at the cafe.
24870,A1,everyday,4.400,5,4,4,,0,Useful location sentence; country name is fine.,They live in Spain.
26012,A1,everyday,4.400,5,4,4,,0,Natural everyday compliment; 'cool' is slightly slangy.,That hat looks cool.
26103,A1,everyday,4.400,5,4,4,,0,Natural and useful optimistic statement.,My future looks good.
2602,A1,everyday,4.400,5,4,4,,0,Natural expression; slight metaphor but translates fine.,She gave me a big smile.
18059,A1,everyday,4.400,5,4,4,,0,Common request though context determines meaning,Can you change this for me?
26967,A1,everyday,4.500,5,5,5,26971,1,Near-duplicate with 'He looks busy'; keep stative form,He is busy.
25710,A1,everyday,4.500,5,5,5,25712,1,Near-duplicate with 'He looks tired'; keep stative form,He is tired.
25086,A1,everyday,4.500,5,5,5,26661,1,Near-duplicate of 'Are you ready?'.,Are we ready?
25468,A1,everyday,4.500,5,5,5,22851,1,"Useful, but one body-part pain template is enough here.",My eye hurts.
26392,A1,everyday,4.500,5,5,5,5772,1,Exact duplicate of id 5772.,Let's go now.
21631,A1,everyday,4.500,5,5,5,24556,1,Near-duplicate of more specific cooking sentence.,I cook dinner.
22317,A1,everyday,4.500,5,5,5,25785,1,Near-duplicate meal-action pattern; keep one variant.,I eat breakfast.
22696,A1,everyday,4.500,5,5,5,21528,1,"Strong phrase, but redundant within many variants.",See you tomorrow.
26597,A1,everyday,4.500,5,5,5,23340,1,Useful but near-duplicate lost-item query already covered by keys,Where is the key?
26934,A1,everyday,4.500,5,5,5,25223,1,Near-duplicate of 'Turn off the light.' only word order differs.,Turn the light off.
23531,A1,everyday,4.500,5,5,5,24229,1,Near-duplicate travel-arrival train sentence,The train will arrive soon.
22851,A1,everyday,4.500,5,5,5,25468,0,Very useful basic pain expression.,My ear hurts.
23156,A1,everyday,4.500,5,5,5,23681,0,Very common and broadly reusable,Is that real?
25609,A1,everyday,4.500,5,5,5,23590,0,Highly reusable and easy to translate,Come with me.
26163,A1,everyday,4.500,5,5,5,24548,0,Very common and broadly useful.,Are you okay?
26336,A1,everyday,4.500,5,5,5,21528,0,Very common farewell; highly reusable.,See you soon.
26661,A1,everyday,4.500,5,5,5,25086,0,Very common and broadly useful.,Are you ready?
24409,A1,everyday,4.500,5,5,5,21541,0,Very common and useful.,Are you hungry?
24966,A1,everyday,4.500,5,5,5,26373,0,"Very common, flexible question",Is that enough?
26054,A1,everyday,4.500,5,5,5,2500,0,Very useful health phrase,My tooth hurts.
21541,A1,everyday,4.500,5,5,5,24409,0,"Common, basic, and very useful.",Are you thirsty?
12249,A1,everyday,4.500,5,5,5,24141,0,Highly useful everyday phrase,The light is off.
23027,A1,everyday,4.500,5,5,5,21992,0,Very common and useful digital-life phrase,Check your email.
25223,A1,everyday,4.500,5,5,5,26934,0,Essential household command.,Turn off the light.
24003,A1,everyday,4.500,5,5,5,10387,0,Core everyday request,Please close the door.
24643,A1,everyday,4.500,5,5,5,25374,0,Very natural and highly reusable judgment phrase.,That's a terrible idea.
10387,A1,everyday,4.500,5,5,5,24003,0,Core everyday request,Please close the window.
22467,A1,everyday,4.500,5,5,5,23222,0,Very common classroom/request phrase,"Repeat that sentence, please."
22516,A1,everyday,4.600,5,4,5,,0,Core concrete noun with broad beginner value,cow
22282,A1,everyday,4.600,5,4,5,,0,Core vocabulary item with clean translation.,street
22788,A1,everyday,4.600,5,4,5,,0,Common exclamation,"Oh, no!"
24720,A1,everyday,4.600,5,4,5,,0,Common and useful directive.,Sit here.
22137,A1,everyday,4.600,5,4,5,,0,Highly reusable generic preference sentence,I like it.
22786,A1,everyday,4.600,5,4,5,,0,Natural acknowledgment,"Oh, I see."
23308,A1,everyday,4.600,5,4,5,,0,Common identification phrase,That's me.
23566,A1,everyday,4.600,5,4,5,,0,Very natural and reusable directional command.,Look down.
24045,A1,everyday,4.600,5,4,5,,0,"Short, natural, broadly reusable",Can I try?
26378,A1,everyday,4.600,5,4,5,,0,Natural short return statement,I am back.
21566,A1,everyday,4.600,5,4,5,,0,"Natural, common, and concise.",I watch TV.
21930,A1,everyday,4.600,5,4,5,,0,Core high-frequency feeling statement,I am happy.
21931,A1,everyday,4.600,5,4,5,,0,Natural and broadly reusable question,Am I ready?
22745,A1,everyday,4.600,5,4,5,,0,"Short, natural, and reusable.",Let me try.
22787,A1,everyday,4.600,5,4,5,,0,Common reaction question,"Oh, really?"
23310,A1,everyday,4.600,5,4,5,,0,Very common and reusable imperative.,Look at me.
23890,A1,everyday,4.600,5,4,5,,0,"Simple, common preference statement.",I like tea.
25067,A1,everyday,4.600,5,4,5,,0,Very common short exclamation.,What a day!
25088,A1,everyday,4.600,5,4,5,,0,Very common and useful.,We go home.
25857,A1,everyday,4.600,5,4,5,,0,Very reusable across contexts,Is it easy?
26500,A1,everyday,4.600,5,4,5,,0,Common brief response,"Ok, thanks."
21654,A1,everyday,4.600,5,4,5,,0,Natural and broadly reusable opinion statement.,I hate rain.
22253,A1,everyday,4.600,5,4,5,,0,"Common, natural command with broad reuse.",Do it again.
23259,A1,everyday,4.600,5,4,5,,0,"Short, natural, and broadly usable.",Do not wait.
23382,A1,everyday,4.600,5,4,5,,0,"Short, natural, highly reusable.",Tell me why.
23408,A1,everyday,4.600,5,4,5,,0,Useful agreement phrase,"Ok, I agree."
23567,A1,everyday,4.600,5,4,5,,0,Very common imperative.,Put it down.
23601,A1,everyday,4.600,5,4,5,,0,Very common simple statement,Dad is here.
23620,A1,everyday,4.600,5,4,5,,0,Natural and reusable invitation,Run with me.
23797,A1,everyday,4.600,5,4,5,,0,Common after eating; good utility,I feel full.
24175,A1,everyday,4.600,5,4,5,,0,"Simple, reusable imperative",Walk slowly.
24300,A1,everyday,4.600,5,4,5,,0,"Short, common quantity request",I want half.
24344,A1,everyday,4.600,5,4,5,,0,Very common general feeling statement,I feel good.
24381,A1,everyday,4.600,5,4,5,,0,Useful everyday sensation phrase,I feel cold.
24463,A1,everyday,4.600,5,4,5,,0,Very common and broadly useful,Go home now.
24504,A1,everyday,4.600,5,4,5,,0,Common descriptive question.,Is she tall?
24770,A1,everyday,4.600,5,4,5,,0,Useful physical sensation phrase,I feel warm.
24799,A1,everyday,4.600,5,4,5,,0,Useful and straightforward,Is it clean?
24868,A1,everyday,4.600,5,4,5,,0,Very useful core location sentence,I live here.
25289,A1,everyday,4.600,5,4,5,,0,"Short, useful object-request phrase",I want them.
25610,A1,everyday,4.600,5,4,5,,0,"Short, natural, broadly useful",Go with her.
25748,A1,everyday,4.600,5,4,5,,0,"Simple, common positive reaction",That's nice.
26083,A1,everyday,4.600,5,4,5,,0,"Simple, common, high-utility question.",Is he happy?
26309,A1,everyday,4.600,5,4,5,,0,Very natural and broadly useful.,We have fun.
26397,A1,everyday,4.600,5,4,5,,0,"Simple, practical dining phrase.",I need salt.
26529,A1,everyday,4.600,5,4,5,,0,Natural and useful command,Wake up now.
26554,A1,everyday,4.600,5,4,5,,0,"Short, useful location statement.",I'm outside.
26559,A1,everyday,4.600,5,4,5,,0,Very common and clean across languages,I like milk.
26574,A1,everyday,4.600,5,4,5,,0,"Very natural, common short question.",Is she back?
26575,A1,everyday,4.600,5,4,5,,0,Very common and useful.,Put it back.
26618,A1,everyday,4.600,5,4,5,,0,Common ability/hobby question,Do you sing?
26745,A1,everyday,4.600,5,4,5,,0,"Very common, concise, and widely reusable",What's next?
26827,A1,everyday,4.600,5,4,5,,0,"Simple, natural exercise question",Do you walk?
26892,A1,everyday,4.600,5,4,5,,0,"Short, useful choosing phrase",I want both.
26913,A1,everyday,4.600,5,4,5,,0,"Natural, practical request.",Find my key.
21526,A1,everyday,4.600,5,4,5,,0,Very common location statement,You are here.
21601,A1,everyday,4.600,5,4,5,,0,"Very natural greeting, broadly useful.",Welcome home!
21632,A1,everyday,4.600,5,4,5,,0,"Simple, natural, and useful",Can you cook?
22023,A1,everyday,4.600,5,4,5,,0,"Simple, natural clothing sentence.",I wear a hat.
22367,A1,everyday,4.600,5,4,5,,0,Very common and broadly useful.,Is he coming?
23202,A1,everyday,4.600,5,4,5,,0,Very common household phrase.,Make the bed.
23284,A1,everyday,4.600,5,4,5,,0,"Very common, simple emotion sentence.",She is happy.
23450,A1,everyday,4.600,5,4,5,,0,"Short, natural preference statement.",I prefer tea.
23554,A1,everyday,4.600,5,4,5,,0,Very natural and common skill question.,Do you drive?
23555,A1,everyday,4.600,5,4,5,,0,Natural and broadly useful instruction,Drive slowly.
23608,A1,everyday,4.600,5,4,5,,0,Natural location question,Is it nearby?
24191,A1,everyday,4.600,5,4,5,,0,"Common, useful, and clear.",Are you late?
24204,A1,everyday,4.600,5,4,5,,0,Common basic motion phrase,They go home.
24340,A1,everyday,4.600,5,4,5,,0,"Short, natural, and broadly useful.",This is good.
24780,A1,everyday,4.600,5,4,5,,0,Clear basic emotion statement,I feel happy.
24895,A1,everyday,4.600,5,4,5,,0,Common food preference and clean translation,I like salad.
24922,A1,everyday,4.600,5,4,5,,0,Common feeling statement,I feel bored.
25236,A1,everyday,4.600,5,4,5,,0,Natural and useful invitation/instruction,Walk with me.
25368,A1,everyday,4.600,5,4,5,,0,Common household action,Wash the car.
25466,A1,everyday,4.600,5,4,5,,0,Common turn-taking phrase,You are next.
25740,A1,everyday,4.600,5,4,5,,0,Simple useful imperative,Open the box.
25766,A1,everyday,4.600,5,4,5,,0,Common imperative; useful in many contexts.,Stand up now.
25856,A1,everyday,4.600,5,4,5,,0,Very common and practical.,This is easy.
26137,A1,everyday,4.600,5,4,5,,0,Very common and broadly reusable.,Is this true?
26166,A1,everyday,4.600,5,4,5,,0,Very common and broadly useful.,We feel fine.
26264,A1,everyday,4.600,5,4,5,,0,"Natural, common, broadly reusable emotion statement",I am excited.
26596,A1,everyday,4.600,5,4,5,,0,Very reusable everyday phrase,I have a key.
26609,A1,everyday,4.600,5,4,5,,0,Very common deictic imperative.,Look at that!
26659,A1,everyday,4.600,5,4,5,,0,Very common and reusable,She is ready.
5779,A1,everyday,4.600,5,4,5,,0,Common and practical.,I’m ready now.
12782,A1,everyday,4.600,5,4,5,,0,Very common everyday phrase,I feel sleepy.
21584,A1,everyday,4.600,5,4,5,,0,Common school/testing phrase.,Take the test.
21657,A1,everyday,4.600,5,4,5,,0,"Simple, natural preference statement.",We hate noise.
22152,A1,everyday,4.600,5,4,5,,0,Natural classroom/reading phrase.,Turn the page.
22215,A1,everyday,4.600,5,4,5,,0,"Short, common, broadly reusable.",You are wrong.
22491,A1,everyday,4.600,5,4,5,,0,Simple descriptive sentence,Water is cold.
22779,A1,everyday,4.600,5,4,5,,0,Natural and broadly useful descriptive statement.,My car is old.
23199,A1,everyday,4.600,5,4,5,,0,"Simple, useful everyday statement.",I make coffee.
23386,A1,everyday,4.600,5,4,5,,0,Natural imperative with clear everyday use,Hold the baby.
23394,A1,everyday,4.600,5,4,5,,0,"Common, clear preference statement.",I like sports.
23618,A1,everyday,4.600,5,4,5,,0,"Simple, natural, and reusable.",I like to run.
23894,A1,everyday,4.600,5,4,5,,0,Simple and widely useful,She makes tea.
24009,A1,everyday,4.600,5,4,5,,0,"Natural, common arrival/locating phrase","Hey, I'm here!"
24149,A1,everyday,4.600,5,4,5,,0,"Common, clear directional phrase",Come this way.
24337,A1,everyday,4.600,5,4,5,,0,"Common, clear invitation.","So, let's eat."
24342,A1,everyday,4.600,5,4,5,,0,"Core, versatile compliment worth keeping.",You look good.
24784,A1,everyday,4.600,5,4,5,,0,Common and useful physical-state phrase.,We feel tired.
24788,A1,everyday,4.600,5,4,5,,0,"Common, concise, and broadly useful",I see nothing.
24924,A1,everyday,4.600,5,4,5,,0,Natural and useful basic adjective question.,Are you bored?
25082,A1,everyday,4.600,5,4,5,,0,"Very common, reusable phrase.",We play games.
25127,A1,everyday,4.600,5,4,5,,0,Very natural and common.,I go swimming.
25155,A1,everyday,4.600,5,4,5,,0,Natural age statement with practical use,I am eighteen.
25262,A1,everyday,4.600,5,4,5,,0,Very natural and easy to translate,Coffee is hot.
25629,A1,everyday,4.600,5,4,5,,0,Common inability statement with strong reuse,I cannot swim.
25653,A1,everyday,4.600,5,4,5,,0,"Short, useful capability statement",I can move it.
25671,A1,everyday,4.600,5,4,5,,0,Common and broadly useful size question.,Is it too big?
25736,A1,everyday,4.600,5,4,5,,0,"Short, flexible, highly reusable.",Just one more.
25915,A1,everyday,4.600,5,4,5,,0,Natural and broadly useful.,We send gifts.
25964,A1,everyday,4.600,5,4,5,,0,Very common recovery/update phrase,I feel better.
26507,A1,everyday,4.600,5,4,5,,0,"Simple, natural, and useful.",I will not go.
26643,A1,everyday,4.600,5,4,5,,0,"Very common, useful, and easy to translate",I believe you.
26939,A1,everyday,4.600,5,4,5,,0,"Simple, natural emotional-state question.",Are you angry?
10102,A1,everyday,4.600,5,4,5,,0,Very natural and versatile.,Please tell me.
11741,A1,everyday,4.600,5,4,5,,0,"Short, natural encouragement.",I hope you win.
21519,A1,everyday,4.600,5,4,5,,0,"Short, natural, reusable sentence",I ride my bike.
21634,A1,everyday,4.600,5,4,5,,0,Natural ability statement,She cooks well.
21635,A1,everyday,4.600,5,4,5,,0,Common hobby statement; useful.,I love to cook!
21661,A1,everyday,4.600,5,4,5,,0,Common social phrase with clear meaning,Can I join you?
21806,A1,everyday,4.600,5,4,5,,0,"Natural, common, and broadly useful",Eat more fruit.
21859,A1,everyday,4.600,5,4,5,,0,Common imperative with broad everyday use,Cut it in half.
22006,A1,everyday,4.600,5,4,5,,0,Very common and clear request,Can I use this?
22025,A1,everyday,4.600,5,4,5,,0,"Core everyday imperative, simple and useful.",Wear your coat.
22216,A1,everyday,4.600,5,4,5,,0,Natural and broadly useful.,I did it wrong.
22277,A1,everyday,4.600,5,4,5,,0,"Very natural, common reaction",That was quick!
22372,A1,everyday,4.600,5,4,5,,0,Common daily routine sentence.,I wash my face.
22536,A1,everyday,4.600,5,4,5,,0,Very common and simple.,Let's watch TV.
22601,A1,everyday,4.600,5,4,5,,0,Natural and broadly reusable.,Are you afraid?
22726,A1,everyday,4.600,5,4,5,,0,Natural and practical.,Is the tea hot?
22753,A1,everyday,4.600,5,4,5,,0,Natural and practical across contexts.,Is this useful?
22802,A1,everyday,4.600,5,4,5,,0,Common place phrase with good reuse,Go to the park.
22835,A1,everyday,4.600,5,4,5,,0,"Common everyday action, clean translation.",We take a taxi.
22907,A1,everyday,4.600,5,4,5,,0,Common necessity phrase with broad reuse.,We have to eat.
23035,A1,everyday,4.600,5,4,5,,0,"Natural, useful basic direction phrase",Go to the left.
23048,A1,everyday,4.600,5,4,5,,0,"Very common, useful, and cleanly translatable.",Is anyone here?
23351,A1,everyday,4.600,5,4,5,,0,"Simple, natural, and broadly useful",I like oranges.
23435,A1,everyday,4.600,5,4,5,,0,Natural and useful in shops or restaurants,Can I pay here?
23544,A1,everyday,4.600,5,4,5,,0,"Common, clear, reusable response","Yes, I'm ready."
23621,A1,everyday,4.600,5,4,5,,0,"Simple, natural outdoor activity phrase.",We run outside.
23813,A1,everyday,4.600,5,4,5,,0,Natural and broadly useful,Nobody is here.
23824,A1,everyday,4.600,5,4,5,,0,"Short, natural, broadly useful",Please ask him.
23953,A1,everyday,4.600,5,4,5,,0,"Simple, natural, broadly useful",We are friends.
23961,A1,everyday,4.600,5,4,5,,0,"Natural, common question in many everyday contexts.",Is it over yet?
24172,A1,everyday,4.600,5,4,5,,0,"Short, common, reusable",Please open it.
24201,A1,everyday,4.600,5,4,5,,0,"Simple, natural, broadly usable",They are happy.
24245,A1,everyday,4.600,5,4,5,,0,Natural and broadly useful.,I like to talk.
24286,A1,everyday,4.600,5,4,5,,0,Common self-description phrase,I have a hobby.
24295,A1,everyday,4.600,5,4,5,,0,Useful travel-related identity sentence,I am a tourist.
24444,A1,everyday,4.600,5,4,5,,0,Common descriptive question with good reuse.,Is he friendly?
24637,A1,everyday,4.600,5,4,5,,0,Useful basic color pattern,The car is red.
24694,A1,everyday,4.600,5,4,5,,0,"Simple, useful permission/deference phrase.",You can decide.
24785,A1,everyday,4.600,5,4,5,,0,Common and useful everyday phrase,She left early.
24790,A1,everyday,4.600,5,4,5,,0,"Short, common, and impactful.",He has nothing.
24927,A1,everyday,4.600,5,4,5,,0,Common feeling statement.,I'm very bored!
24945,A1,everyday,4.600,5,4,5,,0,Simple and useful health-related sentence,She needs rest.
24971,A1,everyday,4.600,5,4,5,,0,Common and concise invitation/follow-up.,Are you coming?
25118,A1,everyday,4.600,5,4,5,,0,Natural and broadly understandable,I like parties.
25596,A1,everyday,4.600,5,4,5,,0,"Common expression in travel, service, and social use.",Enjoy yourself.
25633,A1,everyday,4.600,5,4,5,,0,"Short, common, practical",They cannot go.
25638,A1,everyday,4.600,5,4,5,,0,Very common and easy to reuse.,We take photos.
25648,A1,everyday,4.600,5,4,5,,0,Common and easy to translate,Can you cut it?
25670,A1,everyday,4.600,5,4,5,,0,Natural and common inclusive request,I want one too.
25688,A1,everyday,4.600,5,4,5,,0,Natural family introduction phrase.,This is my son.
25732,A1,everyday,4.600,5,4,5,,0,Common everyday phrase.,I just woke up.
25860,A1,everyday,4.600,5,4,5,,0,Common and easy to reuse.,It's very easy.
26082,A1,everyday,4.600,5,4,5,,0,Common observation with good reuse.,You look happy.
26269,A1,everyday,4.600,5,4,5,,0,"Natural, common request.",Sit next to me.
26339,A1,everyday,4.600,5,4,5,,0,Natural timing phrase with broad use.,It starts soon.
26380,A1,everyday,4.600,5,4,5,,0,Natural and broadly useful,Come back soon.
26617,A1,everyday,4.600,5,4,5,,0,"Simple, natural, and reusable.",I like to sing.
26650,A1,everyday,4.600,5,4,5,,0,Common household mealtime phrase.,Lunch is ready.
26760,A1,everyday,4.600,5,4,5,,0,Natural conversational phrase with broad use.,"Sure, let's go."
3113,A1,everyday,4.600,5,4,5,,0,Core beginner introduction sentence.,My name is John.
15997,A1,everyday,4.600,5,4,5,,0,Natural and useful recovery/update phrase,I feel fine now.
21715,A1,everyday,4.600,5,4,5,,0,Natural meeting arrangement.,Meet me at noon.
21777,A1,everyday,4.600,5,4,5,,0,Very natural and common with children,Go play outside.
21879,A1,everyday,4.600,5,4,5,,0,"Common, natural household command.",Open the window.
22144,A1,everyday,4.600,5,4,5,,0,Common everyday phrase with clear meaning.,I need a shower.
22425,A1,everyday,4.600,5,4,5,,0,Natural and broadly useful conditional invitation,Come if you can.
22638,A1,everyday,4.600,5,4,5,,0,Common daily routine phrase,I wake up early.
22661,A1,everyday,4.600,5,4,5,,0,Very common appearance statement,She looks young.
22785,A1,everyday,4.600,5,4,5,,0,Common positive reaction,"Oh, that's nice!"
22873,A1,everyday,4.600,5,4,5,,0,Natural short request learners can reuse,Wait one moment.
22910,A1,everyday,4.600,5,4,5,,0,Natural and useful obligation/need statement.,She has to rest.
22950,A1,everyday,4.600,5,4,5,,0,Common and reusable physical description.,My hair is long.
23277,A1,everyday,4.600,5,4,5,,0,Short command; common and clear.,You must listen.
23315,A1,everyday,4.600,5,4,5,,0,Natural shopping phrase,We buy one each.
23379,A1,everyday,4.600,5,4,5,,0,Common emotional check-in question.,Why are you sad?
23434,A1,everyday,4.600,5,4,5,,0,Common everyday transaction phrase.,I pay for lunch.
23798,A1,everyday,4.600,5,4,5,,0,Common and practically useful,The bag is full.
23935,A1,everyday,4.600,5,4,5,,0,"Common, flexible, and easy to translate",I see something.
23966,A1,everyday,4.600,5,4,5,,0,"Common, simple, broadly reusable.",We love our dog.
24194,A1,everyday,4.600,5,4,5,,0,"Simple, natural past-tense sentence",He arrived late.
24279,A1,everyday,4.600,5,4,5,,0,"Simple, natural, and easy to translate.",I was born here.
24322,A1,everyday,4.600,5,4,5,,0,Common descriptive sentence,The car is fast.
24338,A1,everyday,4.600,5,4,5,,0,Natural emphasis; highly reusable,I feel so tired.
24456,A1,everyday,4.600,5,4,5,,0,Common and useful,Nothing is left.
24731,A1,everyday,4.600,5,4,5,,0,Natural and reusable.,She drives fast.
24798,A1,everyday,4.600,5,4,5,,0,Common everyday chore sentence,I clean my room.
24925,A1,everyday,4.600,5,4,5,,0,Common observation sentence,She looks bored.
24976,A1,everyday,4.600,5,4,5,,0,Very common conversational phrase,Do you think so?
25000,A1,everyday,4.600,5,4,5,,0,Very natural and broadly useful.,Let's stay here.
25121,A1,everyday,4.600,5,4,5,,0,"Simple, common, and broadly reusable.",We have a party.
25124,A1,everyday,4.600,5,4,5,,0,Very natural and reusable.,I like swimming.
25140,A1,everyday,4.600,5,4,5,,0,Simple and very reusable,The radio is on.
25279,A1,everyday,4.600,5,4,5,,0,Common modern-life statement and easy to translate,I like my phone.
25370,A1,everyday,4.600,5,4,5,,0,"Common household action, highly reusable.",We wash clothes.
25479,A1,everyday,4.600,5,4,5,,0,Very common everyday action.,I open the door.
25551,A1,everyday,4.600,5,4,5,,0,Common travel-related command.,Get off the bus.
25673,A1,everyday,4.600,5,4,5,,0,Natural and common evaluative phrase,That's too easy.
25728,A1,everyday,4.600,5,4,5,,0,Natural everyday lost-item question,Where is my hat?
25828,A1,everyday,4.600,5,4,5,,0,"Simple, common, and reusable.",I like the park.
25846,A1,everyday,4.600,5,4,5,,0,Common and broadly useful,Don't leave yet.
25881,A1,everyday,4.600,5,4,5,,0,Natural short everyday phrase.,Maybe not today.
25938,A1,everyday,4.600,5,4,5,,0,Natural family introduction phrase.,This is my aunt.
26060,A1,everyday,4.600,5,4,5,,0,"Simple, natural emotion statement learners can reuse",I am very happy.
26119,A1,everyday,4.600,5,4,5,,0,Common command with clear meaning.,Pick up the toy.
26265,A1,everyday,4.600,5,4,5,,0,Natural and useful emotional-state question.,Are you excited?
26770,A1,everyday,4.600,5,4,5,,0,Natural and useful for ending an activity.,Let's stop here.
26932,A1,everyday,4.600,5,4,5,,0,Very natural and broadly useful.,I want to sleep.
26941,A1,everyday,4.600,5,4,5,,0,Natural emotion sentence.,She feels angry.
26942,A1,everyday,4.600,5,4,5,,0,"Common, useful emotional regulation phrase",Don't get angry.
26968,A1,everyday,4.600,5,4,5,,0,Natural high-frequency status statement,I am busy today.
26972,A1,everyday,4.600,5,4,5,,0,Natural and common,We are too busy.
13741,A1,everyday,4.600,5,4,5,,0,Natural self-introduction in context,"Hi, I’m new here."
16619,A1,everyday,4.600,5,4,5,,0,Simple location statement with good reuse,They are outside.
20034,A1,everyday,4.600,5,4,5,,0,Natural everyday statement with good reuse.,He woke up early.
21266,A1,everyday,4.600,5,4,5,,0,Very common and reusable.,I love this song!
21603,A1,everyday,4.600,5,4,5,,0,Common household action.,I prepare dinner.
21626,A1,everyday,4.600,5,4,5,,0,Natural and widely useful,What is the date?
21664,A1,everyday,4.600,5,4,5,,0,Common and reusable physical description.,My hair is short.
21868,A1,everyday,4.600,5,4,5,,0,Common and clear,Where is the dog?
21888,A1,everyday,4.600,5,4,5,,0,Natural and practical everyday phrase.,Take my umbrella.
22064,A1,everyday,4.600,5,4,5,,0,"Simple, natural command",Put the cup down.
22123,A1,everyday,4.600,5,4,5,,0,"Simple, natural, broadly usable",Climb the ladder.
22295,A1,everyday,4.600,5,4,5,,0,"Natural, simple, and broadly useful.",Do you drink tea?
22307,A1,everyday,4.600,5,4,5,,0,Useful permission/invitation phrase.,You may sit here.
22429,A1,everyday,4.600,5,4,5,,0,Clear traffic-related instruction; practical.,Stop if it's red.
22460,A1,everyday,4.600,5,4,5,,0,Natural and useful in clothing/design contexts.,The colors match.
22465,A1,everyday,4.600,5,4,5,,0,Common household command; most useful variant.,Feed the cat now.
22505,A1,everyday,4.600,5,4,5,,0,Natural dietary statement with good reuse.,I never eat meat.
22584,A1,everyday,4.600,5,4,5,,0,Common and clear emotional statement,I feel sad today.
22682,A1,everyday,4.600,5,4,5,,0,Common preference statement.,We enjoy walking.
22738,A1,everyday,4.600,5,4,5,,0,"Natural, common activity phrase.",Swim in the pool.
22740,A1,everyday,4.600,5,4,5,,0,"Natural, simple, common situation.",Somebody is here.
22859,A1,everyday,4.600,5,4,5,,0,"Common, useful family description.",My family is big.
22943,A1,everyday,4.600,5,4,5,,0,Common and broadly useful,Do you own a pet?
23047,A1,everyday,4.600,5,4,5,,0,Common question with clear use.,Is anyone hungry?
23097,A1,everyday,4.600,5,4,5,,0,Common group-check question; best variant.,Is everyone here?
23137,A1,everyday,4.600,5,4,5,,0,"Simple, useful description",She is very kind.
23258,A1,everyday,4.600,5,4,5,,0,Natural and broadly useful.,Please wait here.
23303,A1,everyday,4.600,5,4,5,,0,Common family relation phrase,I have a brother.
23478,A1,everyday,4.600,5,4,5,,0,Very common preference learners can reuse,I like ice cream.
23506,A1,everyday,4.600,5,4,5,,0,Natural and useful in daily life,Is this food bad?
23759,A1,everyday,4.600,5,4,5,,0,Common communication phrase,I have a message.
23829,A1,everyday,4.600,5,4,5,,0,Natural personal-description phrase.,I have long hair.
23830,A1,everyday,4.600,5,4,5,,0,Very common personal-description sentence.,My hair is curly.
24177,A1,everyday,4.600,5,4,5,,0,Very common and useful for learner contexts.,He speaks slowly.
24259,A1,everyday,4.600,5,4,5,,0,Natural and useful suggestion,We could eat now.
24267,A1,everyday,4.600,5,4,5,,0,Natural occupation/identity statement,I am a scientist.
24376,A1,everyday,4.600,5,4,5,,0,"Basic, natural, easy to reuse",What color is it?
24458,A1,everyday,4.600,5,4,5,,0,Useful everyday question about remaining items.,Is anything left?
24471,A1,everyday,4.600,5,4,5,,0,Natural and useful for food contexts.,I like this dish.
24498,A1,everyday,4.600,5,4,5,,0,Natural and broadly useful.,I wear a sweater.
24567,A1,everyday,4.600,5,4,5,,0,Natural and broadly useful everyday question,What's your plan?
24583,A1,everyday,4.600,5,4,5,,0,"Common, clear, and broadly reusable",When does it end?
24698,A1,everyday,4.600,5,4,5,,0,"Common everyday action, broadly reusable",I call my friend.
24800,A1,everyday,4.600,5,4,5,,0,Natural and reusable,The car is clean.
24869,A1,everyday,4.600,5,4,5,,0,Natural and useful in several contexts.,We live together.
24885,A1,everyday,4.600,5,4,5,,0,Simple and reusable,Where is the bag?
24960,A1,everyday,4.600,5,4,5,,0,Very common modern action with good learner value,I check my email.
24962,A1,everyday,4.600,5,4,5,,0,Natural and broadly useful request,I want some food.
25144,A1,everyday,4.600,5,4,5,,0,"Simple, natural, and broadly useful.",I go to the park.
25188,A1,everyday,4.600,5,4,5,,0,Common and useful scheduling question,When do we start?
25377,A1,everyday,4.600,5,4,5,,0,"Natural, versatile, and easy to translate.",I like this idea.
25380,A1,everyday,4.600,5,4,5,,0,Natural pain statement; useful for everyday communication.,My arm hurts now.
25383,A1,everyday,4.600,5,4,5,,0,Natural everyday description,The room is dark.
25399,A1,everyday,4.600,5,4,5,,0,Useful date question; one weekday variant is enough.,Is today Tuesday?
25423,A1,everyday,4.600,5,4,5,,0,Simple travel/scheduling phrase.,I leave tomorrow.
25424,A1,everyday,4.600,5,4,5,,0,Very common and reusable.,We meet tomorrow.
25506,A1,everyday,4.600,5,4,5,,0,Natural classroom or everyday phrase.,Take this pencil.
25545,A1,everyday,4.600,5,4,5,,0,"Natural, common preference question",Do you love dogs?
25650,A1,everyday,4.600,5,4,5,,0,Natural and useful,She cut her hair.
25672,A1,everyday,4.600,5,4,5,,0,Common and broadly reusable,She is too young.
25681,A1,everyday,4.600,5,4,5,,0,Natural and broadly useful.,I like this show.
25863,A1,everyday,4.600,5,4,5,,0,"Simple, natural, high-frequency action.",She drinks juice.
26091,A1,everyday,4.600,5,4,5,,0,Very natural and common,She arrived late.
26195,A1,everyday,4.600,5,4,5,,0,Common imperative with broad reuse.,Think about this.
26274,A1,everyday,4.600,5,4,5,,0,High-use family-identification phrase,She is my mother.
26395,A1,everyday,4.600,5,4,5,,0,Natural and broadly useful,When will it end?
26671,A1,everyday,4.600,5,4,5,,0,Useful travel/status phrase,I am on vacation.
26686,A1,everyday,4.600,5,4,5,,0,Natural and common for travel/home.,I like this room.
26739,A1,everyday,4.600,5,4,5,,0,"Common, flexible sentence.",I hear something.
26743,A1,everyday,4.600,5,4,5,,0,Very natural and broadly useful,Do you hear that?
26826,A1,everyday,4.600,5,4,5,,0,"Common, natural daily-routine sentence",I walk every day.
26970,A1,everyday,4.600,5,4,5,,0,Common everyday sentence,She is very busy.
15068,A1,everyday,4.600,5,4,5,,0,Common bodily-state sentence.,My hands are cold.
21410,A1,everyday,4.600,5,4,5,,0,Common useful phrase after eating,I enjoyed my meal.
21522,A1,everyday,4.600,5,4,5,,0,Natural ownership question with good reuse.,Is that your bike?
21544,A1,everyday,4.600,5,4,5,,0,"Short, natural, everyday state.",She's thirsty too.
21651,A1,everyday,4.600,5,4,5,,0,Common and useful everyday phrase.,We have free time.
21658,A1,everyday,4.600,5,4,5,,0,Natural and broadly reusable preference sentence.,He hates broccoli.
21961,A1,everyday,4.600,5,4,5,,0,Simple and common request.,Show me the photo.
22133,A1,everyday,4.600,5,4,5,,0,Natural and useful.,Put it in the bag.
22142,A1,everyday,4.600,5,4,5,,0,Natural and practical in travel/home contexts.,The shower is hot.
22240,A1,everyday,4.600,5,4,5,,0,Common social action phrase,I visit my friend.
22331,A1,everyday,4.600,5,4,5,,0,Very common and clear.,Put on your shoes.
22507,A1,everyday,4.600,5,4,5,,0,"Common, natural complaint; broadly reusable.",He never calls me.
22605,A1,everyday,4.600,5,4,5,,0,Very general and reusable choice prompt,Please choose one.
22613,A1,everyday,4.600,5,4,5,,0,"Clear, common positional instruction.",Stand by the door.
22735,A1,everyday,4.600,5,4,5,,0,Natural activity phrase with good reuse.,Let's go swimming.
22955,A1,everyday,4.600,5,4,5,,0,Common and clearly useful.,I have the answer.
23007,A1,everyday,4.600,5,4,5,,0,Very common and practical.,This is difficult.
23008,A1,everyday,4.600,5,4,5,,0,Broadly useful question in many settings,Is this difficult?
23031,A1,everyday,4.600,5,4,5,,0,Basic clothing/color sentence.,My jeans are blue.
23036,A1,everyday,4.600,5,4,5,,0,Useful direction/location question,Is it on the left?
23068,A1,everyday,4.600,5,4,5,,0,"Simple, clear, reusable general fact.",Farmers grow food.
23307,A1,everyday,4.600,5,4,5,,0,Natural family identification phrase,That's my brother!
23338,A1,everyday,4.600,5,4,5,,0,Common navigation question,Where is the park?
23466,A1,everyday,4.600,5,4,5,,0,Natural and broadly useful,I have an opinion.
23701,A1,everyday,4.600,5,4,5,,0,Very natural and broadly useful.,I like this place.
23705,A1,everyday,4.600,5,4,5,,0,"Common, flexible exclamation.",What a nice place!
23796,A1,everyday,4.600,5,4,5,,0,"Simple, common, and reusable",The glass is full.
23825,A1,everyday,4.600,5,4,5,,0,Natural and useful,She asks for help.
23885,A1,everyday,4.600,5,4,5,,0,Natural and common clothing sentence.,I like this shirt.
23886,A1,everyday,4.600,5,4,5,,0,Natural everyday phrase,Where is my shirt?
23963,A1,everyday,4.600,5,4,5,,0,"Very natural, common, and clear.",This is our house.
24008,A1,everyday,4.600,5,4,5,,0,Basic and practical imperative.,Knock on the door.
24247,A1,everyday,4.600,5,4,5,,0,"Very natural, common phrase.",We talk every day.
24296,A1,everyday,4.600,5,4,5,,0,Common travel-related question.,Are you a tourist?
24301,A1,everyday,4.600,5,4,5,,0,Useful shopping phrase,That's half price.
24536,A1,everyday,4.600,5,4,5,,0,Common warning/announcement; clean translation.,Someone is coming.
24626,A1,everyday,4.600,5,4,5,,0,Common safety instruction,Watch the traffic.
24874,A1,everyday,4.600,5,4,5,,0,Natural invitation/command with good reuse,Come and sit here.
24975,A1,everyday,4.600,5,4,5,,0,Common and emotionally useful,I think about you.
24977,A1,everyday,4.600,5,4,5,,0,Very reusable opinion phrase,I think it's good.
25660,A1,everyday,4.600,5,4,5,,0,Very practical travel/outdoor instruction,Bring extra water.
25768,A1,everyday,4.600,5,4,5,,0,"Common, natural directive",Don't stand there.
25848,A1,everyday,4.600,5,4,5,,0,Very natural and broadly useful,When do you leave?
25879,A1,everyday,4.600,5,4,5,,0,Common suggestion phrase.,Maybe we can play.
25896,A1,everyday,4.600,5,4,5,,0,Common and clear social activity phrase,They eat together.
26246,A1,everyday,4.600,5,4,5,,0,Simple location statement with broad reuse.,Your book is here.
26248,A1,everyday,4.600,5,4,5,,0,Useful compliment and easy to translate,I like your shirt.
26312,A1,everyday,4.600,5,4,5,,0,Common day/date statement.,It's Sunday today.
26320,A1,everyday,4.600,5,4,5,,0,Natural age-category sentence.,She is a teenager.
26450,A1,everyday,4.600,5,4,5,,0,Useful in restaurants and cafes,Where is the menu?
26521,A1,everyday,4.600,5,4,5,,0,Natural everyday problem statement,She lost her card.
26567,A1,everyday,4.600,5,4,5,,0,Natural and broadly useful.,Is that your coat?
26644,A1,everyday,4.600,5,4,5,,0,Common interpersonal question; clear and reusable.,Do you believe me?
26724,A1,everyday,4.600,5,4,5,,0,Natural and broadly useful food preference.,I like vegetables.
26748,A1,everyday,4.600,5,4,5,,0,Common farewell with broad reuse.,See you next time.
26821,A1,everyday,4.600,5,4,5,,0,Common household/shop question,Is there any milk?
6985,A1,everyday,4.600,5,4,5,,0,Common and useful in tech/general contexts,There was an error.
21606,A1,everyday,4.600,5,4,5,,0,Common family/home routine phrase.,We prepare for bed.
21885,A1,everyday,4.600,5,4,5,,0,Common everyday possession phrase,I have an umbrella.
21977,A1,everyday,4.600,5,4,5,,0,Useful everyday location phrase,I sit on the floor.
21978,A1,everyday,4.600,5,4,5,,0,Common household observation with good reuse.,The floor is dirty.
22090,A1,everyday,4.600,5,4,5,,0,Useful everyday statement.,My hands are dirty.
22149,A1,everyday,4.600,5,4,5,,0,"Clear, common action phrase.",We follow the path.
22151,A1,everyday,4.600,5,4,5,,0,"Common instruction, easy to translate.",Please turn around.
22242,A1,everyday,4.600,5,4,5,,0,Natural frequency question,Do you visit often?
22259,A1,everyday,4.600,5,4,5,,0,Common everyday problem phrase,My watch is broken.
22286,A1,everyday,4.600,5,4,5,,0,Common and useful for navigation/travel.,The street is busy.
22361,A1,everyday,4.600,5,4,5,,0,"Natural, useful household command",Close the door now.
22363,A1,everyday,4.600,5,4,5,,0,"Common, useful location statement.",The shop is nearby.
22600,A1,everyday,4.600,5,4,5,,0,"Common, useful, and clear.",I'm afraid of dogs.
22942,A1,everyday,4.600,5,4,5,,0,Natural and broadly useful possession phrase.,I have my own bike.
22951,A1,everyday,4.600,5,4,5,,0,Natural complaint/comment about a movie.,The movie was long.
23015,A1,everyday,4.600,5,4,5,,0,Common everyday suggestion with high reuse,Let's order coffee.
23054,A1,everyday,4.600,5,4,5,,0,"Simple, natural, widely useful",Can you carry this?
23087,A1,everyday,4.600,5,4,5,,0,Natural and broadly useful.,I will return soon.
23304,A1,everyday,4.600,5,4,5,,0,Basic family question with high reuse,Is he your brother?
23387,A1,everyday,4.600,5,4,5,,0,Natural and useful in everyday contexts,The baby is crying.
23390,A1,everyday,4.600,5,4,5,,0,Very natural and broadly useful,What is that sound?
23395,A1,everyday,4.600,5,4,5,,0,Natural and useful general question,Do you play sports?
23533,A1,everyday,4.600,5,4,5,,0,Very natural and broadly useful,When do you arrive?
23588,A1,everyday,4.600,5,4,5,,0,"Common polite phrase, easy to reuse.",We hope to see you.
23647,A1,everyday,4.600,5,4,5,,0,Common purchase/travel phrase.,We need one ticket.
23686,A1,everyday,4.600,5,4,5,,0,Natural simple description; good beginner pattern.,This car is modern.
23790,A1,everyday,4.600,5,4,5,,0,Common everyday request.,Make me a sandwich.
23802,A1,everyday,4.600,5,4,5,,0,Natural and broadly reusable leisure phrase.,We go to a concert.
23808,A1,everyday,4.600,5,4,5,,0,Very common and broadly reusable.,Which one is yours?
23948,A1,everyday,4.600,5,4,5,,0,Common personal-status phrase,I have a boyfriend.
24005,A1,everyday,4.600,5,4,5,,0,Very natural and useful in daily contexts.,The door is closed.
24082,A1,everyday,4.600,5,4,5,,0,Common everyday household phrase,Breakfast is ready.
24170,A1,everyday,4.600,5,4,5,,0,Very common and cleanly translatable,Is the window open?
24537,A1,everyday,4.600,5,4,5,,0,Very natural and useful in everyday situations,I see someone here.
24550,A1,everyday,4.600,5,4,5,,0,Common polite offer with solid reuse,Would you like tea?
24695,A1,everyday,4.600,5,4,5,,0,Natural and broadly useful,We decide together.
24697,A1,everyday,4.600,5,4,5,,0,Common everyday instruction,Decide what to eat.
24866,A1,everyday,4.600,5,4,5,,0,"Natural, broad praise sentence for many contexts.",The design is nice.
25107,A1,everyday,4.600,5,4,5,,0,Common compliment; natural and easy to translate.,You are very funny.
25260,A1,everyday,4.600,5,4,5,,0,Natural everyday request or statement of need.,I need some coffee.
25384,A1,everyday,4.600,5,4,5,,0,Natural and useful,Is it dark outside?
25549,A1,everyday,4.600,5,4,5,,0,Natural and broadly useful command.,Take off your coat.
25576,A1,everyday,4.600,5,4,5,,0,Natural and broadly useful,Where is the money?
25668,A1,everyday,4.600,5,4,5,,0,Natural and common social phrase,I want to come too.
25702,A1,everyday,4.600,5,4,5,,0,Practical classroom/office phrase; clear and natural.,I need another pen.
25814,A1,everyday,4.600,5,4,5,,0,Common and useful across contexts,Do you remember me?
25877,A1,everyday,4.600,5,4,5,,0,Common and broadly useful.,Maybe I'll go home.
25945,A1,everyday,4.600,5,4,5,,0,Natural household instruction.,Keep the door shut.
25987,A1,everyday,4.600,5,4,5,,0,Common delay/waiting phrase,I am still waiting.
25991,A1,everyday,4.600,5,4,5,,0,Common instruction in many contexts.,Please stand still.
25993,A1,everyday,4.600,5,4,5,,0,"Natural, common offer phrase.",She offers to help.
26183,A1,everyday,4.600,5,4,5,,0,Common classroom/task instruction,Count to a hundred.
26213,A1,everyday,4.600,5,4,5,,0,Common present-progressive sentence.,She is cooking now.
26236,A1,everyday,4.600,5,4,5,,0,Natural and useful for transport or pickup contexts.,The driver is here.
26677,A1,everyday,4.600,5,4,5,,0,Natural and widely applicable.,I go to the market.
26678,A1,everyday,4.600,5,4,5,,0,Useful location question in daily life.,Is this the market?
26847,A1,everyday,4.600,5,4,5,,0,Natural health advice with good reuse,Eat a lot of fruit.
26849,A1,everyday,4.600,5,4,5,,0,Common and broadly useful request,Can I take a break?
26867,A1,everyday,4.600,5,4,5,,0,"Natural hedge phrase, broadly useful",It's probably fine.
16178,A1,everyday,4.600,5,4,5,,0,Common polite request,Could you try again?
21703,A1,everyday,4.600,5,4,5,,0,Clear and useful for directions.,Is this the library?
21741,A1,everyday,4.600,5,4,5,,0,Common personal statement with wide reuse,I like my apartment.
22127,A1,everyday,4.600,5,4,5,,0,Common and reusable.,He doesn't eat much.
22243,A1,everyday,4.600,5,4,5,,0,Very natural and broadly useful.,Let's visit grandma.
22318,A1,everyday,4.600,5,4,5,,0,"Common, reusable instruction across contexts.",Eat your vegetables.
22800,A1,everyday,4.600,5,4,5,,0,Common and motivationally useful sentence.,We like to practice.
22830,A1,everyday,4.600,5,4,5,,0,Common social/perception sentence.,She sees her friend.
22971,A1,everyday,4.600,5,4,5,,0,Useful travel location statement,I am at the airport.
23011,A1,everyday,4.600,5,4,5,,0,Generic but widely usable assessment.,It's very difficult.
23041,A1,everyday,4.600,5,4,5,,0,Natural ownership phrase with solid everyday use.,This ticket is mine.
23535,A1,everyday,4.600,5,4,5,,0,Very reusable and cleanly translatable,Please arrive early.
23640,A1,everyday,4.600,5,4,5,,0,Practical travel/home sentence,The toilet is clean.
23821,A1,everyday,4.600,5,4,5,,0,"Natural, simple, and broadly reusable",That was a fun trip.
23856,A1,everyday,4.600,5,4,5,,0,Natural and broadly reusable,The journey is long.
24002,A1,everyday,4.600,5,4,5,,0,Natural and useful health-related phrase.,He changed his diet.
24023,A1,everyday,4.600,5,4,5,,0,Simple past statement with good reuse.,We talked yesterday.
24280,A1,everyday,4.600,5,4,5,,0,Common introductory question.,Where were you born?
24594,A1,everyday,4.600,5,4,5,,0,Natural hobby question with good reuse,Do you like reading?
24786,A1,everyday,4.600,5,4,5,,0,"Natural, reusable spatial question",What is on the left?
25239,A1,everyday,4.600,5,4,5,,0,Natural and useful for routines,When do you wake up?
25329,A1,everyday,4.600,5,4,5,,0,Useful duration pattern.,It takes one minute.
25372,A1,everyday,4.600,5,4,5,,0,Natural and useful everyday sentence.,She has a good idea.
25436,A1,everyday,4.600,5,4,5,,0,Common and easy to reuse.,Let's go downstairs.
25550,A1,everyday,4.600,5,4,5,,0,Clear common accident statement,I fell off the bike.
25554,A1,everyday,4.600,5,4,5,,0,"Common, flexible request phrase.",Give me another one.
25757,A1,everyday,4.600,5,4,5,,0,Common and reusable in everyday conversation.,We have other plans.
25849,A1,everyday,4.600,5,4,5,,0,"Common, clear travel/time statement.",They leave tomorrow.
25878,A1,everyday,4.600,5,4,5,,0,Very common conversational phrase.,Maybe you are right.
26034,A1,everyday,4.600,5,4,5,,0,"Clear, common instruction",Wait until tomorrow.
26211,A1,everyday,4.600,5,4,5,,0,Useful everyday instruction,Write the list down.
26268,A1,everyday,4.600,5,4,5,,0,Natural emotion sentence with useful time word,He is excited today.
26337,A1,everyday,4.600,5,4,5,,0,Common future-arrival phrase; highly reusable.,He will arrive soon.
26637,A1,everyday,4.600,5,4,5,,0,Natural health complaint with time marker.,My hand hurts today.
26732,A1,everyday,4.600,5,4,5,,0,Natural and common action sentence.,She gives him a hug.
26763,A1,everyday,4.600,5,4,5,,0,Common classroom or family request,Please be quiet now.
26798,A1,everyday,4.600,5,4,5,,0,Natural and situationally useful,We cannot wait here.
10413,A1,everyday,4.600,5,4,5,,0,Useful correction phrase,"No, that's not right."
12452,A1,everyday,4.600,5,4,5,,0,Natural sensory complaint with practical use,That soup smells bad.
12524,A1,everyday,4.600,5,4,5,,0,"Simple, natural, and practical.",I had soup for lunch.
14232,A1,everyday,4.600,5,4,5,,0,"Natural, common, broadly useful.",This is a nice place.
14331,A1,everyday,4.600,5,4,5,,0,Natural and broadly useful request,Can you wait outside?
14559,A1,everyday,4.600,5,4,5,,0,Everyday present-action sentence.,I’m having lunch now.
15145,A1,everyday,4.600,5,4,5,,0,Common regret/apology statement.,It was a big mistake.
21598,A1,everyday,4.600,5,4,5,,0,Common invitation/welcome phrase.,Welcome to the party.
21674,A1,everyday,4.600,5,4,5,,0,"Simple, everyday purchase sentence",I bought some cheese.
22195,A1,everyday,4.600,5,4,5,,0,"Natural, simple, and useful for children/families",Let's share this toy.
22315,A1,everyday,4.600,5,4,5,,0,Natural household action,She cleans the floor.
22428,A1,everyday,4.600,5,4,5,,0,Very natural and broadly useful,Eat if you're hungry.
22817,A1,everyday,4.600,5,4,5,,0,Very common everyday statement.,My clothes are dirty.
22818,A1,everyday,4.600,5,4,5,,0,Natural and practical.,We need more clothes.
22944,A1,everyday,4.600,5,4,5,,0,Modern and reusable possession phrase.,He has his own phone.
23497,A1,everyday,4.600,5,4,5,,0,Natural question about memory/habit.,Do you forget easily?
23536,A1,everyday,4.600,5,4,5,,0,Natural and useful time-reference sentence,They arrive tomorrow.
23574,A1,everyday,4.600,5,4,5,,0,"Natural, useful reaction phrase.",That cake is amazing.
23684,A1,everyday,4.600,5,4,5,,0,Common selection phrase; broadly useful.,I need the right one.
23760,A1,everyday,4.600,5,4,5,,0,"General, practical request with good coverage.",Send the message now.
23839,A1,everyday,4.600,5,4,5,,0,Useful travel/navigation question,Is this a restaurant?
23866,A1,everyday,4.600,5,4,5,,0,Clear directional instruction with good reuse,Choose left or right.
23947,A1,everyday,4.600,5,4,5,,0,"Natural, common relationship question",Is he your boyfriend?
23972,A1,everyday,4.600,5,4,5,,0,Common strong reaction; broadly useful.,That's a big mistake!
23989,A1,everyday,4.600,5,4,5,,0,"Common, clear phrase with broad use",That was in the past.
24240,A1,everyday,4.600,5,4,5,,0,"Common, useful, and cleanly translatable",I see the difference.
24557,A1,everyday,4.600,5,4,5,,0,Natural household navigation phrase,Where is the kitchen?
25070,A1,everyday,4.600,5,4,5,,0,Natural and practical,Please fill the tank.
25125,A1,everyday,4.600,5,4,5,,0,Natural hobby question with broad reuse,Do you like swimming?
25213,A1,everyday,4.600,5,4,5,,0,Common command used with children or at meals.,Finish your meal now.
25271,A1,everyday,4.600,5,4,5,,0,Natural and useful caregiver instruction,"Eat first, then play."
25682,A1,everyday,4.600,5,4,5,,0,Natural and flexible.,Let's watch the show.
25718,A1,everyday,4.600,5,4,5,,0,"Common, useful statement about urgency/help.",He really needs help.
25754,A1,everyday,4.600,5,4,5,,0,Very natural and useful for choosing/identifying items,What's the other one?
25955,A1,everyday,4.600,5,4,5,,0,Common and easy to translate.,This gift is for her.
25973,A1,everyday,4.600,5,4,5,,0,Natural and versatile in many contexts,Do you want anything?
25974,A1,everyday,4.600,5,4,5,,0,Natural and broadly reusable.,I don't see anything.
26009,A1,everyday,4.600,5,4,5,,0,Natural and reusable physical state sentence.,She is feeling tired.
26156,A1,everyday,4.600,5,4,5,,0,Common hobby/topic question,Do you like shopping?
26214,A1,everyday,4.600,5,4,5,,0,"Common, natural question about interests.",Do you enjoy cooking?
26257,A1,everyday,4.600,5,4,5,,0,"Natural, common feeling statement, translates cleanly.",Music makes me happy.
26445,A1,everyday,4.600,5,4,5,,0,"Natural offer/question, broadly useful.",Do you also want one?
26779,A1,everyday,4.600,5,4,5,,0,Useful classroom/request phrase.,Say the phrase again.
26836,A1,everyday,4.600,5,4,5,,0,"Common timing instruction, clear and useful",Wait fifteen minutes.
26921,A1,everyday,4.600,5,4,5,,0,Natural and broadly useful everyday sentence.,She doesn't eat much.
21010,A1,everyday,4.600,5,4,5,,0,Natural everyday check-in question.,Are you at home today?
21962,A1,everyday,4.600,5,4,5,,0,Natural and broadly useful.,She gives good advice.
22001,A1,everyday,4.600,5,4,5,,0,Natural relationship introduction.,This is my girlfriend.
22049,A1,everyday,4.600,5,4,5,,0,Natural everyday action.,I put sugar in my tea.
22816,A1,everyday,4.600,5,4,5,,0,Everyday chore sentence with good reuse.,He washes his clothes.
22858,A1,everyday,4.600,5,4,5,,0,Very common life situation and easy to translate.,We visit family often.
23030,A1,everyday,4.600,5,4,5,,0,Natural shopping/clothing question,Are jeans comfortable?
23225,A1,everyday,4.600,5,4,5,,0,Natural and broadly useful past-time statement.,I went home yesterday.
23359,A1,everyday,4.600,5,4,5,,0,Common and useful everyday statement,The bathroom is clean.
23479,A1,everyday,4.600,5,4,5,,0,Natural and useful food preference/offer question,Do you want ice cream?
23727,A1,everyday,4.600,5,4,5,,0,Common phrase for review/checking situations.,Everything looks good.
23810,A1,everyday,4.600,5,4,5,,0,Useful and flexible in many choice situations.,Which one do I choose?
23931,A1,everyday,4.600,5,4,5,,0,"Simple, common past-time statement",It happened yesterday.
24111,A1,everyday,4.600,5,4,5,,0,"Natural, practical location phrase.",This is the main road.
24242,A1,everyday,4.600,5,4,5,,0,"Short, flexible, highly reusable phrase.",There is a difference.
24250,A1,everyday,4.600,5,4,5,,0,Natural common reaction to an event.,The concert was great.
24642,A1,everyday,4.600,5,4,5,,0,Natural strong negative feeling statement,I feel terrible today.
25230,A1,everyday,4.600,5,4,5,,0,Very clear and reusable,The cat is in the box.
25485,A1,everyday,4.600,5,4,5,,0,Highly reusable for choices and comparisons.,I like the second one.
25948,A1,everyday,4.600,5,4,5,,0,Useful direction-giving phrase.,Keep walking straight.
26036,A1,everyday,4.600,5,4,5,,0,Common schedule/habit phrase.,She sleeps until noon.
26125,A1,everyday,4.600,5,4,5,,0,Natural basic self-introduction; common beginner pattern,I am twenty years old.
18287,A1,everyday,4.600,5,4,5,,0,Very natural and broadly useful,Don’t wake the baby up!
21587,A1,everyday,4.600,5,4,5,,0,Common possession/availability question.,Do you have any apples?
21591,A1,everyday,4.600,5,4,5,,0,Natural and versatile,We don't need any more.
21593,A1,everyday,4.600,5,4,5,,0,Useful modal pattern and daily-life topic,I should eat breakfast.
21740,A1,everyday,4.600,5,4,5,,0,Natural possession/location question.,Is this your apartment?
22604,A1,everyday,4.600,5,4,5,,0,Common expression for a fear; highly usable.,He's afraid of heights.
22644,A1,everyday,4.600,5,4,5,,0,"Useful, natural statement about equipment.",The machine works well.
22784,A1,everyday,4.600,5,4,5,,0,Natural reaction phrase,"Oh, that's interesting."
23081,A1,everyday,4.600,5,4,5,,0,Natural routine phrase,I wake up around eight.
23086,A1,everyday,4.600,5,4,5,,0,Natural library/classroom request,Return the book please.
23322,A1,everyday,4.600,5,4,5,,0,Natural routine statement with everyday use,I always eat breakfast.
23861,A1,everyday,4.600,5,4,5,,0,Very usable group instruction; cleanly translatable.,"Everybody, come inside."
23915,A1,everyday,4.600,5,4,5,,0,Useful for choosing or identifying items.,Is this the second one?
24241,A1,everyday,4.600,5,4,5,,0,"Natural, common, and clear across contexts",What is the difference?
24244,A1,everyday,4.600,5,4,5,,0,Useful instructional phrase.,Show me the difference.
24646,A1,everyday,4.600,5,4,5,,0,"Specific, natural comparison question.",Is this the same color?
24707,A1,everyday,4.600,5,4,5,,0,Natural and useful in crowded settings,Please make some space.
25371,A1,everyday,4.600,5,4,5,,0,Common everyday question with broad reuse,Do you wash your hands?
25588,A1,everyday,4.600,5,4,5,,0,"Useful daily-life sentence, fully natural.",We usually drink water.
25866,A1,everyday,4.600,5,4,5,,0,Very natural daily-routine phrase.,We eat breakfast early.
26111,A1,everyday,4.600,5,4,5,,0,Very usable and broadly applicable.,I like the taste of it.
26267,A1,everyday,4.600,5,4,5,,0,Natural and useful description,She looks very excited.
26786,A1,everyday,4.600,5,4,5,,0,Natural encouragement phrase,"Don't stop, keep going."
11966,A1,everyday,4.600,5,4,5,,0,Simple and useful request,Please hand me a bottle.
15685,A1,everyday,4.600,5,4,5,,0,Natural travel sentence with good reuse.,We went on a short trip.
21543,A1,everyday,4.600,5,4,5,,0,Natural and broadly useful advice,Drink if you're thirsty.
21924,A1,everyday,4.600,5,4,5,,0,Common and reusable,I have a lot of friends.
22056,A1,everyday,4.600,5,4,5,,0,"Common household phrase, easy to translate",Check the shopping list.
22390,A1,everyday,4.600,5,4,5,,0,Natural and broadly useful time instruction.,Stay until five o'clock.
22432,A1,everyday,4.600,5,4,5,,0,Useful house-navigation sentence,The bedroom is upstairs.
22488,A1,everyday,4.600,5,4,5,,0,Common health-related request,Please drink some water.
22935,A1,everyday,4.600,5,4,5,,0,Natural and broadly useful,Put water in the bottle.
23290,A1,everyday,4.600,5,4,5,,0,Natural travel/schedule sentence.,We leave early tomorrow.
23755,A1,everyday,4.600,5,4,5,,0,Natural and encouraging phrase,We can improve together.
24187,A1,everyday,4.600,5,4,5,,0,Common table request.,"Pass the butter, please."
24361,A1,everyday,4.600,5,4,5,,0,Common aspiration statement; clear and useful.,He will become a doctor.
24482,A1,everyday,4.600,5,4,5,,0,Natural and broadly reusable motion phrase,I walk through the park.
24559,A1,everyday,4.600,5,4,5,,0,Natural household phrase with good reuse.,Let's clean the kitchen.
24751,A1,everyday,4.600,5,4,5,,0,Common real-life sentence about schedule.,Wednesday is my day off.
25075,A1,everyday,4.600,5,4,5,,0,Very natural and practical.,I go to the supermarket.
25414,A1,everyday,4.600,5,4,5,,0,"Simple, natural, and reusable.",I get wet when it rains.
25585,A1,everyday,4.600,5,4,5,,0,Natural daily routine phrase,I usually eat breakfast.
25977,A1,everyday,4.600,5,4,5,,0,Very natural and useful,She didn't buy anything.
26272,A1,everyday,4.600,5,4,5,,0,Natural spatial relation phrase with practical reuse.,My bag is next to yours.
11385,A1,everyday,4.600,5,4,5,,0,Common nationality/origin pattern.,My friend is from Brazil.
17510,A1,everyday,4.600,5,4,5,,0,Common everyday statement,There is ice in my drink.
17672,A1,everyday,4.600,5,4,5,,0,Very natural request phrase.,I’d like a slice of cake.
21775,A1,everyday,4.600,5,4,5,,0,Natural routine sentence for children/families.,I play outside every day.
21845,A1,everyday,4.600,5,4,5,,0,Natural scheduling phrase with good reuse.,Let's go after breakfast.
21889,A1,everyday,4.600,5,4,5,,0,"Natural, clear, and reusable",An umbrella keeps me dry.
22395,A1,everyday,4.600,5,4,5,,0,Very common instruction across contexts.,Start from the beginning.
22599,A1,everyday,4.600,5,4,5,,0,Natural and useful fear expression.,She is afraid of spiders.
22822,A1,everyday,4.600,5,4,5,,0,Common everyday sentence,The telephone is ringing.
22953,A1,everyday,4.600,5,4,5,,0,Useful and natural in study contexts.,Please write your answer.
23034,A1,everyday,4.600,5,4,5,,0,Natural everyday sentence,There is one cookie left.
23373,A1,everyday,4.600,5,4,5,,0,"Simple, natural, and highly teachable.",This is bigger than that.
23548,A1,everyday,4.600,5,4,5,,0,Common movement phrase,I walk across the street.
23706,A1,everyday,4.600,5,4,5,,0,Common and useful location statement,My phone is on the table.
25076,A1,everyday,4.600,5,4,5,,0,Very common travel/shopping question.,Where is the supermarket?
25957,A1,everyday,4.600,5,4,5,,0,Very natural and widely reusable,What are you waiting for?
26595,A1,everyday,4.600,5,4,5,,0,Common positive-experience sentence.,We had a good time today.
26672,A1,everyday,4.600,5,4,5,,0,Natural and practical time statement.,Vacation starts tomorrow.
10567,A1,everyday,4.600,5,4,5,,0,Natural and broadly useful emotional state.,She has a strange feeling.
15945,A1,everyday,4.600,5,4,5,,0,Natural everyday offering sentence,These cookies are for you.
21696,A1,everyday,4.600,5,4,5,,0,Natural request with clear real-life use.,Explain the situation now.
22625,A1,everyday,4.600,5,4,5,,0,"Natural causal sentence, easy to reuse.",He cries because he's sad.
23165,A1,everyday,4.600,5,4,5,,0,Natural breakfast sentence.,I eat bread for breakfast.
23864,A1,everyday,4.600,5,4,5,,0,Useful choice-offering sentence for daily contexts.,You can have soup or rice.
24098,A1,everyday,4.600,5,4,5,,0,Natural basic preposition practice,Put the toy under the mat.
24861,A1,everyday,4.600,5,4,5,,0,Natural sentence with simple contrast,The cat is cute but noisy.
25558,A1,everyday,4.600,5,4,5,,0,"Common, clear everyday statement",I eat ice cream sometimes.
25624,A1,everyday,4.600,5,4,5,,0,Natural and broadly useful past-tense sentence,They arrived two days ago.
25970,A1,everyday,4.600,5,4,5,,0,Natural travel phrase,We are staying at a hotel.
26486,A1,everyday,4.600,5,4,5,,0,Natural and practical,She cooks meat for dinner.
7193,A1,everyday,4.600,5,4,5,,0,"Natural, concrete location sentence",The tablet is on the table.
17646,A1,everyday,4.600,5,4,5,,0,Useful sentence for plans and schedules.,The concert is on Saturday.
22285,A1,everyday,4.600,5,4,5,,0,Natural safety phrase with broad reuse,Cross the street carefully.
22593,A1,everyday,4.600,5,4,5,,0,Useful daily-schedule sentence; clean translation.,Lunch is at twelve o'clock.
23374,A1,everyday,4.600,5,4,5,,0,Comparative preference is useful and natural,I like cats more than dogs.
23525,A1,everyday,4.600,5,4,5,,0,Common real-life grooming statement.,She painted her nails blue.
23537,A1,everyday,4.600,5,4,5,,0,Useful location pattern,The cat is behind the door.
24764,A1,everyday,4.600,5,4,5,,0,"Common real-life action, easy to translate",I am filling out this form.
25294,A1,everyday,4.600,5,4,5,,0,Natural shopping sentence,She bought a pair of shoes.
25589,A1,everyday,4.600,5,4,5,,0,Common routine description.,She usually wakes up early.
25752,A1,everyday,4.600,5,4,5,,0,"Natural, common pointing/identifying question.",Is that the one over there?
6233,A1,everyday,4.600,5,4,5,,0,"Natural, common shopping description.",This coat is very expensive.
13643,A1,everyday,4.600,5,4,5,,0,Very natural and broadly useful,Let’s see what happens next.
17131,A1,everyday,4.600,5,4,5,,0,Useful everyday location sentence,The cat is next to the sofa.
18179,A1,everyday,4.600,5,4,5,,0,"Natural, clear, and reusable",The pool is very cold today.
24135,A1,everyday,4.600,5,4,5,,0,Natural daily-life sentence,I ride my bicycle to school.
24671,A1,everyday,4.600,5,4,5,,0,Natural invitation with broad reuse.,Let's do something exciting.
23987,A1,everyday,4.600,5,4,5,,0,Common etiquette phrase with clean translation.,"Say ""please"" and ""thank you."""
25048,A1,everyday,4.600,5,4,5,,0,Very natural and useful in real settings.,There are so few people here.
1739,A1,everyday,4.600,5,4,5,,0,Natural and useful household-location sentence.,There is a cup on the counter.
5967,A1,everyday,4.600,5,4,5,,0,Natural shopping/help request,Can you find this item for me?
7599,A1,everyday,4.600,5,4,5,,0,Common household request,Can you switch off the lights?
10205,A1,everyday,4.600,5,4,5,,0,Natural accident scenario with practical vocabulary,I spilled juice on the carpet.
22167,A1,everyday,4.600,5,4,5,,0,Common and highly transparent.,The neighbour lives next door.
12400,A1,everyday,4.600,5,4,5,,0,Natural everyday statement,"After running, I need a shower."
20662,A1,everyday,4.600,5,4,5,,0,Natural and broadly useful location sentence.,There is a flower on the table.
10549,A1,everyday,4.600,5,4,5,,0,Natural everyday statement.,I didn’t eat much for breakfast.
13214,A1,everyday,4.600,5,4,5,,0,"Natural, everyday instruction.",Put on your hat before we leave!
16334,A1,everyday,4.600,5,4,5,,0,Natural and useful location sentence,The bakery is far from my house.
18436,A1,everyday,4.600,5,4,5,,0,Very natural everyday prompt.,Tell me what happened yesterday!
24461,A1,everyday,4.600,5,4,5,,0,Very natural and useful everyday advice.,Wear a jacket because it's cold.
26480,A1,everyday,4.600,5,4,5,,0,Natural daily-life sentence.,We go for a walk in the evening.
19600,A1,everyday,4.600,5,4,5,,0,Natural and practical public-space request,Please don't leave your bag here.
10298,A1,everyday,4.600,5,4,5,,0,"Common, useful daily-life sentence.",I hope to go to bed early tonight.
17076,A1,everyday,4.600,5,4,5,,0,Very natural pain complaint.,Ouch! My tooth really hurts today!
18035,A1,everyday,4.600,5,4,5,,0,Natural modern everyday sentence.,I don’t want to lose my new phone.
18996,A1,everyday,4.600,5,4,5,,0,Natural invitation learners can reuse,Please join us for dinner tonight!
15898,A1,everyday,4.600,5,4,5,,0,Very natural everyday request,Please add milk to the grocery list.
11539,A1,everyday,4.600,5,4,5,,0,Natural and useful in everyday situations.,I will wait here until you come back.
14487,A1,everyday,4.600,5,4,5,,0,Natural meal-planning sentence.,We're having grilled fish for dinner.
12714,A1,everyday,4.600,5,4,5,,0,Natural polite everyday request,"Can you pass me the newspaper, please?"
12274,A1,everyday,4.600,5,4,5,,0,"Practical transit phrase, very clear.",Let’s get off the bus at the next stop.
9954,A1,everyday,4.600,5,4,5,,0,"Natural, concrete, and easy to map.",I like to make soup when it's cold outside.
11512,A1,everyday,4.600,5,4,5,,0,Natural daily-routine sentence.,She put on her dress before leaving the house.
11307,A1,everyday,4.800,5,5,4,,0,Very common short response,Of course.
26498,A1,everyday,4.800,5,5,4,,0,Very common and practical,Is that ok?
21600,A1,everyday,4.800,5,5,4,,0,Very common fixed phrase; useful despite some translation variation.,You are welcome.
26955,A1,everyday,4.800,5,5,4,,0,Very common and useful,Is it all right?
24377,A1,everyday,4.800,5,5,4,,0,Very common and useful conversational phrase,I see what you mean.
23309,A1,everyday,5.000,5,5,5,,0,"Very common, flexible phrase",Call me.
25517,A1,everyday,5.000,5,5,5,,0,Core everyday imperative,Be quiet!
21527,A1,everyday,5.000,5,5,5,,0,Core high-frequency phrase.,Thank you.
22573,A1,everyday,5.000,5,5,5,,0,"Very natural, common, and useful.",I go home.
24190,A1,everyday,5.000,5,5,5,,0,Very common and practical everyday phrase,I am late.
24466,A1,everyday,5.000,5,5,5,,0,Very common everyday phrase,Go to bed.
24576,A1,everyday,5.000,5,5,5,,0,"Essential, high-frequency phrase.",I'm sorry.
24142,A1,everyday,5.000,5,5,5,,0,Core everyday command.,Turn it on.
24923,A1,everyday,5.000,5,5,5,,0,Common basic emotion statement,I am bored.
25711,A1,everyday,5.000,5,5,5,,0,Core high-frequency condition statement,I am tired.
26660,A1,everyday,5.000,5,5,5,,0,Core high-frequency phrase,I am ready.
26938,A1,everyday,5.000,5,5,5,,0,Highly useful basic emotion statement,I am angry.
21687,A1,everyday,5.000,5,5,5,,0,Core everyday greeting/question,How are you?
21802,A1,everyday,5.000,5,5,5,,0,Very common and broadly useful,I want more.
22153,A1,everyday,5.000,5,5,5,,0,Core direction phrase,I turn left.
22366,A1,everyday,5.000,5,5,5,,0,"Very common, clean, and broadly reusable",He is happy.
23286,A1,everyday,5.000,5,5,5,,0,"Very common, high-frequency question.",Is she here?
24408,A1,everyday,5.000,5,5,5,,0,"Very common need state, highly reusable",I am hungry.
26165,A1,everyday,5.000,5,5,5,,0,"Very common, versatile, and cleanly translatable",That's fine.
26373,A1,everyday,5.000,5,5,5,,0,Very common and highly reusable,Is that all?
5772,A1,everyday,5.000,5,5,5,,0,Very common and broadly useful.,Let’s go now.
20416,A1,everyday,5.000,5,5,5,,0,"Very common need state, highly reusable",I am thirsty.
21650,A1,everyday,5.000,5,5,5,,0,Very common and highly useful,Is this free?
22213,A1,everyday,5.000,5,5,5,,0,Very common correction phrase,That's wrong.
22637,A1,everyday,5.000,5,5,5,,0,Core greeting with excellent reuse,Good morning!
22906,A1,everyday,5.000,5,5,5,,0,Essential everyday phrase.,I have to go.
23406,A1,everyday,5.000,5,5,5,,0,Very common action prompt,"Ok, let's go."
24210,A1,everyday,5.000,5,5,5,,0,Common and practical health complaint.,My leg hurts.
24393,A1,everyday,5.000,5,5,5,,0,Very common and highly reusable,I like pizza.
24944,A1,everyday,5.000,5,5,5,,0,Essential survival phrase; very clear and reusable.,I need water.
25336,A1,everyday,5.000,5,5,5,,0,Extremely common confirmation phrase,That's right.
25669,A1,everyday,5.000,5,5,5,,0,"Simple, common weather/comfort phrase.",It's too hot.
25785,A1,everyday,5.000,5,5,5,,0,Very common daily-life sentence.,I eat dinner.
26664,A1,everyday,5.000,5,5,5,,0,Core phrase; natural and reusable,We are ready.
26757,A1,everyday,5.000,5,5,5,,0,Very common and highly reusable.,Are you sure?
21528,A1,everyday,5.000,5,5,5,,0,"Very common, natural, broadly reusable farewell.",See you later.
22100,A1,everyday,5.000,5,5,5,,0,Highly reusable everyday imperative.,Throw it away.
22139,A1,everyday,5.000,5,5,5,,0,Very common and high-value phrase.,Give it to me.
22214,A1,everyday,5.000,5,5,5,,0,"Common, direct, and highly reusable.",Is this wrong?
22294,A1,everyday,5.000,5,5,5,,0,Very common basic sentence.,I drink water.
22832,A1,everyday,5.000,5,5,5,,0,Very practical travel phrase; highly reusable.,I need a taxi.
22842,A1,everyday,5.000,5,5,5,,0,Core everyday shopping phrase.,Buy some food.
23681,A1,everyday,5.000,5,5,5,,0,Core high-frequency question,Is that right?
23750,A1,everyday,5.000,5,5,5,,0,Very common and practical,Read the sign.
23951,A1,everyday,5.000,5,5,5,,0,Very common and useful.,Are you tired?
24193,A1,everyday,5.000,5,5,5,,0,Highly common and reusable,Don't be late.
24411,A1,everyday,5.000,5,5,5,,0,Very natural and highly useful,We are hungry.
24457,A1,everyday,5.000,5,5,5,,0,Very common everyday statement,He left early.
24699,A1,everyday,5.000,5,5,5,,0,"Natural, common, highly reusable",Call me later.
25335,A1,everyday,5.000,5,5,5,,0,"Very common, flexible, and easy to translate.",Is this right?
26377,A1,everyday,5.000,5,5,5,,0,"Very natural, highly useful health-related phrase.",My back hurts.
26401,A1,everyday,5.000,5,5,5,,0,Natural and broadly useful,Add some salt.
26600,A1,everyday,5.000,5,5,5,,0,High-frequency real-life problem sentence,I lost my key.
26662,A1,everyday,5.000,5,5,5,,0,Very common and practical.,Food is ready.
21781,A1,everyday,5.000,5,5,5,,0,Very common and reusable,Is this enough?
23032,A1,everyday,5.000,5,5,5,,0,Very common direction phrase.,Turn left here.
25373,A1,everyday,5.000,5,5,5,,0,Highly reusable and natural,I have an idea.
25636,A1,everyday,5.000,5,5,5,,0,Highly useful transport phrase,I take the bus.
25733,A1,everyday,5.000,5,5,5,,0,Very common instruction.,Just wait here.
25735,A1,everyday,5.000,5,5,5,,0,Very common and reusable.,I just arrived.
26052,A1,everyday,5.000,5,5,5,,0,Very common and clear,Don't say that.
26193,A1,everyday,5.000,5,5,5,,0,"Very common, versatile conversational phrase",What about you?
26592,A1,everyday,5.000,5,5,5,,0,Highly useful everyday phrase.,I have no time.
21681,A1,everyday,5.000,5,5,5,,0,Very common and broadly reusable,I speak English.
22082,A1,everyday,5.000,5,5,5,,0,Core greeting phrase,"Hi, how are you?"
22141,A1,everyday,5.000,5,5,5,,0,Very common daily-life phrase,I take a shower.
22603,A1,everyday,5.000,5,5,5,,0,"Natural, frequent, and easy to translate",Don't be afraid.
22746,A1,everyday,5.000,5,5,5,,0,"Very common, useful, and easy to translate.",Let me help you.
22905,A1,everyday,5.000,5,5,5,,0,Common and useful for learners.,I have to study.
23026,A1,everyday,5.000,5,5,5,,0,Very common modern action.,I read my email.
23037,A1,everyday,5.000,5,5,5,,0,Very useful for travel and events,I have a ticket.
23680,A1,everyday,5.000,5,5,5,,0,Very common direction phrase.,Turn right here.
23984,A1,everyday,5.000,5,5,5,,0,Very common and cleanly translatable.,Please sit down.
24192,A1,everyday,5.000,5,5,5,,0,Very common and reusable,The bus is late.
24412,A1,everyday,5.000,5,5,5,,0,Very common and useful.,I'm very hungry!
24577,A1,everyday,5.000,5,5,5,,0,Very common and useful apology.,"Sorry, I'm late."
24825,A1,everyday,5.000,5,5,5,,0,Very useful everyday problem phrase,My tire is flat.
25367,A1,everyday,5.000,5,5,5,,0,Very common and highly reusable.,I wash my hands.
25786,A1,everyday,5.000,5,5,5,,0,Very common household phrase,Dinner is ready.
25992,A1,everyday,5.000,5,5,5,,0,Core high-frequency survival phrase,Can you help me?
26152,A1,everyday,5.000,5,5,5,,0,Very common activity preference,I like shopping.
26311,A1,everyday,5.000,5,5,5,,0,Very useful everyday offer/instruction,Have some water.
26632,A1,everyday,5.000,5,5,5,,0,"Very common, reusable instruction",Raise your hand.
26712,A1,everyday,5.000,5,5,5,,0,Very practical everyday event sentence,He lost his key.
21595,A1,everyday,5.000,5,5,5,,0,Highly reusable everyday phrase.,We should go now.
21726,A1,everyday,5.000,5,5,5,,0,"Common, clear, broadly useful phrase",The game is over.
22174,A1,everyday,5.000,5,5,5,,0,"Highly natural, flexible, and easy to translate",Let's meet later.
22426,A1,everyday,5.000,5,5,5,,0,Very common and practical,What if it rains?
22834,A1,everyday,5.000,5,5,5,,0,Very common real-life travel phrase,The taxi is here.
23407,A1,everyday,5.000,5,5,5,,0,Very common and versatile check-in question.,Is everything ok?
24575,A1,everyday,5.000,5,5,5,,0,Very common apology; broadly reusable.,Sorry about that.
24700,A1,everyday,5.000,5,5,5,,0,"Very common, practical promise/instruction.",He will call you.
26245,A1,everyday,5.000,5,5,5,,0,Essential beginner phrase; highly reusable,What's your name?
26758,A1,everyday,5.000,5,5,5,,0,"Very natural, common, and easy to translate.","Sure, I can help."
26852,A1,everyday,5.000,5,5,5,,0,"Very common, clean, and broadly reusable.",Time for a break!
26969,A1,everyday,5.000,5,5,5,,0,Very common and broadly useful.,Are you busy now?
14383,A1,everyday,5.000,5,5,5,,0,Very common and useful travel phrase,The train is late.
21596,A1,everyday,5.000,5,5,5,,0,Highly reusable everyday question.,Should I call him?
21782,A1,everyday,5.000,5,5,5,,0,Very reusable everyday phrase,That's not enough.
21870,A1,everyday,5.000,5,5,5,,0,Very common and useful,Where do you live?
22257,A1,everyday,5.000,5,5,5,,0,"Very common, clear retry request.","Try again, please."
23340,A1,everyday,5.000,5,5,5,,0,Highly reusable everyday question,Where are my keys?
23638,A1,everyday,5.000,5,5,5,,0,Very practical survival phrase with clear meaning.,I need the toilet.
23714,A1,everyday,5.000,5,5,5,,0,Very common everyday phrase.,Take the bus home.
23752,A1,everyday,5.000,5,5,5,,0,Very reusable daily-routine sentence.,We read every day.
24459,A1,everyday,5.000,5,5,5,,0,Very common and reusable,The water is cold.
24549,A1,everyday,5.000,5,5,5,,0,"Very common, natural, broadly useful request",Would you help me?
24743,A1,everyday,5.000,5,5,5,,0,Essential household command.,Turn on the light.
26153,A1,everyday,5.000,5,5,5,,0,Highly natural and useful.,Let's go shopping.
26221,A1,everyday,5.000,5,5,5,,0,Highly useful everyday phrase,I see you tonight.
26930,A1,everyday,5.000,5,5,5,,0,Very natural and useful health/wellbeing question,Do you sleep well?
26952,A1,everyday,5.000,5,5,5,,0,Very useful transport-related phrase,The last bus left.
18626,A1,everyday,5.000,5,5,5,,0,"Very common, practical, and clear",I am not ready yet.
21659,A1,everyday,5.000,5,5,5,,0,Very natural invitation phrase.,Join us for dinner.
21869,A1,everyday,5.000,5,5,5,,0,Common and practical.,I know where it is.
23335,A1,everyday,5.000,5,5,5,,0,Very common and reusable.,It's too expensive.
23360,A1,everyday,5.000,5,5,5,,0,Very common and high-value everyday phrase,Go to the bathroom.
23708,A1,everyday,5.000,5,5,5,,0,Very common and useful ownership question.,Is that your phone?
23724,A1,everyday,5.000,5,5,5,,0,"Very common, concise reassurance phrase.",Everything is fine.
23908,A1,everyday,5.000,5,5,5,,0,"Highly natural, common, and easy to translate",What is this thing?
24007,A1,everyday,5.000,5,5,5,,0,Very common and practical question.,Is the door locked?
25232,A1,everyday,5.000,5,5,5,,0,"Very natural, common, and easy to translate",What is in the bag?
25374,A1,everyday,5.000,5,5,5,,0,Excellent everyday phrase; highly reusable.,That's a good idea.
25664,A1,everyday,5.000,5,5,5,,0,"Very common, useful, and cleanly translatable.",Let's take a break.
26335,A1,everyday,5.000,5,5,5,,0,Highly useful everyday phrase,I'll be there soon.
26611,A1,everyday,5.000,5,5,5,,0,Core greeting phrase; extremely useful.,"Hello, how are you?"
16256,A1,everyday,5.000,5,5,5,,0,Very natural and highly reusable.,Let's go for a walk.
22024,A1,everyday,5.000,5,5,5,,0,Very common and cleanly translatable,Do you wear glasses?
23639,A1,everyday,5.000,5,5,5,,0,Highly useful and universally understood.,Where is the toilet?
25333,A1,everyday,5.000,5,5,5,,0,Very common and highly reusable.,Let's wait a minute.
13751,A1,everyday,5.000,5,5,5,,0,Core introductory question,"Hi, what’s your name?"
21682,A1,everyday,5.000,5,5,5,,0,Excellent learner phrase; common request.,"Speak slowly, please."
23326,A1,everyday,5.000,5,5,5,,0,Very useful everyday instruction,Always lock the door.
23589,A1,everyday,5.000,5,5,5,,0,Common caring phrase; highly reusable,Hope you feel better.
23637,A1,everyday,5.000,5,5,5,,0,Very common and practical travel question.,Is the toilet nearby?
25341,A1,everyday,5.000,5,5,5,,0,Very common and broadly useful question,What is on the table?
25813,A1,everyday,5.000,5,5,5,,0,Very common and useful phrase,I remember your name.
26823,A1,everyday,5.000,5,5,5,,0,Very common and broadly useful offer/question,Do you want any help?
26824,A1,everyday,5.000,5,5,5,,0,Very useful basic negative statement,There isn't any food.
26848,A1,everyday,5.000,5,5,5,,0,Very common complaint; highly reusable.,That's a lot of work!
8210,A1,everyday,5.000,5,5,5,,0,"Very common, natural, and easy to translate",Can I have some water?
21801,A1,everyday,5.000,5,5,5,,0,Very common and clear request,Can I have more juice?
21925,A1,everyday,5.000,5,5,5,,0,"Very common, practical everyday phrase.",That's a lot of money.
26853,A1,everyday,5.000,5,5,5,,0,Very common and broadly useful.,This is my first time.
24683,A1,everyday,5.000,5,5,5,,0,Very common farewell phrase,"Goodbye, see you later."
26822,A1,everyday,5.000,5,5,5,,0,Very common and useful.,I don't have any money.
25625,A1,everyday,5.000,5,5,5,,0,Very common everyday sentence.,He called me a week ago.
817,A1,everyday,5.000,5,5,5,,0,Highly useful and widely reusable,I want something to drink.
6228,A1,everyday,5.000,5,5,5,,0,Very useful everyday shopping/clothing sentence.,The coat is too big for me.
9387,A1,everyday,5.000,5,5,5,,0,"Very common, concrete everyday sentence.",I put my keys on the table.
14353,A1,everyday,5.000,5,5,5,,0,Very common real-life problem phrase,My phone's battery is dead.
26122,A1,everyday,5.000,5,5,5,,0,"Natural, common, broadly reusable",Call me when you are ready.
20518,A1,everyday,5.000,5,5,5,,0,Highly natural and broadly useful.,Let me know if you need help.
15171,A1,everyday,5.000,5,5,5,,0,Very useful hospitality/basic-needs phrase.,He gave me something to drink.
10414,A1,everyday,5.000,5,5,5,,0,Very common and practical,There is no milk in the fridge.
25626,A1,everyday,5.000,5,5,5,,0,Highly reusable everyday sentence,She moved here three months ago.
20147,A1,everyday,5.000,5,5,5,,0,High-frequency polite request.,"I’d like a glass of milk, please."
22527,A1,everyday,5.000,5,5,5,,0,Very useful real-world complaint; translates cleanly.,The food doesn't taste very good.
14182,A1,everyday,5.000,5,5,5,,0,"Very common, natural, and easy to translate","Can you turn on the light, please?"
9286,A1,everyday,5.000,5,5,5,,0,Very useful modern support phrase,Can you show me how to use this app?
19762,A1,everyday,5.000,5,5,5,,0,Very natural and practical instruction.,Stand still while I take your picture.
22332,A1,social,3.800,4,3,5,,0,Natural hobby statement,My sister plays guitar.
26646,A1,social,3.800,4,3,5,,0,Natural and clear,She believes her friend.
24916,A1,social,3.800,4,3,5,,0,Natural enough and more general than 'discuss plans'.,Let's discuss this together.
25892,A1,social,3.800,4,3,5,,0,Natural enough and broadly usable.,We swim together at the pool.
20914,A1,social,3.800,4,3,5,,0,Natural well-wish with clear meaning.,I hope good things come to you.
24958,A1,social,3.800,4,3,5,,0,Natural and emotionally useful,Please don't compare me to others.
26042,A1,social,4.000,5,3,4,,0,"Common phrase, fairly portable",All is well.
24019,A1,social,4.000,5,3,4,,0,"Natural, but context-specific and pronoun may vary.",Let's find him.
24979,A1,social,4.000,5,3,4,,0,Natural fixed phrase; somewhat less universal.,We think alike.
24349,A1,social,4.000,5,3,4,,0,Common and useful enough despite cultural variation,I love holidays.
23191,A1,social,4.000,5,3,4,,0,Natural; 'bye' is informal but clear,Wave and say bye.
25700,A1,social,4.000,5,3,4,,0,Modern and understandable social-media phrase,She likes my post.
22581,A1,social,4.000,5,3,4,,0,Natural phrase; moderately useful.,She told a big lie.
21558,A1,social,4.000,5,3,4,,0,"Natural, though sport term varies by locale",The team plays football.
24806,A1,social,4.000,5,3,4,,0,Natural but somewhat abstract.,He has negative thoughts.
26049,A1,social,4.100,5,4,5,26614,1,"Useful, but trivial duplicate of greeting pattern.",Say hello.
23590,A1,social,4.100,5,4,5,25609,1,Useful but near-duplicate of stronger singular form,Come with us.
24709,A1,social,4.100,5,4,5,16801,1,Near-duplicate agreement phrase,"Yes, I agree."
22184,A1,social,4.100,5,4,5,23813,1,Near-duplicate of 'Nobody is here.',No one is here.
22185,A1,social,4.100,5,4,5,23814,1,"Good sentence, but duplicate of 'Is nobody coming?'.",Is no one coming?
25264,A1,social,4.100,5,4,5,23894,1,Near-duplicate beverage-making skeleton,She makes coffee.
25722,A1,social,4.100,5,4,5,25545,1,Natural but near-duplicate animal-preference item,Do you love cats?
25897,A1,social,4.100,5,4,5,22748,1,Near-duplicate of another 'together' invitation,Let's go together!
23050,A1,social,4.100,5,4,5,25974,1,Near-duplicate in meaning with broader negative perception.,I don't see anyone.
26974,A1,social,4.100,5,4,5,26274,1,Family-relation template; keep fewer variants,She is my daughter.
25831,A1,social,4.100,5,4,5,24608,1,Near-duplicate meetup template.,Meet me at the park.
11793,A1,social,4.100,5,4,5,22157,1,Exact duplicate of another item except punctuation.,Thanks for your help!
25348,A1,social,4.100,5,4,5,21528,1,Useful but still farewell-template padding.,See you this weekend.
24610,A1,social,4.100,5,4,5,22831,1,"Useful, but near-duplicate within the waiting-at-transport cluster.",We wait at the station.
22111,A1,social,4.100,5,4,5,23133,0,Natural and useful basic personality description,He is mean.
26872,A1,social,4.100,5,4,5,24246,0,Natural general advice; broader than friend variant.,Talk to people.
23484,A1,social,4.100,5,4,5,25938,0,Natural family introduction phrase.,This is my uncle.
24538,A1,social,4.100,5,4,5,22742,0,"Common, natural question in many contexts.",Is someone there?
26897,A1,social,4.100,5,4,5,16853,0,Very common and reusable.,She wants to play.
25057,A1,social,4.100,5,4,5,25058,0,"Natural, specific, and broadly useful.",This letter is personal.
22993,A1,social,4.100,5,4,5,25764,0,Natural and useful preference statement.,This is my favourite book.
22992,A1,social,4.100,5,4,5,25176,0,Very common beginner sentence.,My favourite colour is red.
21951,A1,social,4.200,5,3,5,,0,Common preference statement for adults.,I like beer.
24223,A1,social,4.200,5,3,5,,0,"Natural and clear, if basic.",He has a wife.
26512,A1,social,4.200,5,3,5,,0,"Natural and clear, though not top-tier utility.",Is she famous?
22750,A1,social,4.200,5,3,5,,0,Natural short interaction phrase,She lets me in.
24333,A1,social,4.200,5,3,5,,0,"Natural, common state, useful for daily life",I am so sleepy.
23177,A1,social,4.200,5,3,5,,0,"Natural, useful in care or medical contexts.",Open your mouth.
23515,A1,social,4.200,5,3,5,,0,Simple and broadly usable,I have a friend.
25168,A1,social,4.200,5,3,5,,0,Natural though not highly important,I like pictures.
26482,A1,social,4.200,5,3,5,,0,"Natural time-of-day preference, moderately useful",I like evenings.
22442,A1,social,4.200,5,3,5,,0,Natural praise phrase with decent reuse,You are the best.
23483,A1,social,4.200,5,3,5,,0,Natural and easy to translate,My uncle is here.
25347,A1,social,4.200,5,3,5,,0,"Natural and easy, though a bit generic.",Weekends are fun.
22183,A1,social,4.200,5,3,5,,0,Natural and clear location sentence,No one is outside.
24225,A1,social,4.200,5,3,5,,0,"Natural, though somewhat situational.",Is that your wife?
25891,A1,social,4.200,5,3,5,,0,Natural but somewhat specific activity.,We paint together.
25913,A1,social,4.200,5,3,5,,0,Modern and clear everyday action.,He sends an email.
22221,A1,social,4.200,5,3,5,,0,Natural clothing ownership question.,Is that your skirt?
23134,A1,social,4.200,4,4,5,,0,"Natural, general, and easy to translate",I like kind people.
23268,A1,social,4.200,4,4,5,,0,"Natural, inclusive, and useful",What is their name?
23519,A1,social,4.200,5,3,5,,0,Simple and natural emotion statement.,My friend is happy.
25618,A1,social,4.200,5,3,5,,0,"Natural and clear, though situational.",I know who you are.
25889,A1,social,4.200,5,3,5,,0,Natural hobby statement,She likes to paint.
26868,A1,social,4.200,5,3,5,,0,Simple present-progressive observation.,People are talking.
22408,A1,social,4.200,4,4,5,,0,"Simple, common description of a person.",That person is nice.
23771,A1,social,4.200,4,4,5,,0,Polite and reusable across many situations.,I want to thank you.
10257,A1,social,4.200,5,3,5,,0,"Natural, especially with children or in class",Can you tell a story?
21757,A1,social,4.200,5,3,5,,0,"Simple superlative sentence, reasonably useful.",He has the most toys.
21952,A1,social,4.200,5,3,5,,0,Natural offer phrase; somewhat specific,Would you like a beer?
24600,A1,social,4.200,5,3,5,,0,Natural and broadly understandable.,Friends are important.
24164,A1,social,4.200,5,3,5,,0,Modern and straightforward.,Post your photo online.
21972,A1,social,4.200,5,3,5,,0,Natural and clear basic possession phrase,We don't have many toys.
23876,A1,social,4.200,5,3,5,,0,Natural family-identification question.,Is that your grandmother?
25062,A1,social,4.200,5,3,5,,0,Natural modern phrase with fair reuse,She needs personal space.
26733,A1,social,4.200,4,4,5,,0,Natural and broadly useful.,We give gifts to friends.
24114,A1,social,4.200,5,3,5,,0,Natural and useful for books/shows.,I like the main character.
24451,A1,social,4.200,5,3,5,,0,Natural preference question; a bit specific.,Is he interested in games?
24595,A1,social,4.200,5,3,5,,0,Natural and clear activity preference,She loves reading stories.
20607,A1,social,4.200,5,3,5,,0,Natural present-progressive everyday sentence.,My father is reading a magazine.
21333,A1,social,4.200,5,3,5,,0,"Natural, but scenario-specific.",I hate saying goodbye at the airport.
23272,A1,social,4.400,5,4,4,,0,"Very common, though punctuation-only context is thin.",What?
22826,A1,social,4.400,5,4,4,,0,"Common and useful, though context-dependent",I like her.
26864,A1,social,4.400,5,4,4,,0,Natural hedge; slight pronoun ambiguity only.,He probably likes it.
23133,A1,social,4.500,5,5,5,22111,0,Core adjective sentence; highly reusable,He is kind.
24710,A1,social,4.500,5,5,5,23546,0,Essential polite phrase with maximum reuse,"Yes, please."
21719,A1,social,4.600,5,4,5,,0,Brief but very natural and reusable,What else?
21829,A1,social,4.600,5,4,5,,0,"Common, reusable, and translation-safe core phrase",I see him.
25617,A1,social,4.600,5,4,5,,0,Basic identification phrase with strong reuse.,Who is he?
23722,A1,social,4.600,5,4,5,,0,Basic identification phrase with strong reuse.,Who is she?
25356,A1,social,4.600,5,4,5,,0,Simple and broadly useful.,I know you.
24561,A1,social,4.600,5,4,5,,0,Common casual greeting; useful and clear.,Hello there!
26789,A1,social,4.600,5,4,5,,0,"Common, compact, useful.",She said no.
25873,A1,social,4.600,5,4,5,,0,Common personal-status statement,I am married.
26869,A1,social,4.600,5,4,5,,0,"Simple, natural, and broadly reusable",I see people.
21556,A1,social,4.600,5,4,5,,0,Natural and broadly useful,We are a team.
21828,A1,social,4.600,5,4,5,,0,Common and clear,I talk to him.
22112,A1,social,4.600,5,4,5,,0,Natural and broadly useful admonition,Don't be mean.
24099,A1,social,4.600,5,4,5,,0,Natural and widely reusable,I have a plan.
24155,A1,social,4.600,5,4,5,,0,Natural and broadly useful,We both agree.
25261,A1,social,4.600,5,4,5,,0,Common real-life preference with good reuse,I like coffee.
25876,A1,social,4.600,5,4,5,,0,Common personal-status question.,Is he married?
26924,A1,social,4.600,5,4,5,,0,Natural and broadly useful for expressing absence or affection.,I miss my dog.
21553,A1,social,4.600,5,4,5,,0,"Simple, common skill statement.",She swims well.
21557,A1,social,4.600,5,4,5,,0,Flexible for sports or work contexts,I like my team.
24103,A1,social,4.600,5,4,5,,0,Common and flexible phrase.,We need a plan.
24224,A1,social,4.600,5,4,5,,0,Common relationship-identification phrase,She is my wife.
24762,A1,social,4.600,5,4,5,,0,"Modern, natural, reusable",We chat online.
25875,A1,social,4.600,5,4,5,,0,Common personal-status sentence,She is married.
26926,A1,social,4.600,5,4,5,,0,"Very common, reusable personal question",Do you miss me?
22110,A1,social,4.600,5,4,5,,0,Very practical and clear.,This means stop.
22333,A1,social,4.600,5,4,5,,0,Very common family statement,I have a sister.
22578,A1,social,4.600,5,4,5,,0,Natural and useful high-frequency warning,Don't lie to me.
23762,A1,social,4.600,5,4,5,,0,Modern and reusable,Read my message.
24535,A1,social,4.600,5,4,5,,0,"Short, natural, useful household phrase.",Someone knocked.
24624,A1,social,4.600,5,4,5,,0,Common everyday statement with clear translation.,Traffic is slow.
24935,A1,social,4.600,5,4,5,,0,Very natural conversational opener.,"So, how are you?"
25630,A1,social,4.600,5,4,5,,0,Very common and useful,She cannot come.
26613,A1,social,4.600,5,4,5,,0,Standard greeting to a group.,"Hello, everyone!"
21812,A1,social,4.600,5,4,5,,0,"Simple, natural, reusable.",This game is fun.
22035,A1,social,4.600,5,4,5,,0,Common and broadly useful,I tell the truth.
22652,A1,social,4.600,5,4,5,,0,Common family-status phrase,I have a husband.
23095,A1,social,4.600,5,4,5,,0,Common and useful for checking attendance/presence.,Everyone is here.
23273,A1,social,4.600,5,4,5,,0,"Common, direct, highly reusable",What do you want?
25237,A1,social,4.600,5,4,5,,0,Natural and flexible everyday phrase.,We walk together.
25874,A1,social,4.600,5,4,5,,0,Natural and useful life-event statement,They got married.
25975,A1,social,4.600,5,4,5,,0,Natural and broadly useful reply,Anything is fine.
26249,A1,social,4.600,5,4,5,,0,Useful everyday ownership question.,Is this your bag?
21700,A1,social,4.600,5,4,5,,0,Common destination phrase for beginners,Go to the library.
22539,A1,social,4.600,5,4,5,,0,Common and reusable,I have a computer.
23185,A1,social,4.600,5,4,5,,0,Natural and broadly reusable,Is it interesting?
23751,A1,social,4.600,5,4,5,,0,Common and reusable,She likes to read.
24101,A1,social,4.600,5,4,5,,0,"Common, reusable, and straightforward",Let's make a plan.
25241,A1,social,4.600,5,4,5,,0,Common and clear social question,When is the party?
26899,A1,social,4.600,5,4,5,,0,Simple and useful refusal.,I don't want that.
26929,A1,social,4.600,5,4,5,,0,Common emotional statement.,She will miss him.
26973,A1,social,4.600,5,4,5,,0,Common family relation phrase,I have a daughter.
21720,A1,social,4.600,5,4,5,,0,Common suggestion with broad use.,Try something else.
22406,A1,social,4.600,5,4,5,,0,Very useful identification question.,Who is this person?
22649,A1,social,4.600,5,4,5,,0,Natural and broadly useful,Is he your husband?
23470,A1,social,4.600,5,4,5,,0,Natural and broadly useful,Share your opinion.
23516,A1,social,4.600,5,4,5,,0,Natural and broadly useful relationship question.,Is she your friend?
25249,A1,social,4.600,5,4,5,,0,Very common interpersonal sentence.,She understands me.
21968,A1,social,4.600,5,4,5,,0,Common and easy to reuse.,I have many friends.
22048,A1,social,4.600,5,4,5,,0,Natural and frequently useful.,Please stop talking.
22739,A1,social,4.600,5,4,5,,0,Very natural and broadly useful.,Somebody is calling.
22748,A1,social,4.600,5,4,5,,0,"Simple, natural, and more general than other play variants",Let’s play together.
25853,A1,social,4.600,5,4,5,,0,Common social request with good reuse.,Introduce me to her.
26787,A1,social,4.600,5,4,5,,0,"Natural, common response","No, I don't like it."
26923,A1,social,4.600,5,4,5,,0,"Common, natural expression with broad reuse.",We want to have fun.
23211,A1,social,4.600,5,4,5,,0,Useful classroom prompt; translates cleanly,Describe your friend.
23264,A1,social,4.600,5,4,5,,0,Concise and broadly useful,The reason is simple.
24339,A1,social,4.600,5,4,5,,0,Natural and broadly reusable.,The soup tastes good.
25147,A1,social,4.600,5,4,5,,0,"Natural, common, and useful.",Let's visit the park.
25724,A1,social,4.600,5,4,5,,0,Common and broadly useful,She loves her family.
21622,A1,social,4.600,5,4,5,,0,Natural and broadly useful.,Let's go to the beach.
23266,A1,social,4.600,5,4,5,,0,Natural present-progressive sentence.,Their cat is sleeping.
23838,A1,social,4.600,5,4,5,,0,Common travel/daily-life phrase.,I like the restaurant.
26856,A1,social,4.600,5,4,5,,0,Common self-introduction pattern.,My first name is Alex.
21539,A1,social,4.600,5,4,5,,0,Natural and useful for preferences/compatibility.,We have similar tastes.
22825,A1,social,4.600,5,4,5,,0,"Simple, concrete, useful transfer sentence.",She gave me her pencil.
24608,A1,social,4.600,5,4,5,,0,Useful location-based meetup phrase.,Meet me at the station.
24828,A1,social,4.600,5,4,5,,0,Natural and useful,She called twice today.
26975,A1,social,4.600,5,4,5,,0,Basic personal question with broad usefulness.,Do you have a daughter?
26553,A1,social,4.600,5,4,5,,0,Natural habitual statement with good reuse.,They often visit family.
25852,A1,social,4.600,5,4,5,,0,Common classroom/social phrase,Can you introduce yourself?
12478,A1,social,4.600,5,4,5,,0,Natural way to express age,Her daughter is six years old.
25721,A1,social,5.000,5,5,5,,0,Core high-frequency sentence.,I love you.
26925,A1,social,5.000,5,5,5,,0,"Very common, natural, and easy to translate.",I miss you.
23420,A1,social,5.000,5,5,5,,0,"Very common, clear ownership phrase.",This is mine.
24154,A1,social,5.000,5,5,5,,0,Very common question with broad usefulness.,Do you agree?
24996,A1,social,5.000,5,5,5,,0,"Very common, versatile phrase.",Stay with me.
25359,A1,social,5.000,5,5,5,,0,Essential beginner phrase.,I don't know.
21722,A1,social,5.000,5,5,5,,0,Very common service/conversation phrase,Anything else?
23445,A1,social,5.000,5,5,5,,0,Very common polite refusal,"No, thank you."
24157,A1,social,5.000,5,5,5,,0,Very common and portable.,I don't agree.
25013,A1,social,5.000,5,5,5,,0,"Short, very common, highly reusable.",Is that yours?
23514,A1,social,5.000,5,5,5,,0,Very common introduction/description sentence,He is my friend.
26706,A1,social,5.000,5,5,5,,0,Very common and highly reusable,Can you call me?
26741,A1,social,5.000,5,5,5,,0,Very common and broadly useful,Can you hear me?
22108,A1,social,5.000,5,5,5,,0,Extremely common and useful,What do you mean?
24153,A1,social,5.000,5,5,5,,0,"Very common, broadly useful phrase",I agree with you.
22352,A1,social,5.000,5,5,5,,0,Very common and broadly reusable,Let's meet tomorrow.
23274,A1,social,5.000,5,5,5,,0,Very common and useful.,I know what you mean.
9465,A1,social,5.000,5,5,5,,0,Excellent everyday hospitality phrase.,Welcome! Please come in.
25242,A1,social,5.000,5,5,5,,0,Very natural and broadly useful,Call me when you finish.
26866,A1,social,5.000,5,5,5,,0,Very common and useful prediction phrase.,She probably won't come.
25807,A1,culture,3.800,5,2,5,,1,Natural but low practical reuse.,Art is fun.
25978,A1,culture,3.800,5,2,5,,1,Natural but trivial possession padding.,I have a book.
24980,A1,culture,3.800,5,2,5,,1,Natural but limited real-life reuse.,The lion roars.
24372,A1,culture,3.800,5,2,5,,1,Specific object-color preference is low-value padding,I like red cars.
24475,A1,culture,3.800,5,2,5,,1,"Templated color statement, low reuse",The ball is red.
22930,A1,culture,3.800,5,2,5,,1,Natural but trivial generic statement,Apples are tasty.
23922,A1,culture,3.800,5,2,5,,1,Natural but trivial noun-color variant.,I like blue cars.
23928,A1,culture,3.800,5,2,5,,1,Clear but trivial fact with little reuse,Grapes are purple.
25723,A1,culture,3.800,5,2,5,,1,"Natural but generic aphorism, low learner reuse.",Love is wonderful.
26440,A1,culture,3.800,5,2,5,,1,Natural but generic opinion with low reuse.,Festivals are fun.
23835,A1,culture,3.800,5,2,5,,1,Natural but low-value identification.,This is a painting.
24547,A1,culture,3.800,5,2,5,,1,Natural but low-value factual sentence.,Potatoes are tasty.
26645,A1,culture,3.800,5,2,5,,1,Natural but limited real-life reuse,I believe in magic.
14991,A1,culture,3.800,5,2,5,,1,Templated object-color sentence,The basket is brown.
19878,A1,culture,3.800,5,2,5,,1,"Natural, but narrow and low-reuse.",This puppy is young.
23920,A1,culture,3.800,5,2,5,,1,Tautological sentence with low communicative value,Writers write books.
4029,A1,culture,3.800,5,2,5,,1,Natural but too specific and low-frequency vocabulary,I bought a jazz album.
21534,A1,culture,3.800,5,2,5,,1,Natural but low-value inventory-style description.,Those hats are similar.
22117,A1,culture,3.800,5,2,5,,1,"Natural, but too specific and low utility.",What a nice photograph!
24086,A1,culture,3.800,5,2,5,,1,"Natural, but niche performance-specific action sentence.",The dancer spins around.
25094,A1,culture,3.800,5,2,5,,1,Grammatical but niche and low reuse,The actress is on stage.
1990,A1,culture,3.800,5,2,5,,1,"Natural but niche, low-frequency scenario",I saw a ghost last night.
10464,A1,culture,3.800,5,2,5,,1,Natural but narrow fact about someone else.,My neighbor is a teenager.
22065,A1,culture,3.800,5,2,5,,1,Natural but low-value animal fact sentence.,The elephant walks slowly.
25098,A1,culture,3.800,5,2,5,,1,Natural but niche and low-utility,Watch the actress perform.
16308,A1,culture,3.800,5,2,5,,1,Very specific event vocabulary for A1.,I'm going to a jazz concert tonight.
22691,A1,culture,3.800,5,2,5,,0,Natural but somewhat low-frequency description,Her eyes are grey.
24938,A1,culture,3.800,4,3,5,,0,"Common hobby statement, short and transferable",I like writing.
23203,A1,culture,3.800,4,3,5,,0,Natural and clear; moderate reuse.,They make music.
22441,A1,culture,3.800,4,3,5,,0,"Natural and common, though generic.",This is the best.
22926,A1,culture,3.800,4,3,5,,0,Natural educational phrase; somewhat narrow.,We learn to spell.
26387,A1,culture,3.800,4,3,5,,0,Natural personal-preference statement with decent reuse,Books interest me.
22684,A1,culture,3.800,4,3,5,,0,"Natural enough, though a bit formulaic.",Let's enjoy dinner.
24860,A1,culture,3.800,4,3,5,,0,Clear contrast structure; somewhat useful.,We go but they stay.
26543,A1,culture,3.800,4,3,5,,0,Natural request for more information.,Tell me the details.
24397,A1,culture,3.800,4,3,5,,0,Natural simple statement with decent reuse.,This song is popular.
25604,A1,culture,3.800,4,3,5,,0,Natural everyday instruction with clear meaning,Don't laugh too loud.
22323,A1,culture,3.800,4,3,5,,0,"Natural and clear, though one of many similar 'Let's go' lines",Let's go to the cinema.
25835,A1,culture,3.800,4,3,5,,0,Natural enough though slightly wordy,I am a player on the team.
23747,A1,culture,3.800,4,3,5,,0,"Simple, clear family activity sentence.",My grandparents tell stories.
26501,A1,culture,4.000,5,3,4,,0,Simple and common description,She is pretty.
25641,A1,culture,4.000,4,4,4,,0,Useful for travel and everyday conversation,I like local food.
25952,A1,culture,4.000,5,3,4,,0,Common preference sentence,She likes football.
13036,A1,culture,4.000,5,3,4,,0,Plausible real-life sentence; alcohol term is fine.,He ordered a cold beer.
24294,A1,culture,4.000,5,3,4,,0,Natural and clear; slightly culture/term sensitive,The girl has blonde hair.
5250,A1,culture,4.000,5,3,4,,0,Natural preference statement; minor US/UK spelling issue,Yellow is my favourite colour.
26582,A1,culture,4.100,5,4,5,26529,1,Close wake-up imperative variant,Wake up early.
26321,A1,culture,4.100,5,4,5,26260,1,Near-duplicate with music-listening sentence in batch,He likes music.
22039,A1,culture,4.100,5,4,5,23559,1,"Useful, but one of many trivial weekday variants.",Today is Friday.
25533,A1,culture,4.100,5,4,5,22675,1,Near-duplicate instrument pattern.,I play the piano.
22783,A1,culture,4.100,5,4,5,22230,1,Natural but near-duplicate of broader movie preference,I like old movies.
25951,A1,culture,4.100,5,4,5,23398,1,"Natural, but duplicate with broader 'watch sport' pattern.",We watch football.
24748,A1,culture,4.100,5,4,5,22039,1,"Useful, but one of many trivial weekday variants.",Today is Wednesday.
22193,A1,culture,4.100,5,4,5,25125,1,"Good, but one hobby-like question is enough here",Do you like dancing?
22880,A1,culture,4.100,5,4,5,26567,1,Natural but templated duplicate of ownership item.,Is that your jacket?
25117,A1,culture,4.100,5,4,5,25121,1,Good phrase but near-duplicate of more general 'We have a party.',We have a party tonight.
21704,A1,culture,4.100,5,4,5,23885,0,Natural and broadly useful.,I like this dress.
25106,A1,culture,4.100,5,4,5,25105,0,Natural everyday evaluation sentence.,That joke is funny.
26081,A1,culture,4.100,5,4,5,23229,0,"Natural, useful mood statement.",She feels happy today.
26467,A1,culture,4.100,5,4,5,23506,0,"Natural, common restaurant/home phrase",Is this food delicious?
25806,A1,culture,4.200,5,3,5,,0,"Simple, natural preference with fair reuse.",I like art.
21735,A1,culture,4.200,5,3,5,,0,"Simple, natural preference statement.",I love snow.
25199,A1,culture,4.200,5,3,5,,0,"Very simple, natural identification sentence.",This is wine.
25869,A1,culture,4.200,5,3,5,,0,"Natural ability question, moderate usefulness",Can you draw?
25870,A1,culture,4.200,5,3,5,,0,"Simple, natural classroom or home command",Draw a house.
26511,A1,culture,4.200,5,3,5,,0,"Simple and natural, though somewhat generic",He is famous.
21619,A1,culture,4.200,5,3,5,,0,Natural and broadly understandable.,I like autumn.
22844,A1,culture,4.200,5,3,5,,0,Natural and straightforward.,I like tennis.
24932,A1,culture,4.200,5,3,5,,0,"Natural fixed expression, moderately useful.",Life is short.
25256,A1,culture,4.200,5,3,5,,0,"Natural abstract preference, somewhat reusable",I like design.
22040,A1,culture,4.200,5,3,5,,0,Natural recurring-time preference sentence,I like Fridays.
22191,A1,culture,4.200,5,3,5,,0,Natural simple action sentence.,She is dancing.
22192,A1,culture,4.200,5,3,5,,0,Natural simple preference statement,Dancing is fun.
22929,A1,culture,4.200,5,3,5,,0,"Simple, clear beginner sentence.",I eat an apple.
23793,A1,culture,4.200,5,3,5,,0,"Natural, compact skill statement.",She sings well.
25167,A1,culture,4.200,5,3,5,,0,Simple and natural command,Draw a picture.
23892,A1,culture,4.200,5,3,5,,0,"Natural, common beverage invitation.",Let's drink tea.
24084,A1,culture,4.200,5,3,5,,0,Natural occupation/identity sentence.,She is a dancer.
25981,A1,culture,4.200,5,3,5,,0,Simple preference sentence,She likes books.
26423,A1,culture,4.200,5,3,5,,0,Natural and broadly applicable.,I like the show.
21671,A1,culture,4.200,5,3,5,,0,Natural basic past-tense sentence,She met an actor.
23388,A1,culture,4.200,5,3,5,,0,Natural common exclamation.,What a cute baby!
25893,A1,culture,4.200,5,3,5,,0,"Simple, natural social-action phrase.",We play together.
26139,A1,culture,4.200,5,3,5,,0,"Natural and clear, moderately useful.",I know it's true.
26633,A1,culture,4.200,5,3,5,,0,"Natural simple phrase, somewhat situational.",I hold your hand.
21957,A1,culture,4.200,5,3,5,,0,Natural and reasonably reusable.,I like this photo.
22189,A1,culture,4.200,5,3,5,,0,Natural hobby statement,She loves dancing.
22689,A1,culture,4.200,5,3,5,,0,Simple clothing-description question.,Is your coat grey?
22961,A1,culture,4.200,5,3,5,,0,Natural basic possession phrase,I have a new book.
23687,A1,culture,4.200,5,3,5,,0,Natural though somewhat narrower topic,I like modern art.
23981,A1,culture,4.200,5,3,5,,0,"Natural opinion sentence, reusable pattern.",That film is good.
24858,A1,culture,4.200,5,3,5,,0,Natural simple contrast pattern,It's big but slow.
24919,A1,culture,4.200,5,3,5,,0,"Natural instruction, especially in class or meetings",Discuss the topic.
26549,A1,culture,4.200,5,3,5,,0,"Natural simple habit statement, though a bit generic.",I often eat pizza.
23507,A1,culture,4.200,4,4,5,,0,Common simple opinion statement.,That movie was bad.
23801,A1,culture,4.200,5,3,5,,0,Natural and broadly usable.,I like the concert.
24704,A1,culture,4.200,5,3,5,,0,Natural and easy to translate.,I love outer space.
24947,A1,culture,4.200,5,3,5,,0,Common factual sentence for beginners.,The world is round.
25293,A1,culture,4.200,5,3,5,,0,Natural activity phrase; decent beginner value.,We listen to songs.
26622,A1,culture,4.200,5,3,5,,0,"Natural and clean, if somewhat specific.",I go to the museum.
21707,A1,culture,4.200,5,3,5,,0,Natural basic description with some reuse value.,The dress is pretty.
21793,A1,culture,4.200,5,3,5,,0,Natural praise; somewhat specific but reusable.,The singer is great!
22769,A1,culture,4.200,5,3,5,,0,Natural opinion sentence with reusable pattern.,That book is boring!
23149,A1,culture,4.200,5,3,5,,0,Simple and natural ongoing-action sentence,The band is playing.
23836,A1,culture,4.200,5,3,5,,0,Clear museum/art-context phrase.,We see the painting.
24284,A1,culture,4.200,5,3,5,,0,Natural simple personal statement,Reading is my hobby.
24400,A1,culture,4.200,5,3,5,,0,Natural and easy to translate,That's very popular!
25872,A1,culture,4.200,5,3,5,,0,"Natural and simple, though somewhat specific.",Let's draw together.
26647,A1,culture,4.200,5,3,5,,0,"Common encouragement, slightly slogan-like but natural",Believe in yourself!
25113,A1,culture,4.200,5,3,5,,0,"Natural and clear, moderate usefulness.",Let's dance together.
25823,A1,culture,4.200,5,3,5,,0,Natural simple descriptive sentence.,The sky is beautiful.
21734,A1,culture,4.200,5,3,5,,0,"Natural, common seasonal activity phrase.",Let's build a snowman.
22299,A1,culture,4.200,5,3,5,,0,Natural basic sentence; moderate usefulness.,We have the same book.
22303,A1,culture,4.200,5,3,5,,0,Clear and useful for comparison,That's the same color.
22731,A1,culture,4.200,5,3,5,,0,Natural possession/source phrase.,This gift is from mom.
25099,A1,culture,4.200,5,3,5,,0,Natural but somewhat niche noun choice,The actress is famous.
25142,A1,culture,4.200,5,3,5,,0,Natural basic fact sentence,The radio plays music.
25827,A1,culture,4.200,5,3,5,,0,Natural exclamation with decent reuse.,What a beautiful view!
26407,A1,culture,4.200,5,3,5,,0,"Natural and clear, with decent reuse.",We watch people dance.
26550,A1,culture,4.200,5,3,5,,0,Natural but generic habitual statement.,She often reads books.
23804,A1,culture,4.200,5,3,5,,0,Natural but somewhat specific scenario.,She sings at a concert.
25824,A1,culture,4.200,5,3,5,,0,Natural descriptive phrase; moderately useful.,She has beautiful hair.
25216,A1,culture,4.200,4,4,5,,0,Useful timing statement in daily life.,The movie finishes soon.
26468,A1,culture,4.200,5,3,5,,0,Natural and clear descriptive reaction.,That fruit is delicious!
16322,A1,culture,4.200,5,3,5,,0,"Natural reaction, moderately useful.",That concert was amazing!
19150,A1,culture,4.200,5,3,5,,0,Clear body-description phrase.,He has a scar on his knee.
21790,A1,culture,4.200,5,3,5,,0,"Natural and clear, if somewhat specific",She is my favorite singer.
22878,A1,culture,4.200,5,3,5,,0,Natural clothing description.,My jacket has big pockets.
9285,A1,culture,4.200,5,3,5,,0,Natural classroom or family context.,Please show me your drawing.
24401,A1,culture,4.200,5,3,5,,0,"Natural fact sentence, though not highly reusable.",Soccer is popular worldwide.
13868,A1,culture,4.200,5,3,5,,0,Natural and concrete past-tense example.,I drew a picture of a dolphin.
14887,A1,culture,4.200,5,3,5,,0,Natural in classroom or learning settings,Can you describe this picture?
22623,A1,culture,4.200,5,3,5,,0,"Natural causal sentence, though simple.",She smiles because she's happy.
17027,A1,culture,4.200,5,3,5,,0,Clear hobby statement,I enjoy listening to jazz music.
1073,A1,culture,4.200,5,3,5,,0,Natural and reusable in home/decoration contexts,Can you pick a color for the room?
19626,A1,culture,4.200,5,3,5,,0,Natural simple past sentence with clear roles.,The student smiled at her teacher.
20555,A1,culture,4.200,5,3,5,,0,Natural sentence; somewhat specific but usable,Half the tickets are already sold!
4456,A1,culture,4.200,5,3,5,,0,"Natural and clear, though somewhat specific to sports.",I hope my team wins the tournament.
11801,A1,culture,4.200,5,3,5,,0,Natural and useful in a common social context.,Thanks for inviting me to your party!
22730,A1,culture,4.400,5,4,4,,0,Common self-introduction pattern; country can vary,I am from France.
23063,A1,culture,4.400,5,4,4,,0,"Natural and meaningful, though somewhat abstract.",My culture is very important to me.
26260,A1,culture,4.500,5,5,5,26255,0,Very common action sentence; clear and reusable,He listens to music.
22962,A1,culture,4.600,5,4,5,,0,Common and useful in many situations,Is that new?
26256,A1,culture,4.600,5,4,5,,0,Very common preference with broad reuse,I love music.
22194,A1,culture,4.600,5,4,5,,0,Common social activity phrase.,We go dancing.
23346,A1,culture,4.600,5,4,5,,0,Simple color preference; easy to translate,I like purple.
23916,A1,culture,4.600,5,4,5,,0,Natural occupation/identity sentence,I am a writer.
25115,A1,culture,4.600,5,4,5,,0,Common invitation; easy to reuse,Dance with me.
21669,A1,culture,4.600,5,4,5,,0,Common identity sentence; clean and reusable,He is an actor.
22190,A1,culture,4.600,5,4,5,,0,Natural hobby preference with good reuse,I like dancing.
24407,A1,culture,4.600,5,4,5,,0,Common seasonal greeting,Happy New Year!
25923,A1,culture,4.600,5,4,5,,0,Common calendar question with broad reuse.,Is it Saturday?
26131,A1,culture,4.600,5,4,5,,0,Natural occupation/identity sentence,I am an artist.
26212,A1,culture,4.600,5,4,5,,0,Useful hobby/activity preference sentence,I like cooking.
26616,A1,culture,4.600,5,4,5,,0,"Simple, common preference statement.",I love to sing.
26625,A1,culture,4.600,5,4,5,,0,Natural and broadly useful for travel/leisure,I like museums.
21794,A1,culture,4.600,5,4,5,,0,Natural profession/identity sentence.,She is a singer.
22879,A1,culture,4.600,5,4,5,,0,Natural and useful.,I wear a jacket.
23833,A1,culture,4.600,5,4,5,,0,Common hobby statement with good reuse,I like painting.
23918,A1,culture,4.600,5,4,5,,0,Natural profession/identity sentence.,She is a writer.
23980,A1,culture,4.600,5,4,5,,0,Very natural and broadly useful.,We watch a film.
25112,A1,culture,4.600,5,4,5,,0,Very natural and broadly useful.,I like to dance.
25273,A1,culture,4.600,5,4,5,,0,"Common, simple request with broad reuse.",Tell me a story.
25275,A1,culture,4.600,5,4,5,,0,Common educational/home activity phrase.,We read a story.
25601,A1,culture,4.600,5,4,5,,0,Natural and expressive.,I like to laugh.
21621,A1,culture,4.600,5,4,5,,0,"Common, useful travel/leisure phrase.",I like the beach.
22683,A1,culture,4.600,5,4,5,,0,Simple preference statement with broad reuse.,She enjoys music.
22847,A1,culture,4.600,5,4,5,,0,"Simple, natural, broadly useful.",She plays tennis.
22856,A1,culture,4.600,5,4,5,,0,"Common, natural, and widely reusable",I love my family.
22883,A1,culture,4.600,5,4,5,,0,Very reusable clothing sentence.,My jacket is red.
25290,A1,culture,4.600,5,4,5,,0,Very natural and reusable.,I like this song.
25456,A1,culture,4.600,5,4,5,,0,Common and personally useful,It's my birthday.
22037,A1,culture,4.600,5,4,5,,0,"Simple, common action.",She tells a story.
24553,A1,culture,4.600,5,4,5,,0,"Common, flexible phrase for plans",That would be fun.
25272,A1,culture,4.600,5,4,5,,0,Natural and useful across contexts.,I like this story.
25602,A1,culture,4.600,5,4,5,,0,"Natural, common social phrase.",You make me laugh.
21699,A1,culture,4.600,5,4,5,,0,Common place preference with good reuse.,I like the library.
22233,A1,culture,4.600,5,4,5,,0,Natural and broadly reusable topic question,Do you like movies?
22244,A1,culture,4.600,5,4,5,,0,Natural habitual/plural activity statement.,They visit museums.
22301,A1,culture,4.600,5,4,5,,0,Very common and broadly useful.,They look the same.
22685,A1,culture,4.600,5,4,5,,0,"Short, natural health/lifestyle imperative.",Exercise every day.
22848,A1,culture,4.600,5,4,5,,0,Common sports question,Do you play tennis?
22881,A1,culture,4.600,5,4,5,,0,Common and useful.,Put on your jacket.
22882,A1,culture,4.600,5,4,5,,0,Common practical description,The jacket is warm.
23184,A1,culture,4.600,5,4,5,,0,Common reaction with broad use,That's interesting!
25114,A1,culture,4.600,5,4,5,,0,Natural skill statement,She can dance well.
25810,A1,culture,4.600,5,4,5,,0,"Generic, natural, reusable core sentence.",She draws pictures.
21958,A1,culture,4.600,5,4,5,,0,Natural compliment with broad everyday use.,That's a nice photo.
22258,A1,culture,4.600,5,4,5,,0,"Natural, common beginner conversation question",Do you watch movies?
22762,A1,culture,4.600,5,4,5,,0,Very common and reusable opinion.,The movie is boring.
23467,A1,culture,4.600,5,4,5,,0,Natural and broadly useful discussion question,What's your opinion?
23983,A1,culture,4.600,5,4,5,,0,Natural and useful for cinema or screenings.,The film starts now.
25105,A1,culture,4.600,5,4,5,,0,Natural opinion sentence with good reuse.,That movie is funny.
25455,A1,culture,4.600,5,4,5,,0,Natural and more generally useful than month-specific variants.,My birthday is soon.
25500,A1,culture,4.600,5,4,5,,0,Useful in class/work contexts; very clear.,Look at the example.
25716,A1,culture,4.600,5,4,5,,0,"Very natural, common opinion statement",I really like pizza.
25719,A1,culture,4.600,5,4,5,,0,Natural and broadly useful reaction,That's really funny.
26551,A1,culture,4.600,5,4,5,,0,Natural routine statement with good reuse.,We often go outside.
23017,A1,culture,4.600,5,4,5,,0,Common preference statement.,I like action movies.
25109,A1,culture,4.600,5,4,5,,0,"Natural, clear preference with good reuse",I like funny stories.
22321,A1,culture,4.600,5,4,5,,0,Natural routine statement.,He goes to the cinema.
25501,A1,culture,4.600,5,4,5,,0,Natural evaluative phrase; useful in learning.,That's a good example.
26222,A1,culture,4.600,5,4,5,,0,Natural and slightly more informative than bare variant.,We eat dinner tonight.
23246,A1,culture,4.600,5,4,5,,0,"Very natural, broadly useful statement.",Most people like music.
23841,A1,culture,4.600,5,4,5,,0,"Common, useful evaluation sentence",The restaurant is nice.
24672,A1,culture,4.600,5,4,5,,0,Common classroom phrase with good utility.,We learn about history.
26466,A1,culture,4.600,5,4,5,,0,Common food-evaluation phrase.,This cake is delicious.
26481,A1,culture,4.600,5,4,5,,0,Natural greeting for groups,"Good evening, everyone."
23954,A1,culture,4.600,5,4,5,,0,Natural family-friendly invitation with clear meaning,Let's play a board game.
25497,A1,culture,4.600,5,4,5,,0,Common classroom/work phrase,Can you give an example?
26465,A1,culture,4.600,5,4,5,,0,Natural food comment; very reusable.,That pizza is delicious.
23182,A1,culture,4.600,5,4,5,,0,"Common, useful opinion statement.",This book is interesting.
24450,A1,culture,4.600,5,4,5,,0,Natural and easy to reuse,We are interested in art.
26576,A1,culture,4.600,5,4,5,,0,Useful and natural everyday statement.,I'm going back to school.
15042,A1,culture,4.600,5,4,5,,0,Natural polite request at meals,Could you pass the pepper?
24448,A1,culture,4.600,5,4,5,,0,Common preference/interest pattern,I am interested in sports.
22322,A1,culture,4.600,5,4,5,,0,Common leisure preference; broadly useful,I like going to the cinema.
23685,A1,culture,4.600,5,4,5,,0,Natural description with broad use.,This building looks modern.
21512,A1,culture,4.600,5,4,5,,0,Natural and broadly usable,She bought a new comic book.
15763,A1,culture,4.600,5,4,5,,0,Natural classroom/conversation repair phrase,Can you say that phrase again?
10671,A1,culture,4.600,5,4,5,,0,Very natural and broadly useful,What language do you speak at home?
22230,A1,culture,5.000,5,5,5,,0,"Very common, broad, and reusable",I like movies.
22763,A1,culture,5.000,5,5,5,,0,Very common and broadly useful.,Listen to music.
26453,A1,culture,5.000,5,5,5,,0,Highly reusable in restaurants; very natural.,Look at the menu!
25457,A1,culture,5.000,5,5,5,,0,Essential fixed expression,Happy birthday to you!
25458,A1,culture,5.000,5,5,5,,0,Very common beginner phrase,When is your birthday?
25657,A1,culture,5.000,5,5,5,,0,Very common food-service request,Can I get extra sauce?
22686,A1,culture,5.000,5,5,5,,0,"Very natural, useful routine sentence.",She exercises every morning.
23465,A1,health,4.200,5,3,5,,0,Natural and broadly understandable.,She gave her opinion.
24741,A1,health,4.200,5,3,5,,0,Natural and clear; somewhat specific but usable.,He only drinks water.
24894,A1,health,4.200,5,3,5,,0,Natural present-tense action; moderate usefulness,He makes a fruit salad.
26728,A1,health,4.200,5,3,5,,0,Natural simple health statement.,Vegetables are healthy.
24109,A1,health,4.200,5,3,5,,0,Natural sensory sentence with decent reuse,I can feel the fresh air.
10335,A1,health,4.200,5,3,5,,0,"Natural and clear, if slightly niche",Cacti can die if they get too much water.
24533,A1,health,4.400,5,4,4,,0,High-frequency everyday phrase,She is sick.
25183,A1,health,4.600,5,4,5,,0,Common question after an accident or stumble,Did you fall?
26351,A1,health,4.600,5,4,5,,0,Natural occupation sentence,I am a nurse.
24217,A1,health,4.600,5,4,5,,0,Clear and usable body complaint.,My nose hurts.
21916,A1,health,4.600,5,4,5,,0,Basic identity question with strong utility.,Is he a doctor?
22349,A1,health,4.600,5,4,5,,0,Common and broadly useful.,Let's exercise.
26523,A1,health,4.600,5,4,5,,0,Common and useful in daily life.,I like the gym.
22346,A1,health,4.600,5,4,5,,0,"Common, broadly reusable preference",I like exercise.
22348,A1,health,4.600,5,4,5,,0,"Simple, natural, and broadly useful.",Do you exercise?
22350,A1,health,4.600,5,4,5,,0,Natural and useful for health-related contexts.,I need exercise.
24529,A1,health,4.600,5,4,5,,0,Common health-related sentence; clear meaning,He is very sick.
24781,A1,health,4.600,5,4,5,,0,Natural everyday question about condition,How do you feel?
26560,A1,health,4.600,5,4,5,,0,Common and useful caregiver phrase,Drink your milk.
11359,A1,health,4.600,5,4,5,,0,Natural and useful for basic descriptions,I have blue eyes.
14158,A1,health,4.600,5,4,5,,0,Natural common personal question,How tall are you?
21542,A1,health,4.600,5,4,5,,0,Common physical-state phrase.,He feels thirsty.
25720,A1,health,4.600,5,4,5,,0,Everyday high-frequency sentence.,I'm really tired.
22582,A1,health,4.600,5,4,5,,0,Natural imperative and useful.,Lie down and rest.
26354,A1,health,4.600,5,4,5,,0,Common healthcare sentence with clear meaning.,The nurse helps me.
22383,A1,health,4.600,5,4,5,,0,"Simple, general truth with broad applicability.",Health is important.
21862,A1,health,4.600,5,4,5,,0,Natural and useful in many real contexts.,I go to the hospital.
21865,A1,health,4.600,5,4,5,,0,Common and useful for asking directions.,Is this the hospital?
26478,A1,health,4.600,5,4,5,,0,Natural and clear for everyday situations.,Is this glass broken?
21901,A1,health,4.600,5,4,5,,0,"Useful, natural health advice",Eat enough vegetables.
23253,A1,health,4.600,5,4,5,,0,Natural health-related advice with clear meaning,Don't eat greasy food.
23770,A1,health,4.600,5,4,5,,0,Natural and broadly useful.,She eats a lot of fruit.
24000,A1,health,4.600,5,4,5,,0,Common health-related statement.,She eats a healthy diet.
24827,A1,health,4.600,5,4,5,,0,Useful routine/health statement,I exercise twice a week.
3031,A1,health,4.600,5,4,5,,0,Natural everyday problem phrase,A nut got stuck in my teeth.
6170,A1,health,4.600,5,4,5,,0,Common and practical sentence.,I went to the hospital yesterday.
11316,A1,health,4.600,5,4,5,,0,"Natural health-status reply, broadly useful","Yes, I’m feeling much better today."
24530,A1,health,4.800,5,5,4,,0,Very useful though some languages split ill/sick nuance,I am sick.
25714,A1,health,5.000,5,5,5,,0,Very common and useful,We are tired.
24532,A1,health,5.000,5,5,5,,0,Very common and highly useful.,He feels sick.
26241,A1,health,5.000,5,5,5,,0,Highly common and useful complaint.,My head hurts.
26350,A1,health,5.000,5,5,5,,0,Very common profession sentence.,She is a nurse.
21914,A1,health,5.000,5,5,5,,0,Core emergency phrase; very useful and clear.,I need a doctor.
25713,A1,health,5.000,5,5,5,,0,Very common and useful.,She feels tired.
2500,A1,health,5.000,5,5,5,,0,Highly useful health phrase,My stomach hurts.
21917,A1,health,5.000,5,5,5,,0,Highly useful and broadly reusable,Go to the doctor.
23181,A1,health,5.000,5,5,5,,0,Highly common daily routine sentence,I brush my teeth.
26055,A1,health,5.000,5,5,5,,0,Core daily-life phrase; highly reusable.,Brush your teeth.
25834,A1,health,5.000,5,5,5,,0,Very common and reusable,She needs more time.
18751,A1,numbers,3.300,4,3,5,23849,1,Near-duplicate distance pattern; overly specific.,It's two kilometres to the bakery.
21891,A1,numbers,3.300,4,3,5,23914,0,Natural and clear ordinal reference.,This is the fifth one.
23940,A1,numbers,3.400,4,2,5,,1,Low-utility counting observation,I see two birds.
26947,A1,numbers,3.400,4,2,5,,1,Natural but narrow game/card scenario.,I picked the last card.
10153,A1,numbers,3.400,4,2,5,,1,"Grammatical but low-use, very specific inventory fact.",I only have one umbrella.
25885,A1,numbers,3.400,4,2,5,,1,Understandable but oddly specific and low-frequency.,That book is from a past century.
17620,A1,numbers,3.400,4,2,5,,1,Natural but overly specific count detail.,There are thirty candles on the cake.
23903,A1,numbers,3.400,3,3,5,,0,A bit stiff but useful for age patterning.,Fourteen is my age.
10490,A1,numbers,3.600,5,2,4,,1,Natural but specific fact; metres adds locale variation.,A giraffe is about five metres tall.
23665,A1,numbers,3.700,5,3,5,23847,1,Metric/imperial duplicate of same sentence.,I ran one mile.
26857,A1,numbers,3.700,5,3,5,23913,1,Near-duplicate ranking/result sentence.,He finished first.
21970,A1,numbers,3.700,5,3,5,26914,1,"Natural, but duplicate stars sentence.",There are many stars!
25159,A1,numbers,3.700,5,3,5,26074,0,Natural age question; moderate usefulness.,Are you eighteen?
23664,A1,numbers,3.700,5,3,5,23667,0,Natural commuting sentence.,She walks a mile to school.
23806,A1,numbers,3.800,5,2,5,,1,Natural but too narrow and item-specific.,Which hat is yours?
25210,A1,numbers,3.800,5,2,5,,1,Correct but trivial arithmetic padding.,Five plus two is seven.
25883,A1,numbers,3.800,5,2,5,,1,Clear fact statement but low conversational utility.,A century is 100 years.
25882,A1,numbers,3.800,5,2,5,,1,Natural but low reuse for everyday learners,It happened a century ago.
25884,A1,numbers,3.800,5,2,5,,1,Natural but clichéd and not very useful.,We live in the 21st century.
22719,A1,numbers,3.800,4,3,5,,0,Useful numeral vocabulary item,ninety
25530,A1,numbers,3.800,4,3,5,,0,Natural in instructions and sequences,What comes first?
21890,A1,numbers,3.800,4,3,5,,0,Natural and reusable in attempts/practice contexts.,This is my fifth try.
25008,A1,numbers,3.800,4,3,5,,0,Clear measurement question with some utility,How many metres is that?
1021,A1,numbers,3.800,4,3,5,,0,Natural and moderately useful.,This cup can't hold much.
26098,A1,numbers,3.800,4,3,5,,0,"Natural and clear, if slightly abstract for A1.",We talk about the future.
21796,A1,numbers,3.800,4,3,5,,0,Natural money amount phrase; moderately useful,I have a thousand dollars.
24837,A1,numbers,3.800,4,3,5,,0,Natural classroom phrase; clear meaning.,She wrote a number on the board.
8618,A1,numbers,4.000,5,3,4,,0,"Natural, though slightly abstract for A1.",He has a positive attitude.
22668,A1,numbers,4.200,5,3,5,,0,Core number word; clean and reusable,seventy
26071,A1,numbers,4.200,5,3,5,,0,Core number word; clean and reusable,seventeen
22236,A1,numbers,4.200,4,4,5,,0,"Natural enough for travel, though context can vary",When is the flight?
26854,A1,numbers,4.200,5,3,5,,0,"Clear everyday scenario, clean meaning",I am first in line.
24521,A1,numbers,4.200,5,3,5,,0,"Natural and clear, if generic.",She sees many stars.
26919,A1,numbers,4.200,5,3,5,,0,Natural basic arithmetic question,What is three plus one?
25006,A1,numbers,4.200,5,3,5,,0,Clear measurable-description pattern,The rope is ten metres long.
1684,A1,numbers,4.200,5,3,5,,0,Natural and vivid; easy to translate.,He brought a little turtle to school.
26832,A1,numbers,4.400,5,4,4,,0,Common comparison phrase,They are the same.
24520,A1,numbers,4.600,5,4,5,,0,Natural and reusable quantity question,Are there many books?
26437,A1,numbers,4.600,5,4,5,,0,Simple money-related need statement,She needs two dollars.
13270,A1,numbers,4.600,5,4,5,,0,Natural everyday request,Could you wait a second?
21892,A1,numbers,4.600,5,4,5,,0,Useful for navigation and buildings.,Is this the fifth floor?
24826,A1,numbers,4.600,5,4,5,,0,Natural and practical for discussing films.,I watched that movie twice.
23101,A1,numbers,4.600,5,4,5,,0,Useful basic spatial sentence,The lamp is above the table.
23767,A1,numbers,5.000,5,5,5,,0,Essential real-world purchase question,How much is it?
25141,A1,housing,3.800,5,2,5,,1,Natural but low-value object possession sentence.,She has a radio.
22577,A1,housing,3.800,4,3,5,,0,"Simple housing description, broadly usable.",My home is big.
23269,A1,housing,3.800,4,3,5,,0,Simple and reusable in real contexts,I see their house.
22430,A1,housing,3.800,4,3,5,,0,Natural and useful for location statements.,The cat is upstairs.
18085,A1,housing,3.800,4,3,5,,0,"Simple, natural location sentence",The plant is in the room.
3825,A1,housing,3.800,4,3,5,,0,"Natural, clear household sentence",There is new furniture in the room.
1040,A1,housing,3.800,3,4,5,,0,"Useful, though 'capacity is 10 people' is slightly clunky.",This room’s capacity is only 10 people.
21563,A1,housing,4.000,4,4,4,,0,"Useful in shops, though referent is implicit.",Buy a large one.
26356,A1,housing,4.100,5,4,5,21577,1,Near-duplicate ownership sentence; keep more versatile business one.,I own a house.
23356,A1,housing,4.100,5,4,5,22432,1,Near-duplicate house-location pattern; keep one,The bathroom is downstairs.
21736,A1,housing,4.100,5,4,5,23704,0,Natural self-introduction of residence.,This is my apartment.
26720,A1,housing,4.200,5,3,5,,0,"Basic, natural color sentence for common object.",The chair is red.
23046,A1,housing,4.200,5,3,5,,0,Natural retail context; reasonably useful.,We like this shop.
23232,A1,housing,4.200,5,3,5,,0,Natural regional location statement,I live in the east.
25161,A1,housing,4.200,5,3,5,,0,Natural regional location statement,I live in the west.
26960,A1,housing,4.200,5,3,5,,0,Simple room description with some reuse,The bedroom is big.
26180,A1,housing,4.200,5,3,5,,0,"Natural and clear, moderate reuse.",Sit near the window.
21564,A1,housing,4.200,5,3,5,,0,Natural description of possessions,I have a large house.
21947,A1,housing,4.200,5,3,5,,0,Simple and clear life fact,She lives on an island.
22284,A1,housing,4.200,4,4,5,,0,Useful for directions and addresses,What is the street name?
10819,A1,housing,4.400,5,4,4,,0,Common and useful pointing/check phrase,Can you see it over there?
25772,A1,housing,4.600,5,4,5,,0,Very common and useful everyday question.,Is he home?
26359,A1,housing,4.600,5,4,5,,0,"Common, clear ownership sentence.",We own a car.
23448,A1,housing,4.600,5,4,5,,0,Common sign phrase,No dogs allowed.
16568,A1,housing,4.600,5,4,5,,0,"Useful, natural, and simple.",Please stay here.
22829,A1,housing,4.600,5,4,5,,0,"Simple, natural possession question",Where is her bag?
22433,A1,housing,4.600,5,4,5,,0,Very common and useful,She lives upstairs.
26178,A1,housing,4.600,5,4,5,,0,Common and practical for meeting up.,Is your house nearby?
21737,A1,housing,4.600,5,4,5,,0,Common housing sentence with broad reuse,I live in an apartment.
21391,A1,housing,4.600,5,4,5,,0,Useful travel-related sentence.,This hotel has a swimming pool.
12743,A1,housing,4.600,5,4,5,,0,Natural and practical for travel/shopping,There isn’t any space in my bag for more clothes.
22641,A1,environment,3.400,4,2,5,,1,Natural but generic factual sentence with low reuse,Birds sing every morning.
26776,A1,environment,3.400,4,2,5,,1,"Grammatical, but niche and not useful for daily reuse.",Is life possible without air?
14735,A1,environment,3.400,4,2,5,,1,Natural but niche scene description,The bird landed on the branch.
11846,A1,environment,3.400,4,2,5,,1,Specific farm scenario with limited reuse,I saw a sheep on the farm today.
12974,A1,environment,3.400,4,2,5,,1,Natural but overly specific descriptive padding.,Look at the beautiful tree near the river!
24022,A1,environment,3.400,3,3,5,,0,Understandable though 'It was rainy yesterday' is better,Yesterday was rainy.
23960,A1,environment,3.600,5,2,4,,1,Natural but limited usefulness as standalone,The bird flew over.
23354,A1,environment,3.600,5,2,4,,1,Natural but color/fruit ambiguity risk.,This fruit is orange.
6883,A1,environment,3.600,4,3,4,,0,Useful household sentence; 'bin' is slightly regional.,There is a bin in the kitchen.
24505,A1,environment,3.700,5,3,5,22551,1,Natural but still trivial descriptive padding,The tree is tall.
23694,A1,environment,3.700,5,3,5,21778,1,Near-duplicate of broader cold-weather phrase,It's cold tonight.
21732,A1,environment,3.700,5,3,5,25129,1,Near-duplicate of 'Is it snowing?' with minor time add-on.,Is it snowing today?
15711,A1,environment,3.700,5,3,5,23204,1,"Natural, but near-duplicate of simpler bird sentence",I saw a bird outside.
21588,A1,environment,3.700,5,3,5,25974,1,Specific variant; broader objectless forms are better.,I don't see any birds.
21928,A1,environment,3.700,5,3,5,16023,1,Good sentence but redundant snow variant,There's a lot of snow.
25437,A1,environment,3.700,5,3,5,23163,1,Fine but duplicate directional variant.,The wind comes from the south.
8572,A1,environment,3.700,5,3,5,16023,1,Natural but near-duplicate of same snow sentence,There is snow on the ground today.
23368,A1,environment,3.700,5,3,5,25131,0,Natural weather preference with decent reuse,I like rain.
25131,A1,environment,3.700,5,3,5,23368,0,Natural seasonal preference with decent reuse,I like snow.
22773,A1,environment,3.700,5,3,5,22772,0,Natural and common description.,The sun is bright.
25774,A1,environment,3.700,5,3,5,25024,0,Natural descriptive phrase,The light is bright.
23234,A1,environment,3.700,5,3,5,25163,0,"Common educational fact, easy to translate.",The sun rises in the east.
9727,A1,environment,3.700,5,3,5,22776,0,More natural than 'sun is hot'; usable weather talk.,The sun is very hot in the afternoon.
21569,A1,environment,3.800,5,2,5,,1,Natural but fairly niche as an activity sentence.,We watch birds.
23329,A1,environment,3.800,5,2,5,,1,Natural but trivial animal-fact sentence.,Fish swim fast.
24371,A1,environment,3.800,5,2,5,,1,Templated color variant; limited real-world reuse,The apple is red.
21985,A1,environment,3.800,5,2,5,,1,Natural but low-use factual sentence.,Stars shine at night.
23327,A1,environment,3.800,5,2,5,,1,Natural but low-utility animal-action sentence.,The fish is swimming.
22631,A1,environment,3.800,5,2,5,,1,Natural but overly specific direction,Walk between the trees.
20837,A1,environment,3.800,5,2,5,,1,Natural but too specific and less reusable.,We sailed across the sea.
24570,A1,environment,3.800,5,2,5,,1,Generic nature fact; low communicative value.,Plants grow in the garden.
12906,A1,environment,3.800,5,2,5,,1,Natural but limited-use farm scene,I see a horse in the field.
19826,A1,environment,3.800,5,2,5,,1,Natural but story-like; limited reuse,The kitten hid in the dark.
8007,A1,environment,3.800,5,2,5,,1,Natural but narrow descriptive scenario.,The mountain looks very distant from here.
23002,A1,environment,3.800,4,3,5,,0,"Natural phrase, useful in travel/sea/arrival contexts",I see land.
24106,A1,environment,3.800,4,3,5,,0,"Natural enough, though less common than weather phrasing",The air is cold.
26764,A1,environment,3.800,4,3,5,,0,"Natural and clear, though somewhat situational.",Is it quiet here?
25611,A1,environment,3.800,4,3,5,,0,"Natural and clear, though somewhat context-bound.",This is a quiet area.
25560,A1,environment,3.800,4,3,5,,0,Acceptable and broadly understandable,It rains sometimes here.
22627,A1,environment,3.800,4,3,5,,0,Useful preposition pattern,The cat is between boxes.
24097,A1,environment,3.800,4,3,5,,0,Clear and useful for location contexts.,I found it under the rock.
22894,A1,environment,4.000,4,4,4,,0,"Useful, simple location statement.",The park is near.
21617,A1,environment,4.000,5,3,4,,0,Natural seasonal statement; decent utility.,Leaves fall in autumn.
6892,A1,environment,4.000,5,3,4,,0,"Natural, though somewhat specific.",Put the apple core in the bin.
25129,A1,environment,4.100,5,4,5,23369,1,"Useful, but redundant with other weather-status questions.",Is it snowing?
25412,A1,environment,4.100,5,4,5,23367,1,Exact duplicate in contracted/uncontracted form,It is raining.
25280,A1,environment,4.100,5,4,5,23627,1,Natural but near-duplicate simple day/weather pattern.,Today is sunny.
23504,A1,environment,4.100,5,4,5,26164,1,One of several weather-adjective variants,The weather is bad.
23227,A1,environment,4.100,5,4,5,23931,1,Same frame/time slot as 'It happened yesterday',It rained yesterday.
24260,A1,environment,4.100,5,4,5,22306,1,Near-duplicate of 'It may rain today',It could rain today.
21620,A1,environment,4.100,5,4,5,25237,1,"Natural, but one of two similar 'we walk...' items; keep broader one.",We walk to the beach.
24641,A1,environment,4.100,5,4,5,23504,1,Duplicate weather-adjective skeleton,The weather is terrible.
24107,A1,environment,4.100,5,4,5,21879,1,Near-duplicate of basic 'Open the window.',Open the window for fresh air.
25128,A1,environment,4.100,5,4,5,21731,0,"Common, natural weather observation phrase",I see snow.
21783,A1,environment,4.100,5,4,5,24802,0,"Natural and useful, though close to clean water.",We need enough water.
1328,A1,environment,4.100,5,4,5,24222,0,"Natural, clear, and broadly useful weather statement.",This region is very cold in winter.
23371,A1,environment,4.200,5,3,5,,0,Natural and broadly understandable.,We need rain.
21785,A1,environment,4.200,5,3,5,,0,Basic possession phrase with decent reuse,I have a garden.
21937,A1,environment,4.200,5,3,5,,0,Natural simple household action,Water the plant.
21550,A1,environment,4.200,5,3,5,,0,"Natural, moderately useful activity phrase",I swim in the sea.
22241,A1,environment,4.200,5,3,5,,0,Natural simple place sentence; keep one strong 'visit' example.,We visit the park.
23696,A1,environment,4.200,5,3,5,,0,"Simple, natural property description",The wall is white.
25546,A1,environment,4.200,5,3,5,,0,Natural and easy to translate.,We love the beach.
23146,A1,environment,4.200,5,3,5,,0,"Natural and clear, though less common in daily use",Climb the mountain.
21934,A1,environment,4.200,4,4,5,,0,Useful everyday sentence about plant care,The plant needs sun.
22018,A1,environment,4.200,5,3,5,,0,Natural regional location statement,I live in the south.
21727,A1,environment,4.200,5,3,5,,0,Natural imperative; situational but clear.,Jump over the puddle.
23080,A1,environment,4.200,5,3,5,,0,"Natural phrase, moderate usefulness",Walk around the park.
23899,A1,environment,4.200,5,3,5,,0,Natural and easy to translate.,Snow falls in winter.
24963,A1,environment,4.200,5,3,5,,0,Simple indefinite-quantity sentence.,There are some birds.
21887,A1,environment,4.200,5,3,5,,0,Natural lost-item question with decent reuse.,Where is the umbrella?
8736,A1,environment,4.200,5,3,5,,0,Natural weather/sky observation.,The night sky is clear.
12756,A1,environment,4.200,5,3,5,,0,"Natural basic sentence, modest utility",The animal is sleeping.
26813,A1,environment,4.200,4,4,5,,0,Common and broadly useful prediction.,The weather will change.
16023,A1,environment,4.200,5,3,5,,0,Natural weather observation,There is snow on the ground.
21988,A1,environment,4.200,5,3,5,,0,Natural and easy to translate.,The moon is bright at night.
23163,A1,environment,4.200,5,3,5,,0,Natural weather-direction statement.,The wind comes from the north.
23579,A1,environment,4.400,5,4,4,,0,Common travel phrase; mild adjective subjectivity only,The view is amazing.
6887,A1,environment,4.400,5,4,4,,0,Natural household request; 'bin' is mildly regional,"Can you empty the bin, please?"
6884,A1,environment,4.400,5,4,4,,0,Natural everyday instruction; minor regional wording,Please put the rubbish in the bin.
24141,A1,environment,4.500,5,5,5,12249,0,Highly useful everyday phrase,The light is on.
23440,A1,environment,4.500,5,5,5,23504,0,"Common, clear weather sentence",The weather is sunny.
26583,A1,environment,4.600,5,4,5,,0,Very common simple instruction,Go upstairs.
23367,A1,environment,4.600,5,4,5,,0,Very common weather sentence,It's raining.
24782,A1,environment,4.600,5,4,5,,0,Natural and useful physical-state sentence.,She feels cold.
24104,A1,environment,4.600,5,4,5,,0,Common phrase for discomfort or needing fresh air.,I need some air.
26761,A1,environment,4.600,5,4,5,,0,"Natural, useful environmental description",It is quiet here.
21778,A1,environment,4.600,5,4,5,,0,Very common weather statement,It's cold outside.
22306,A1,environment,4.600,5,4,5,,0,Common weather possibility phrase,It may rain today.
26762,A1,environment,4.600,5,4,5,,0,Natural everyday description,The room is quiet.
21589,A1,environment,4.600,5,4,5,,0,"Simple, useful, and clear",Is there any water?
21731,A1,environment,4.600,5,4,5,,0,"Natural, practical, and slightly richer than plain 'I see snow'",I see snow outside.
21878,A1,environment,4.600,5,4,5,,0,Very common and useful basic sentence.,The window is open.
22314,A1,environment,4.600,5,4,5,,0,Natural and broadly useful travel/safety question,Is the water clean?
22772,A1,environment,4.600,5,4,5,,0,Common weather statement.,The sun is shining.
23439,A1,environment,4.600,5,4,5,,0,Natural basic weather sentence.,The weather is warm.
26765,A1,environment,4.600,5,4,5,,0,Useful travel and lifestyle preference,I like quiet places.
21898,A1,environment,4.600,5,4,5,,0,Simple preference statement with broad utility.,He doesn't like rain.
21976,A1,environment,4.600,5,4,5,,0,Natural and practical for basic description,What is on the floor?
24736,A1,environment,4.600,5,4,5,,0,Common travel/nature observation phrase.,We saw a lot of birds.
23443,A1,environment,4.600,5,4,5,,0,Natural general statement with broad usefulness.,Weather changes quickly.
25989,A1,environment,4.600,5,4,5,,0,Natural weather phrase; broadly useful.,It's still raining outside.
26123,A1,environment,4.600,5,4,5,,0,Common weather-related routine sentence.,We go out when it is sunny.
26298,A1,environment,4.600,5,4,5,,0,Clear spatial relation sentence,The cat is below the table.
21973,A1,environment,4.600,5,4,5,,0,Very natural and broadly reusable.,I found a coin on the floor.
7604,A1,environment,4.600,5,4,5,,0,Natural everyday sentence with clear context.,"Switch the heater on, it's cold."
8568,A1,environment,4.600,5,4,5,,0,Natural everyday observation with clear meaning,The ground is wet after the rain.
26506,A1,environment,5.000,5,5,5,,0,Very common and highly useful.,Will it rain?
23369,A1,environment,5.000,5,5,5,,0,Very common and highly reusable.,Is it raining?
25775,A1,environment,5.000,5,5,5,,0,Very common and practical.,Is the light on?
23449,A1,environment,5.000,5,5,5,,0,"Short, common, and useful",There is no water.
24460,A1,environment,5.000,5,5,5,,0,Very common weather question,Is it cold outside?
24623,A1,environment,5.000,5,5,5,,0,Very common and broadly useful,There is a lot of traffic.
9902,A1,education,3.800,5,2,5,,1,Natural but overly specific scenario.,This is my favorite section of the zoo.
4140,A1,education,3.800,5,2,5,,1,Natural but profession/context is too niche for A1.,He works as a historian at the university.
26783,A1,education,3.800,4,3,5,,0,Natural and simple school-related question.,Is math hard?
26784,A1,education,3.800,4,3,5,,0,Natural imperative with decent reuse,Work hard now.
25089,A1,education,3.800,4,3,5,,0,Natural and broadly understandable.,I write a blog.
25842,A1,education,3.800,4,3,5,,0,Usable though a bit textbooky,Read this text.
24601,A1,education,3.800,4,3,5,,0,Natural and reusable,I take a course.
24673,A1,education,3.800,4,3,5,,0,Natural school subject statement,I study history.
24946,A1,education,3.800,4,3,5,,0,Simple and broadly usable.,They need books.
26217,A1,education,3.800,4,3,5,,0,Natural simple statement; moderate usefulness.,Studying is fun.
22915,A1,education,3.800,4,3,5,,0,Natural in school/writing contexts.,Fix the spelling.
23220,A1,education,3.800,4,3,5,,0,Natural in classroom contexts.,I know that word.
23244,A1,education,3.800,4,3,5,,0,Simple and reusable school phrase,Call the teacher.
25218,A1,education,3.800,4,3,5,,0,Natural occupation-related phrase,I teach students.
25999,A1,education,3.800,4,3,5,,0,"Simple, natural beginner sentence",My school is big.
26859,A1,education,3.800,4,3,5,,0,Clear and reusable in many contexts,What is the rule?
23009,A1,education,3.800,4,3,5,,0,Natural opinion/basic statement.,Math is difficult.
23223,A1,education,3.800,4,3,5,,0,Simple classroom phrase with some reuse.,This word is easy.
25979,A1,education,3.800,4,3,5,,0,Natural but slightly classroom-like,Read the book now.
26035,A1,education,3.800,4,3,5,,0,Natural time-bound routine statement,I study until ten.
21841,A1,education,3.800,4,3,5,,0,Natural routine statement.,I eat after school.
22455,A1,education,3.800,4,3,5,,0,Simple and clear; keep one practice variant,Let's practise now.
22609,A1,education,3.800,4,3,5,,0,Natural and basic,She chooses a book.
24663,A1,education,3.800,4,3,5,,0,"Natural, basic action, easy to translate.",She writes letters.
26305,A1,education,3.800,4,3,5,,0,"Natural in school contexts, somewhat narrow",When is the lesson?
26916,A1,education,3.800,4,3,5,,0,Simple early counting command; useful as one exemplar,Count to three now.
24942,A1,education,3.800,4,3,5,,0,Simple and natural prompt.,Let's start writing.
26426,A1,education,3.800,4,3,5,,0,Clear classroom/work phrase with decent reuse,Let's show our work.
26208,A1,education,3.800,4,3,5,,0,Natural in classroom/conversation use.,I like this question.
24670,A1,education,3.800,4,3,5,,0,Natural hobby preference with decent learner value,I love exciting books.
21597,A1,education,3.800,4,3,5,,0,Common advice statement.,They should study hard.
21643,A1,education,3.800,4,3,5,,0,Natural and broadly reusable,I study during the day.
26402,A1,education,3.800,4,3,5,,0,"Natural enough, though slightly less common than plural form.",Which book do you like?
23403,A1,education,3.800,4,3,5,,0,"Natural and clear, though a bit generic.",She writes good articles.
23212,A1,education,3.800,4,3,5,,0,Natural classroom/basic language use,She describes the picture.
24602,A1,education,3.800,4,3,5,,0,Natural question in school contexts,What course are you taking?
26306,A1,education,3.800,4,3,5,,0,Natural in classroom context; specific but usable.,Let's start the lesson now.
23679,A1,education,3.800,4,3,5,,0,Natural classroom-style instruction,Put your pencils on the desk.
22071,A1,education,3.900,5,4,4,23007,0,"Common and useful, though slightly ambiguous.",This is hard.
21724,A1,education,4.100,5,4,5,17356,1,Near-duplicate of more useful 'I have a test today',I have a test.
22451,A1,education,4.100,5,4,5,22796,1,Spelling variant duplicate of practice sentence.,I practise every day.
26818,A1,education,4.100,5,4,5,22590,1,Natural but near-duplicate time-template sentence,Class starts at nine.
23010,A1,education,4.100,5,4,5,21586,1,Near-duplicate opposite-adjective test sentence,The test is difficult.
25303,A1,education,4.100,5,4,5,25400,1,One of several school-start time variants.,School starts next week.
21995,A1,education,4.100,5,4,5,21996,1,Useful but near-duplicate of generic explain phrase,Can you explain the rules?
22590,A1,education,4.100,5,4,5,26818,1,Natural but near-duplicate time-template sentence,Class starts at eight o'clock.
23400,A1,education,4.100,5,4,5,26900,0,Natural and broadly useful.,I read an article.
24092,A1,education,4.100,5,4,5,21585,0,Very common success statement.,I passed the exam!
26307,A1,education,4.100,5,4,5,26304,0,Common school-related phrase,The lesson is easy.
23190,A1,education,4.100,5,4,5,22977,0,Very useful for vocabulary clarification,What does 'bye' mean?
19500,A1,education,4.100,5,4,5,24588,0,Very common classroom/work phrase,Is this answer correct?
17258,A1,education,4.100,5,4,5,22514,0,Natural daily-routine sentence.,I like to read before bed.
25635,A1,education,4.200,5,3,5,,0,Natural basic imperative; moderate reuse.,Take the book.
22198,A1,education,4.200,5,3,5,,0,"Simple and clear, if basic.",We share books.
25135,A1,education,4.200,5,3,5,,0,Simple negative sentence; acceptable core grammar,We do not play.
24203,A1,education,4.200,5,3,5,,0,"Simple, natural, and teachable.",They play games.
24918,A1,education,4.200,5,3,5,,0,"Natural, moderately useful",We discuss ideas.
25217,A1,education,4.200,5,3,5,,0,Clear and natural occupation/action phrase.,They teach music.
23428,A1,education,4.200,5,3,5,,0,"Natural, generic self-description.",I learn every day.
23731,A1,education,4.200,5,3,5,,0,Natural and useful for discussion/class.,I like this topic.
26540,A1,education,4.200,5,3,5,,0,Modern and reusable,She learns online.
23242,A1,education,4.200,5,3,5,,0,Simple classroom phrase with decent usefulness.,Who is the teacher?
23556,A1,education,4.200,4,4,5,,0,Common daily-routine sentence.,We drive to school.
23240,A1,education,4.200,5,3,5,,0,Natural but somewhat narrow context,The teacher is here.
24597,A1,education,4.200,5,3,5,,0,"Simple, common statement with broad reuse.",School is important.
24956,A1,education,4.200,5,3,5,,0,Natural classroom/task instruction,Compare these books.
26117,A1,education,4.200,5,3,5,,0,Natural and useful for interests or school topics,Do you like science?
22768,A1,education,4.200,5,3,5,,0,Natural and relevant in school contexts.,Is your class boring?
25429,A1,education,4.200,5,3,5,,0,"Simple, natural, reasonably useful.",She reads the letter.
20267,A1,education,4.200,5,3,5,,0,Clear present-progressive example,She is reading a poem.
22452,A1,education,4.200,5,3,5,,0,Natural and simple encouragement.,Practise with friends.
24573,A1,education,4.200,5,3,5,,0,"Natural general statement, acceptable utility",Children grow quickly.
24677,A1,education,4.200,5,3,5,,0,"Natural, clear hobby/study phrase.",We read history books.
25798,A1,education,4.200,5,3,5,,0,Natural instructional phrase,Read the next section.
25815,A1,education,4.200,5,3,5,,0,Clear and broadly translatable.,We remember the story.
21652,A1,education,4.200,5,3,5,,0,"Natural and clear, though somewhat specific",Come to the free class.
22012,A1,education,4.200,5,3,5,,0,Natural and simple adjective sentence.,The classroom is clean.
24937,A1,education,4.200,5,3,5,,0,"Natural and clear, moderate reuse",Writing helps me think.
25997,A1,education,4.200,5,3,5,,0,"Natural and clear, though somewhat generic.",My brother goes to school.
25474,A1,education,4.200,5,3,5,,0,"Natural advice, though somewhat specific",Don't think about the past.
24268,A1,education,4.200,5,3,5,,0,Natural simple profession/action sentence,The scientist studies plants.
14102,A1,education,4.200,5,3,5,,0,Natural school-related phrase,I have a favorite subject at school.
6038,A1,education,4.200,5,3,5,,0,Natural but somewhat specific school context,I actually have a math test tomorrow.
4143,A1,education,4.200,5,3,5,,0,Natural sentence despite child-specific context,I want to be a historian when I grow up.
13712,A1,education,4.400,5,4,4,,0,Common reaction/question; broadly useful,Is that a fact?
26196,A1,education,4.400,5,4,4,,0,Common and flexible; pronoun reference is slightly context-bound.,I read about it.
24815,A1,education,4.400,5,4,4,,0,"Natural and useful, slight abstraction.",She shares my interest.
24089,A1,education,4.500,5,5,5,25030,0,Very common school/work scheduling phrase,I have an exam.
24661,A1,education,4.500,5,5,5,25442,0,Very common form or classroom instruction,Write your name.
21691,A1,education,4.600,5,4,5,,0,"Common, versatile command.",Show me how.
23845,A1,education,4.600,5,4,5,,0,"Very common, clear imperative",Draw a line.
23748,A1,education,4.600,5,4,5,,0,"Simple, natural habit statement.",I read books.
25221,A1,education,4.600,5,4,5,,0,Natural and useful profession/activity question,Do you teach?
26454,A1,education,4.600,5,4,5,,0,Useful travel phrase,I have a map.
26001,A1,education,4.600,5,4,5,,0,Simple school-related sentence with broad reuse,I like school.
21714,A1,education,4.600,5,4,5,,0,Simple location statement with broad use,I am at school.
24676,A1,education,4.600,5,4,5,,0,Natural subject preference with broad reuse,I like history.
24991,A1,education,4.600,5,4,5,,0,"Common everyday action, easy to translate.",I write a note.
26113,A1,education,4.600,5,4,5,,0,Common academic interest statement,I like science.
26219,A1,education,4.600,5,4,5,,0,Natural and useful for learners.,I like to study.
26455,A1,education,4.600,5,4,5,,0,Common and useful instruction.,Look at the map.
22667,A1,education,4.600,5,4,5,,0,Useful classroom/book instruction.,Open to page ten.
23740,A1,education,4.600,5,4,5,,0,"Simple, useful, and easy to translate",I have an answer.
24091,A1,education,4.600,5,4,5,,0,Very common learner situation; clean translation.,The exam is hard.
24665,A1,education,4.600,5,4,5,,0,"Simple, natural, and broadly reusable.",We write stories.
25002,A1,education,4.600,5,4,5,,0,Common everyday phrase.,I do my homework.
25192,A1,education,4.600,5,4,5,,0,Very common imperative for learners,Do your homework.
25427,A1,education,4.600,5,4,5,,0,"Common, clear, and reusable.",I write a letter.
22353,A1,education,4.600,5,4,5,,0,"Simple, natural, useful.",We meet at school.
23241,A1,education,4.600,5,4,5,,0,Useful school-related sentence,I like my teacher.
23429,A1,education,4.600,5,4,5,,0,Natural praise; broadly reusable.,You learn quickly.
23430,A1,education,4.600,5,4,5,,0,"Simple, natural, and broadly applicable.",We learn together.
23735,A1,education,4.600,5,4,5,,0,Natural and broadly reusable.,This is different.
24882,A1,education,4.600,5,4,5,,0,Natural and broadly useful advice.,Learn a new skill.
25252,A1,education,4.600,5,4,5,,0,Clear school-related question,Do you study math?
25958,A1,education,4.600,5,4,5,,0,Useful school-related phrase,I study for exams.
24093,A1,education,4.600,5,4,5,,0,Common instruction; highly reusable.,Study for the exam.
24330,A1,education,4.600,5,4,5,,0,Useful selection instruction.,Pick the green one.
24760,A1,education,4.600,5,4,5,,0,Natural and current; broadly useful.,She studies online.
25195,A1,education,4.600,5,4,5,,0,Natural and reusable opinion statement.,She hates homework.
25254,A1,education,4.600,5,4,5,,0,"Very natural, common, and easy to translate.",We study at school.
25257,A1,education,4.600,5,4,5,,0,Natural study-major phrase.,She studies design.
25502,A1,education,4.600,5,4,5,,0,Very common classroom/work phrase.,Give me an example.
21999,A1,education,4.600,5,4,5,,0,Very common future statement.,She will explain it.
23431,A1,education,4.600,5,4,5,,0,"Common, clear life-advice phrase.",Learn from mistakes.
24648,A1,education,4.600,5,4,5,,0,Useful comparison phrase,That's not the same.
24939,A1,education,4.600,5,4,5,,0,"Natural, common hobby question",Do you like writing?
26065,A1,education,4.600,5,4,5,,0,Clear instruction with broad educational use.,Use capital letters.
11992,A1,education,4.600,5,4,5,,0,Useful time-related school/testing phrase.,The exam starts soon.
21996,A1,education,4.600,5,4,5,,0,Common and broadly reusable request,Can you explain this?
22984,A1,education,4.600,5,4,5,,0,Very clear and broadly reusable.,The meaning is clear.
23243,A1,education,4.600,5,4,5,,0,Simple and broadly reusable,The teacher helps me.
23281,A1,education,4.600,5,4,5,,0,Common obligation statement,She must study today.
25661,A1,education,4.600,5,4,5,,0,Common need/help statement,She needs extra help.
25867,A1,education,4.600,5,4,5,,0,Natural and useful for school contexts,Come early for class.
26000,A1,education,4.600,5,4,5,,0,Very common school-related sentence.,We have school today.
26220,A1,education,4.600,5,4,5,,0,"Natural, common, and easy to translate.",Let's study together.
26548,A1,education,4.600,5,4,5,,0,"Natural, common routine sentence.",I often ride my bike.
25244,A1,education,4.600,5,4,5,,0,Useful comprehension phrase,I understand the joke.
26303,A1,education,4.600,5,4,5,,0,Useful scheduling phrase,I have a lesson today.
19499,A1,education,4.600,5,4,5,,0,Very common evaluative sentence.,This answer is correct.
25194,A1,education,4.600,5,4,5,,0,Very common completion statement,I finished my homework.
25816,A1,education,4.600,5,4,5,,0,Common and reusable memory/date phrase.,She remembers the date.
26817,A1,education,4.600,5,4,5,,0,Common in school contexts and very clear.,Which class are you in?
3132,A1,education,4.600,5,4,5,,0,Very common and practical,Can you spell your name?
19202,A1,education,4.600,5,4,5,,0,Common classroom instruction.,Please write a sentence.
22799,A1,education,4.600,5,4,5,,0,Useful learning-related sentence,She needs more practice.
26815,A1,education,4.600,5,4,5,,0,"Common, useful classroom opinion statement.",My class is interesting.
1582,A1,education,4.600,5,4,5,,0,Natural and useful product description.,This phone is very basic.
22568,A1,education,4.600,5,4,5,,0,Useful real-life scheduling sentence.,The class lasts one hour.
24813,A1,education,4.600,5,4,5,,0,Common self-description; useful.,I'm interested in sports.
23501,A1,education,4.600,5,4,5,,0,Common education phrase; more internationally neutral.,She studies at university.
24360,A1,education,4.600,5,4,5,,0,Common career aspiration phrase,I want to become a teacher.
23756,A1,education,4.600,5,4,5,,0,Natural self-improvement question,How can I improve my skills?
23973,A1,education,4.600,5,4,5,,0,Common phrase; singular mistake is acceptable.,We learned from our mistake.
24910,A1,education,4.600,5,4,5,,0,Clear and useful classroom phrase,Read the sentence carefully.
25543,A1,education,4.600,5,4,5,,0,"Modern, natural, and reusable",The Internet helps me learn.
11203,A1,education,4.600,5,4,5,,0,Common classroom/help phrase,Can you answer this question?
15530,A1,education,4.600,5,4,5,,0,Natural and useful school phrase,I have a lot of homework tonight.
20193,A1,education,4.600,5,4,5,,0,Very natural and useful in school contexts,What time does your lesson start?
25134,A1,education,4.800,5,5,4,,0,"Highly reusable, simple, and natural",Do you like it?
22514,A1,education,5.000,5,5,5,,0,Very common and reusable.,I like to read.
22801,A1,education,5.000,5,5,5,,0,Core beginner phrase; excellent coverage.,I go to school.
25758,A1,education,5.000,5,5,5,,0,Core beginner identity sentence,I am a student.
25191,A1,education,5.000,5,5,5,,0,Very common and useful.,I have homework.
25251,A1,education,5.000,5,5,5,,0,Core beginner sentence,I study English.
24090,A1,education,5.000,5,5,5,,0,"Common, useful question in school or testing contexts",When is the exam?
25234,A1,education,5.000,5,5,5,,0,Very common and easy to translate,I walk to school.
25245,A1,education,5.000,5,5,5,,0,Very common and useful,I understand you.
26204,A1,education,5.000,5,5,5,,0,Very common classroom and daily-life phrase,I have a question.
25247,A1,education,5.000,5,5,5,,0,Core beginner phrase.,I don't understand.
13752,A1,education,5.000,5,5,5,,0,Very useful learner sentence,"Hi, I don’t understand this."
25214,A1,education,5.000,5,5,5,,0,Very common and useful everyday question,Did you finish your homework?
25253,A1,education,5.000,5,5,5,,0,"Natural, practical study advice.",Try to study a little every day.
23993,A1,travel,3.500,4,4,4,22894,1,Useful but near-duplicate distance contrast pair.,The park is far.
24606,A1,travel,3.600,4,3,4,,0,"Useful, though 'station' can be context-dependent.",I go to the station.
26458,A1,travel,3.700,5,3,5,25980,1,"Useful sometimes, but still templated padding",Is this a map?
22032,A1,travel,3.700,5,3,5,23821,1,Near-duplicate trip praise; keep one simpler variant,That trip was fantastic.
23218,A1,travel,3.700,4,4,5,25817,0,Useful travel/security phrase; clear meaning.,Bring your passport here.
25845,A1,travel,3.800,4,3,5,,0,Natural enough and useful in context.,I leave now.
26066,A1,travel,3.800,4,3,5,,0,"Simple, natural, and somewhat useful travel/observation phrase",I see a plane.
24526,A1,travel,3.800,4,3,5,,0,"Natural invitation, somewhat aspirational.",Let's travel together.
13945,A1,travel,4.000,5,3,4,,0,"Common phrase, slightly idiomatic but broadly translatable.",The cat ran away.
23994,A1,travel,4.100,5,4,5,23608,1,Near-duplicate with 'Is it nearby?',Is it far away?
22124,A1,travel,4.200,5,3,5,,0,Natural though somewhat specific hobby statement,We climb mountains.
24525,A1,travel,4.600,5,4,5,,0,Natural question about habits/lifestyle,Do you travel?
26524,A1,travel,4.600,5,4,5,,0,"Common, natural daily activity phrase",Go to the gym.
23256,A1,travel,4.600,5,4,5,,0,"Natural, common instruction",Wait for the bus.
24465,A1,travel,4.600,5,4,5,,0,"Common, clear, and useful.",Let's go outside.
26590,A1,travel,4.600,5,4,5,,0,Natural and broadly useful aspiration statement.,I want to travel.
24528,A1,travel,4.600,5,4,5,,0,Useful everyday future-plan phrase.,We plan to travel.
26865,A1,travel,4.600,5,4,5,,0,Very natural conversational future statement.,We'll probably go.
22831,A1,travel,4.600,5,4,5,,0,"Common real-life sentence, clean and useful.",We wait for a taxi.
24037,A1,travel,4.600,5,4,5,,0,Natural life-experience question,Have you ever flown?
25277,A1,travel,4.600,5,4,5,,0,Common and broadly reusable.,Where is your phone?
20759,A1,travel,4.600,5,4,5,,0,Common past-tense travel phrase,I waited for the bus.
23215,A1,travel,4.600,5,4,5,,0,Useful travel/security question.,Where is your passport?
22970,A1,travel,4.600,5,4,5,,0,Natural travel context,We are waiting at the airport.
26795,A1,travel,5.000,5,5,5,,0,Core everyday phrase,Can I go now?
26457,A1,travel,5.000,5,5,5,,0,Very common travel phrase.,We need a map.
11715,A1,travel,5.000,5,5,5,,0,Common and useful in travel and events.,I need a ticket.
24524,A1,travel,5.000,5,5,5,,0,Very natural and highly reusable.,I like to travel.
23214,A1,travel,5.000,5,5,5,,0,Very common travel phrase with clean translation,I have a passport.
23217,A1,travel,5.000,5,5,5,,0,Very practical travel-related sentence,She needs a passport.
10231,A1,travel,5.000,5,5,5,,0,Highly practical travel sentence.,My flight leaves at noon.
22054,A1,business,4.100,5,4,5,22842,0,Natural shopping phrase; common household item.,Buy some sugar.
21577,A1,business,4.100,5,4,5,26356,0,Natural and broadly useful identity statement.,I own a business.
25030,A1,business,4.100,5,4,5,24089,0,Common real-life phrase for jobs and school,I have an interview.
22245,A1,business,4.100,5,4,5,21530,0,Natural and useful in paperwork contexts.,Is the form complete?
22957,A1,business,4.100,5,4,5,23742,0,Natural positive feedback with good reuse.,That's a good answer.
26629,A1,business,4.100,5,4,5,21864,0,Common workplace sentence.,She works at the bank.
22733,A1,business,4.100,5,4,5,22842,0,Useful everyday errand phrase.,Buy food from the market.
21531,A1,business,4.100,5,4,5,25072,0,Natural and commonly used,Please complete this form.
21864,A1,business,4.100,5,4,5,26629,0,Common workplace sentence.,She works at the hospital.
22635,A1,business,4.200,5,3,5,,0,Very simple shopping imperative; broadly usable.,Buy a book.
24913,A1,business,4.200,5,3,5,,0,Clear job/activity statement; reusable enough.,He sells cars.
21772,A1,business,4.200,5,3,5,,0,Natural planning command.,Plan the event.
22636,A1,business,4.200,5,3,5,,0,"Simple, natural daily action",She buys bread.
23967,A1,business,4.200,5,3,5,,0,Basic possessive/color sentence.,Our car is red.
24914,A1,business,4.200,5,3,5,,0,Natural imperative with practical use.,Sell your bike.
24864,A1,business,4.200,5,3,5,,0,Natural but somewhat specific profession/action.,He designs cars.
21581,A1,business,4.200,5,3,5,,0,Natural phrase; useful though ambitious for A1.,Start a business.
21824,A1,business,4.200,5,3,5,,0,Natural but vague; still broadly usable,Can you check it?
21903,A1,business,4.200,4,4,5,,0,Common and useful basic personal-info question,What is your job?
24272,A1,business,4.200,5,3,5,,0,Natural past-tense sentence with fair reuse.,I wrote a report.
25578,A1,business,4.200,5,3,5,,0,Natural but generic statement.,She spends money.
21613,A1,business,4.200,5,3,5,,0,"Simple, natural daily action",She buys tomatoes.
26199,A1,business,4.200,5,3,5,,0,"Short, natural administrative phrase.",The form is ready.
22482,A1,business,4.200,5,3,5,,0,Natural workplace description.,My office is clean.
24915,A1,business,4.200,4,4,5,,0,Natural retail sentence; clear and reusable.,We don't sell milk.
24276,A1,business,4.200,4,4,5,,0,"Simple, common action with clean translation.",She writes a report.
18803,A1,business,4.200,5,3,5,,0,Natural and clearer than the other result sentence,The result was clear.
26348,A1,business,4.200,5,3,5,,0,"Simple, natural product evaluation.",This product is good.
25406,A1,business,4.200,5,3,5,,0,Natural and clear work-related sentence.,My company sells cars.
9361,A1,business,4.200,5,3,5,,0,"Natural and clear, though somewhat narrow",That vase is expensive.
26676,A1,business,4.200,4,4,5,,0,Common and reusable everyday suggestion,Let's go to the market.
21086,A1,business,4.200,5,3,5,,0,Natural restaurant-service sentence,The waiter set the table.
23849,A1,business,4.200,4,4,5,,0,Useful distance phrase; clean translation.,It's ten kilometres away.
25403,A1,business,4.200,5,3,5,,0,Natural sentence; somewhat advanced but useful.,He started a new company.
22592,A1,business,4.200,4,4,5,,0,Common scheduling statement.,Meeting is at ten o'clock.
11177,A1,business,4.200,5,3,5,,0,"Natural and concrete, if a bit specific.",I want to sell my old guitar.
26492,A1,business,4.200,5,3,5,,0,Useful school-project statement.,Our project is about animals.
16542,A1,business,4.200,5,3,5,,0,Natural but somewhat specific scenario,Can I place an order for a cake?
19852,A1,business,4.200,5,3,5,,0,Simple action sentence; broadly understandable.,He picked up a card from the table.
22105,A1,business,4.400,5,4,4,,0,"Common and practical, minor currency nuance.",I have some change.
17356,A1,business,4.500,5,5,5,21724,0,Very common student phrase with clear time marker,I have a test today.
21982,A1,business,4.500,5,5,5,26231,0,Very natural and broadly useful shopping phrase,Check the price now.
5774,A1,business,4.500,5,5,5,24169,0,Very useful everyday sentence; clearer than open.,The shop is open now.
26562,A1,business,4.600,5,4,5,,0,Very common purchase phrase with strong reuse value,I buy milk.
26331,A1,business,4.600,5,4,5,,0,Common shopping question,Is it cheap?
26509,A1,business,4.600,5,4,5,,0,"Short, common prediction; broadly reusable.",He will win.
21902,A1,business,4.600,5,4,5,,0,Natural and broadly useful in adult life contexts.,I need a job.
24911,A1,business,4.600,5,4,5,,0,Simple job/activity statement with good reuse,I sell fruit.
25582,A1,business,4.600,5,4,5,,0,High-frequency real-world command.,Pay the bill.
21963,A1,business,4.600,5,4,5,,0,Natural and broadly useful in many situations.,I need advice.
22556,A1,business,4.600,5,4,5,,0,Simple and broadly reusable,I spend money.
23436,A1,business,4.600,5,4,5,,0,Useful payment instruction.,Pay with cash.
26329,A1,business,4.600,5,4,5,,0,Very common and useful in daily life.,This is cheap.
24464,A1,business,4.600,5,4,5,,0,Very common daily activity phrase.,We go shopping.
25454,A1,business,4.600,5,4,5,,0,Natural office/school shopping phrase.,Buy more paper.
21827,A1,business,4.600,5,4,5,,0,Natural and useful when verifying information.,I need to check.
24439,A1,business,4.600,5,4,5,,0,Useful everyday request.,Pass me the pen.
25911,A1,business,4.600,5,4,5,,0,Common beginner action sentence,I send a letter.
21580,A1,business,4.600,5,4,5,,0,Common short statement in work contexts.,Business is good.
21983,A1,business,4.600,5,4,5,,0,Natural and widely reusable,The price is low.
22480,A1,business,4.600,5,4,5,,0,Very common and broadly reusable,Go to the office.
22958,A1,business,4.600,5,4,5,,0,Natural phrase with solid everyday usefulness.,I need an answer.
24146,A1,business,4.600,5,4,5,,0,Natural and flexible problem-solving phrase.,Let's find a way.
25914,A1,business,4.600,5,4,5,,0,Useful command in shipping/post contexts.,Send the package.
26535,A1,business,4.600,5,4,5,,0,Common schedule-related phrase,I have a meeting.
26627,A1,business,4.600,5,4,5,,0,Common and useful errand phrase.,I go to the bank.
26922,A1,business,4.600,5,4,5,,0,Common and reusable price phrase.,This costs a lot.
21904,A1,business,4.600,5,4,5,,0,Common and broadly useful.,He has a good job.
21979,A1,business,4.600,5,4,5,,0,Natural and widely reusable,The price is high.
23629,A1,business,4.600,5,4,5,,0,Natural and broadly useful,I have a busy day.
24702,A1,business,4.600,5,4,5,,0,Natural and broadly useful.,I just got a call.
24957,A1,business,4.600,5,4,5,,0,Practical and natural,We compare prices.
25095,A1,business,4.600,5,4,5,,0,Natural profession sentence.,She is an actress.
17722,A1,business,4.600,5,4,5,,0,"Common, useful, and clear.",Do you have a plan?
22479,A1,business,4.600,5,4,5,,0,Natural and broadly useful for directions.,Is this the office?
23974,A1,business,4.600,5,4,5,,0,Useful in restaurant context,The waiter is here.
24965,A1,business,4.600,5,4,5,,0,"Common, useful possession sentence.",She has some money.
26714,A1,business,4.600,5,4,5,,0,"Natural and useful in travel, school, and admin contexts.",I need information.
21780,A1,business,4.600,5,4,5,,0,Common and broadly useful.,I have enough money.
21906,A1,business,4.600,5,4,5,,0,Common life situation.,She wants a new job.
22443,A1,business,4.600,5,4,5,,0,Natural phrase for choosing among options,I want the best one.
22485,A1,business,4.600,5,4,5,,0,Natural travel-related request,Please order a taxi.
24138,A1,business,4.600,5,4,5,,0,"Natural, clear beginner sentence",He bought a bicycle.
24912,A1,business,4.600,5,4,5,,0,Useful service encounter question,Do you sell tickets?
22235,A1,business,4.600,5,4,5,,0,Useful travel phrase; natural.,I'm booking a flight.
22693,A1,business,4.600,5,4,5,,0,Natural and common.,I will come tomorrow.
24883,A1,business,4.600,5,4,5,,0,Natural and broadly useful.,Skills are important.
25349,A1,business,4.600,5,4,5,,0,Natural and broadly useful question,Do you work weekends?
25449,A1,business,4.600,5,4,5,,0,Natural classroom or office need,She needs some paper.
25972,A1,business,4.600,5,4,5,,0,Useful travel phrase with clear meaning,The hotel has a pool.
26177,A1,business,4.600,5,4,5,,0,Useful complaint statement with clear meaning.,The cost is too high.
26537,A1,business,4.600,5,4,5,,0,Common in work/school contexts.,Join the meeting now.
21966,A1,business,4.600,5,4,5,,0,"Common, reusable gratitude phrase.",Thanks for the advice.
25233,A1,business,4.600,5,4,5,,0,"Common work-related sentence, easy to translate.",We work in the office.
26920,A1,business,4.600,5,4,5,,0,Very common and useful,I have a lot of money.
21576,A1,business,4.600,5,4,5,,0,Useful life-event phrase.,She started a business.
26349,A1,business,4.600,5,4,5,,0,Useful commerce-related phrase.,She sells that product.
16833,A1,business,4.600,5,4,5,,0,Natural modern instruction with clear use,Don’t send the file yet.
26127,A1,business,4.600,5,4,5,,0,"Natural, common price statement",It costs twenty dollars.
26538,A1,business,4.600,5,4,5,,0,"Common, useful timing statement.",The meeting starts soon.
26233,A1,business,4.600,5,4,5,,0,Useful real-world transport phrase.,The driver waits outside.
25033,A1,business,4.600,5,4,5,,0,Natural and personally relevant.,Prepare for your interview.
25623,A1,business,4.600,5,4,5,,0,Useful time-reference statement,I finished work an hour ago.
7203,A1,business,4.600,5,4,5,,0,Useful basic description with common adjective,The tablet is very expensive.
25408,A1,business,4.600,5,4,5,,0,Useful workplace scheduling sentence.,The company meeting is today.
17408,A1,business,4.600,5,4,5,,0,Natural basic location sentence.,There is a desk in the corner.
26175,A1,business,4.600,5,4,5,,0,Common travel/use-case language.,You have to pay for the ticket.
13452,A1,business,4.600,5,4,5,,0,Natural workplace phrase with good reuse,Check the calendar for our next meeting.
22757,A1,business,5.000,5,5,5,,0,Very common and highly reusable.,I go to work.
25575,A1,business,5.000,5,5,5,,0,Very common core sentence.,I have money.
21905,A1,business,5.000,5,5,5,,0,Very common and useful in real conversation,I like my job.
24758,A1,business,5.000,5,5,5,,0,"Modern, common, and highly reusable",I shop online.
26198,A1,business,5.000,5,5,5,,0,"Very common, practical imperative.",Sign the form.
25577,A1,business,5.000,5,5,5,,0,Highly reusable practical sentence,He needs money.
22512,A1,business,5.000,5,5,5,,0,Highly reusable everyday phrase,Go to the store.
23446,A1,business,5.000,5,5,5,,0,Very common and useful.,I have no money.
26508,A1,business,5.000,5,5,5,,0,Very common and reusable.,I will call you.
23024,A1,business,5.000,5,5,5,,0,"Common modern request, highly reusable.",Send me an email.
23038,A1,business,5.000,5,5,5,,0,Highly practical travel/event purchase phrase.,Buy a ticket now.
23043,A1,business,5.000,5,5,5,,0,Very common and useful.,Is the shop open?
23969,A1,business,5.000,5,5,5,,0,Essential high-frequency phrase.,I made a mistake.
21980,A1,business,5.000,5,5,5,,0,"Very common, useful, and easy to translate",What is the price?
22616,A1,business,5.000,5,5,5,,0,Highly useful everyday payment question,Can I pay by card?
23438,A1,business,5.000,5,5,5,,0,Very common everyday phrase.,She pays the bill.
26169,A1,business,5.000,5,5,5,,0,Very useful shopping and decision-making phrase.,Is the price high?
23014,A1,business,5.000,5,5,5,,0,Highly useful in shops and restaurants.,The order is ready.
24766,A1,business,5.000,5,5,5,,0,Very useful real-life paperwork phrase.,She signs the form.
26631,A1,business,5.000,5,5,5,,0,"Highly useful, common real-life phrase",The bank is closed.
24414,A1,business,5.000,5,5,5,,0,Very common self-description.,I work as a teacher.
26536,A1,business,5.000,5,5,5,,0,Very common workplace/social scheduling question,When is the meeting?
25208,A1,business,5.000,5,5,5,,0,Excellent shopping/price phrase,Is that five dollars?
24616,A1,business,5.000,5,5,5,,0,Highly useful transactional sentence,The price includes tax.
26966,A1,business,5.000,5,5,5,,0,Very useful scheduling phrase,The interview is tomorrow.
20008,A1,business,5.000,5,5,5,,0,Highly useful general question,Can I get more information?
2908,A1,business,5.000,5,5,5,,0,Practical directional information learners reuse.,The office is on the third floor.
7032,A1,emergency,3.800,4,3,5,,0,Natural and broadly reusable.,This error has happened before.
26556,A1,emergency,4.000,5,3,4,,0,"Common phrase, though slightly polysemous across languages.",The fire is out.
10212,A1,emergency,4.100,5,4,5,10205,1,Near-duplicate spill sentence; keep one cleaner example,I spilled juice on my shirt!
4693,A1,emergency,4.100,5,4,5,26054,0,Useful body-pain statement,My wrist hurts.
21837,A1,emergency,4.200,4,4,5,,0,"Common, broad command with clear meaning.",Fix the problem.
23004,A1,emergency,4.200,5,3,5,,0,Natural phrase; useful in travel contexts.,We landed safely.
25971,A1,emergency,4.200,4,4,5,,0,Common travel phrase,Call the hotel please.
26850,A1,emergency,4.200,5,3,5,,0,Natural concrete warning; more teachable than generic variant,Don't break the glass.
25386,A1,emergency,4.200,4,4,5,,0,Natural warning with broad everyday use,Be careful in the dark.
24418,A1,emergency,4.200,5,3,5,,0,Natural though context-specific,Run as fast as possible.
22749,A1,emergency,4.400,5,4,4,,0,Common phrase; slight metaphorical ambiguity.,Do not let go.
24802,A1,emergency,4.500,5,5,5,21783,0,"Important, natural, globally useful.",We need clean water.
25910,A1,emergency,4.500,5,5,5,26628,0,High-value travel/emergency location question,Where is the police station?
22045,A1,emergency,4.600,5,4,5,,0,"Short, natural, highly reusable",Can you stop?
23287,A1,emergency,4.600,5,4,5,,0,Clear imperative; practical and easy to translate.,Help her now.
26767,A1,emergency,4.600,5,4,5,,0,Natural emergency command; clear and reusable.,Stop the car.
23300,A1,emergency,4.600,5,4,5,,0,"Common, clear imperative",Come here now.
22047,A1,emergency,4.600,5,4,5,,0,Natural and broadly useful for behavior or movement.,I need to stop.
23716,A1,emergency,4.600,5,4,5,,0,"Natural, useful real-time transit phrase",The bus is coming!
21836,A1,emergency,4.600,5,4,5,,0,Natural and broadly reusable,What is the problem?
21693,A1,emergency,4.600,5,4,5,,0,"Common, flexible sentence.",The situation is bad.
21881,A1,emergency,4.600,5,4,5,,0,"Natural, useful household command",Close the window now.
24840,A1,emergency,4.600,5,4,5,,0,"Common, clear instruction",Call this number now.
21839,A1,emergency,4.600,5,4,5,,0,"Useful, common accomplishment phrase.",We solved the problem.
23073,A1,emergency,4.600,5,4,5,,0,Common safety statement with real-world relevance.,Fire can be dangerous.
22622,A1,emergency,4.600,5,4,5,,0,Natural causal sentence learners can reuse,I run because I'm late.
23069,A1,emergency,4.600,5,4,5,,0,Very natural warning statement.,That road is dangerous.
23934,A1,emergency,4.600,5,4,5,,0,Natural general statement for many situations.,Something bad happened.
25592,A1,emergency,4.600,5,4,5,,0,Useful in service and business contexts.,Is the customer waiting?
23071,A1,emergency,4.600,5,4,5,,0,"Very natural, useful warning phrase","Be careful, it's dangerous!"
23932,A1,emergency,4.600,5,4,5,,0,"Natural, common general statement",Accidents happen sometimes.
14870,A1,emergency,4.600,5,4,5,,0,Very natural and useful household warning,Don’t touch the stove; it’s still hot.
21764,A1,emergency,5.000,5,5,5,,0,Essential high-utility phrase with clean translation.,I need help.
22841,A1,emergency,5.000,5,5,5,,0,"Essential, highly reusable phrase.",We need food.
23278,A1,emergency,5.000,5,5,5,,0,Highly natural everyday phrase with broad reuse.,I must go now.
23911,A1,emergency,5.000,5,5,5,,0,Very common and highly reusable.,Wait a second.
25847,A1,emergency,5.000,5,5,5,,0,"Very common, high-value phrase.",We must leave.
21766,A1,emergency,5.000,5,5,5,,0,"Common, useful emergency/request phrase","Help me, please."
21835,A1,emergency,5.000,5,5,5,,0,Highly useful and universal,I have a problem.
23709,A1,emergency,5.000,5,5,5,,0,Common and highly reusable imperative,Answer the phone.
21838,A1,emergency,5.000,5,5,5,,0,Highly reusable basic statement,There is a problem.
22237,A1,emergency,5.000,5,5,5,,0,High-frequency travel phrase with clean translation.,The flight is late.
26928,A1,emergency,5.000,5,5,5,,0,Very common and practical,Don't miss the bus.
13745,A1,emergency,5.000,5,5,5,,0,High-utility emergency sentence,"Hi, I need a doctor."
23216,A1,emergency,5.000,5,5,5,,0,Highly useful travel/emergency sentence.,My passport is lost.
25908,A1,emergency,5.000,5,5,5,,0,Essential emergency phrase,Call the police now.
25954,A1,emergency,5.000,5,5,5,,0,Core useful phrase.,I'm waiting for you.
23070,A1,emergency,5.000,5,5,5,,0,Highly useful travel/safety question,Is this area dangerous?
26945,A1,emergency,5.000,5,5,5,,0,Natural and highly useful travel/social phrase,Call me when you arrive.
6180,A1,emergency,5.000,5,5,5,,0,High-value emergency/travel phrase,Is there a hospital nearby?
18640,A1,emergency,5.000,5,5,5,,0,Very common reminder with clear meaning.,Do not forget to lock the door.
24900,A1,technology,3.800,4,3,5,,0,Natural and somewhat reusable,They create music.
22009,A1,technology,4.000,5,3,4,,0,"Simple and reusable, though referent-dependent",Do you use it?
25622,A1,technology,4.100,5,4,5,24785,1,Near-duplicate leaving-time variant,She left a minute ago.
22533,A1,technology,4.100,5,4,5,21566,1,Natural but redundant with simpler 'I watch TV' pattern.,I watch TV after dinner.
22538,A1,technology,4.100,5,4,5,22011,0,Practical work-related statement.,She uses a computer at work.
22207,A1,technology,4.200,5,3,5,,0,Short and broadly reusable,It is possible.
22208,A1,technology,4.200,4,4,5,,0,"Useful, broadly applicable question.",Is it possible?
22965,A1,technology,4.200,5,3,5,,0,"Simple, natural possession phrase",I have a camera.
21989,A1,technology,4.200,5,3,5,,0,"Natural and clear, moderate usefulness.",We made a website.
22666,A1,technology,4.200,5,3,5,,0,Clear and useful in study/work contexts.,The page is blank.
25190,A1,technology,4.200,5,3,5,,0,"Natural fixed phrase, somewhat situational.",Start your engine.
24761,A1,technology,4.200,4,4,5,,0,Common real-world instruction,Buy tickets online.
24488,A1,technology,4.200,4,4,5,,0,Useful everyday meaning despite slightly odd wording,The battery will die.
25538,A1,technology,4.200,5,3,5,,0,Natural and plausible in everyday use,The internet is fast.
23929,A1,technology,4.200,5,3,5,,0,Natural general statement; moderate everyday utility.,Strange things can happen.
24759,A1,technology,4.400,5,4,4,,0,Modern and useful; slight tech-context limitation.,Are you online?
25844,A1,technology,4.500,5,5,5,23024,1,"Useful, but one of several send-message variants.",Send a text.
12070,A1,technology,4.500,5,5,5,12081,0,Very natural and highly useful.,Let's watch a movie tonight.
21956,A1,technology,4.600,5,4,5,,0,Common everyday past-tense phrase,I took a photo.
25186,A1,technology,4.600,5,4,5,,0,Natural command in common situations.,Start the car now.
21853,A1,technology,4.600,5,4,5,,0,Natural everyday suggestion,Watch the movie now.
22209,A1,technology,4.600,5,4,5,,0,Common and clear in many contexts,That's not possible.
26736,A1,technology,4.600,5,4,5,,0,"Useful in forms, apps, and classes.",Type your answer here.
23119,A1,technology,4.600,5,4,5,,0,Natural common food request,Please add more cheese.
26812,A1,technology,4.600,5,4,5,,0,"Common household command, clear and useful",Change the channel now.
25541,A1,technology,4.600,5,4,5,,0,Common modern-life question,Do you use the internet?
24703,A1,technology,4.600,5,4,5,,0,Natural and reusable in many contexts,There is a lot of space here.
23372,A1,technology,4.600,5,4,5,,0,Useful comparison structure; very clear.,This cake is sweeter than that one.
22173,A1,technology,5.000,5,5,5,,0,Very common and reusable,I'll call later.
17710,A2,culture,4.100,5,4,5,159,1,,"I tried sushi once, but I didn’t like it."
9425,A2,culture,4.100,5,4,5,9423,1,,The capital has many historical buildings.
14869,A2,culture,4.100,5,4,5,827,1,,She loves drinking hot chocolate in winter.
11806,A2,culture,4.100,5,4,5,11794,1,near-dup thanks cluster; 5 reps sufficient,"Thanks, I didn’t expect such a warm welcome."
19304,A2,culture,4.100,5,4,5,12764,1,3rd 'What kind of X' cluster,What kind of event is happening at the park?
19472,A2,culture,4.100,5,4,5,13875,1,,Let’s take some photos at the festival today!
9485,A2,culture,4.100,5,4,5,13937,1,near-dup 'Welcome to our ... event' cluster,Welcome to our cultural festival this weekend!
18732,A2,culture,4.100,5,4,5,12876,1,Near-dup movie theater phrase,The movie theater was completely full last night.
4438,A2,culture,4.200,5,3,5,,1,near-dup tournament cluster; generic exclamation; exceed 3 reps,The tournament was exciting.
9982,A2,culture,4.200,5,3,5,,1,culture-specific; near-dup of generic south phrases; 'France' limits universal translatability,The south of France is very beautiful.
19210,A2,culture,4.200,5,4,3,,1,,How do you say this sentence in Spanish?
10129,A2,culture,4.200,5,3,5,,0,"Natural ability question, moderate usefulness",Can you ride a horse?
4033,A2,culture,4.200,5,3,5,,0,,The album has ten songs.
4052,A2,culture,4.200,5,3,5,,0,,This album won an award.
1993,A2,culture,4.200,5,3,5,,0,keep - natural,The ghost was very scary.
5815,A2,culture,4.200,5,3,5,,0,Natural hobby question; specific but usable.,Do you collect postcards?
9852,A2,culture,4.200,4,4,5,,0,,When does the movie begin?
18680,A2,culture,4.200,4,4,5,,0,,I like this book very much!
19301,A2,culture,4.200,4,4,5,,0,natural school phrase,We have an event at school.
20659,A2,culture,4.200,5,3,5,,0,Natural descriptive sentence; easy to translate.,A bee landed on the flower.
4894,A2,culture,4.200,5,3,5,,0,,November is my favorite month.
14355,A2,culture,4.200,5,3,5,,0,,That concert sold out so fast!
15007,A2,culture,4.200,5,3,5,,0,,The brown horse runs very fast.
16366,A2,culture,4.200,5,3,5,,0,,My brother can play the guitar.
3892,A2,culture,4.200,4,4,5,,0,"Natural, teaches rules/prohibition",The museum banned taking photos.
9003,A2,culture,4.200,5,3,5,,0,,He beats the drum every morning.
17343,A2,culture,4.200,5,3,5,,0,,Let’s watch the parade together.
2012,A2,culture,4.200,5,3,5,,0,,Some people think ghosts are real.
4034,A2,culture,4.200,5,3,5,,0,,He listens to the album every day.
18639,A2,culture,4.200,4,4,5,,0,,I have not seen that new show yet.
19841,A2,culture,4.200,5,3,5,,0,,This dark chocolate tastes amazing.
1872,A2,culture,4.200,5,3,5,,0,,My nightmare was about being chased.
4797,A2,culture,4.200,5,3,5,,0,,Please pick a color for the painting.
21242,A2,culture,4.200,4,4,5,,0,,Isn’t this a wonderful place to visit?
13347,A2,culture,4.200,5,3,5,,0,,That was such an easy win for our team!
19492,A2,culture,4.200,4,4,5,,0,,Have you ever listened to a live concert?
15984,A2,culture,4.200,5,3,5,,0,,Have you ever drawn a portrait of someone?
18013,A2,culture,4.200,5,3,5,,0,natural narrative/story phrase; useful for prepositions,The treasure is buried under the old tree.
1668,A2,culture,4.200,4,4,5,,0,,He draws pictures indoors in his free time.
10134,A2,culture,4.200,5,3,5,,0,,Have you ever ridden a camel in the desert?
13393,A2,culture,4.200,5,3,5,,0,"natural, useful typography/design phrase","The title was written in big, bold letters."
19161,A2,culture,4.200,5,3,5,,0,,Have you heard the story of this old house?
11721,A2,culture,4.200,4,4,5,,0,,I don’t have a ticket for the movie tonight.
19113,A2,culture,4.200,4,4,5,,0,,I visited a beautiful town during my vacation.
13625,A2,culture,4.200,4,4,5,,0,,I enjoy painting landscapes during my free time.
13888,A2,culture,4.200,5,3,5,,0,,Have you seen the picture hanging in the museum?
4185,A2,culture,4.200,5,3,5,,0,,This biography tells the story of a brave explorer.
8319,A2,culture,4.200,4,4,5,,0,"Natural, vivid market scene",The market was full of vibrant fruits and vegetables.
16526,A2,culture,4.200,4,4,5,,0,,Having a conversation with new people can be exciting.
5786,A2,culture,4.400,5,4,4,,0,,I’m watching TV now.
2611,A2,culture,4.400,5,4,4,,0,,I love seeing your smile.
9718,A2,culture,4.400,5,4,4,,0,keep - natural question tag form,"The event is on, isn’t it?"
2608,A2,culture,4.400,5,4,4,,0,,The baby’s smile is so cute.
7295,A2,culture,4.400,5,4,4,,0,,I made a mess with the paint.
14342,A2,culture,4.400,5,4,4,,0,"Natural, teaches 'came out'",The movie came out last week.
2284,A2,culture,4.400,5,4,4,,0,,They told me such funny jokes.
5192,A2,culture,4.400,5,4,4,,0,Natural genre phrase,The movie was a romantic comedy.
10304,A2,culture,4.400,5,4,4,,0,,Tonight’s game will be exciting!
14201,A2,culture,4.400,5,4,4,,0,,The northern lights are amazing!
18452,A2,culture,4.400,5,4,4,,0,,Yesterday’s concert was amazing!
18747,A2,culture,4.400,5,4,4,,0,,This place is full of surprises!
12151,A2,culture,4.400,5,4,4,,0,natural winter activity,We often go skiing during winter.
4403,A2,culture,4.400,5,4,4,,0,"natural, useful narrative phrase",The story is about a hero's journey.
4872,A2,culture,4.400,5,4,4,,0,,The cartoon we watched was hilarious.
12498,A2,culture,4.400,5,4,4,,0,,I’m teaching my daughter how to cook.
12140,A2,culture,4.400,5,4,4,,0,,I’m so excited for the concert tonight!
4045,A2,culture,4.400,5,4,4,,0,,The album is available on streaming apps.
10878,A2,culture,4.400,5,4,4,,0,natural leisure phrase,Watching my favourite show makes me happy.
18950,A2,culture,4.400,5,4,4,,0,"Natural, honest opinion phrase; teaches 'to be honest'","The movie was pretty boring, to be honest."
17038,A2,culture,4.400,5,4,4,,0,,They enjoyed the concert so much last night.
14440,A2,culture,4.400,5,4,4,,0,,This restaurant serves the best pizza in town!
11519,A2,culture,4.400,5,4,4,,0,Natural and useful; specific but still broadly reusable.,Can you help me choose a dress for the wedding?
1225,A2,culture,4.500,5,5,5,1261,1,,I feel better now.
16311,A2,culture,4.500,5,5,5,9854,1,,The concert starts at 8 p.m.
1703,A2,culture,4.500,5,5,5,12484,1,,I bought a little gift for you.
20174,A2,culture,4.500,5,5,5,16101,1,,I had a great time at the party.
854,A2,culture,4.500,5,5,5,820,1,,She doesn’t drink coffee after noon.
10376,A2,culture,4.500,5,5,5,13608,1,,She loves painting in her free time.
19348,A2,culture,4.500,5,5,5,11685,1,,I’ll wait for you in front of the cinema.
9145,A2,culture,4.600,5,4,5,,1,near-dup teacher-action cluster; cap at reps,The teacher talked about history today.
20407,A2,culture,4.600,5,4,5,,1,room cluster surplus,The room was filled with laughter and joy.
9409,A2,culture,4.600,5,4,5,,1,near-dup: party context covered; id 9388 preferred for everyday use,The table was set beautifully for the party.
16203,A2,culture,4.600,5,4,5,,0,Natural exclamation,You’ve won again!
21462,A2,culture,4.600,5,4,5,,0,,I believe in luck.
884,A2,culture,4.600,5,4,5,,0,,She has black hair.
17157,A2,culture,4.600,5,4,5,,0,,Let’s play outside.
13842,A2,culture,4.600,5,4,5,,0,"simple, natural, high-utility",The tourist is lost.
5816,A2,culture,4.600,5,4,5,,0,,He collects toy cars.
19799,A2,culture,4.600,5,4,5,,0,,You own so many books!
344,A2,culture,4.600,5,4,5,,0,,This is a famous museum.
4842,A2,culture,4.600,5,4,5,,0,,That story is hilarious!
334,A2,culture,4.600,5,4,5,,0,,This is my favorite song.
2616,A2,culture,4.600,5,4,5,,0,natural social,She smiled and waved at me.
4896,A2,culture,4.600,5,4,5,,0,,My birthday is in November.
10541,A2,culture,4.600,5,4,5,,0,,See you later at the party!
11087,A2,culture,4.600,5,4,5,,0,,I wish I could draw better.
15297,A2,culture,4.600,5,4,5,,0,natural social activity,We watched a film together.
16623,A2,culture,4.600,5,4,5,,0,,They don’t like spicy food.
21275,A2,culture,4.600,5,4,5,,0,,Let’s sing a song together!
4405,A2,culture,4.600,5,4,5,,0,,The plot has a happy ending.
13580,A2,culture,4.600,5,4,5,,0,,This food tastes very spicy.
13640,A2,culture,4.600,5,4,5,,0,natural future plan,We will see a movie tonight.
16386,A2,culture,4.600,5,4,5,,0,"natural, simple",We went to the museum today.
17780,A2,culture,4.600,5,4,5,,0,,Who is your favorite writer?
3122,A2,culture,4.600,5,4,5,,0,natural identification question,What’s the name of this book?
6934,A2,culture,4.600,5,4,5,,0,,He had a wonderful childhood.
10893,A2,culture,4.600,5,4,5,,0,,She dreams of being a dancer.
3536,A2,culture,4.600,5,4,5,,0,natural tourist action,We took a photo near the port.
6967,A2,culture,4.600,5,4,5,,0,,She misses her childhood toys.
7538,A2,culture,4.600,5,4,5,,0,,The warm pie smells delicious.
8741,A2,culture,4.600,5,4,5,,0,"Natural, conversational",The movie last night was good.
10363,A2,culture,4.600,5,4,5,,0,natural hobby question,Do you like to paint pictures?
13291,A2,culture,4.600,5,4,5,,0,,My second language is Spanish.
13595,A2,culture,4.600,5,4,5,,0,,She asked me about my hobbies.
21239,A2,culture,4.600,5,4,5,,0,,That painting looks wonderful.
12856,A2,culture,4.600,5,4,5,,0,Common hobby question; broadly useful.,Do you follow any sports teams?
14882,A2,culture,4.600,5,4,5,,0,,This hot sauce is really spicy!
14916,A2,culture,4.600,5,4,5,,0,,She doesn’t watch horror films.
16309,A2,culture,4.600,5,4,5,,0,,I went to a concert last night.
18041,A2,culture,4.600,5,4,5,,0,,They lost the match last night.
1918,A2,culture,4.600,5,4,5,,0,,He loves pop music on the radio.
10825,A2,culture,4.600,5,4,5,,0,,It was a great movie last night!
12493,A2,culture,4.600,5,4,5,,0,Natural compliment about family member,Your daughter sings beautifully!
20047,A2,culture,4.600,5,4,5,,0,natural date reference,She was born in the early 1990s.
20744,A2,culture,4.600,5,4,5,,0,,He painted the chair bright red.
543,A2,culture,4.600,5,4,5,,0,,I pray that everything works out.
8747,A2,culture,4.600,5,4,5,,0,,I saw a shooting star last night.
12177,A2,culture,4.600,5,4,5,,0,Common conversational question.,Did you see the movie last night?
13601,A2,culture,4.600,5,4,5,,0,,I’m curious about other cultures.
21279,A2,culture,4.600,5,4,5,,0,"simple, natural, useful",The song was played at the party.
2157,A2,culture,4.600,5,4,5,,0,"keep - natural, cultural",The harvest festival is next week.
6235,A2,culture,4.600,5,4,5,,0,,The child’s coat is very colorful.
8728,A2,culture,4.600,5,4,5,,0,,The city looks beautiful at night.
9869,A2,culture,4.600,5,4,5,,0,"keep - natural, vivid",The festival begins with a parade.
16190,A2,culture,4.600,5,4,5,,0,,I saw that movie again last night.
17338,A2,culture,4.600,5,4,5,,0,,They will watch the game tomorrow.
19447,A2,culture,4.600,5,4,5,,0,natural social event phrase,We went to a festival in the park.
10112,A2,culture,4.600,5,4,5,,0,,I want you to teach me how to cook.
10958,A2,culture,4.600,5,4,5,,0,,I’m learning guitar as a new hobby.
13381,A2,culture,4.600,5,4,5,,0,Natural and commonly useful.,Do you know the title of this song?
16391,A2,culture,4.600,5,4,5,,0,natural museum/culture phrase,We saw old paintings in the museum.
19729,A2,culture,4.600,5,4,5,,0,,He doesn’t play football very well.
20006,A2,culture,4.600,5,4,5,,0,,I’ve always wanted to be an artist.
9858,A2,culture,4.600,5,4,5,,0,,The race will begin in five minutes.
12902,A2,culture,4.600,5,4,5,,0,,You should try this amazing dessert!
13515,A2,culture,4.600,5,4,5,,0,,I want to know more about this city.
13653,A2,culture,4.600,5,4,5,,0,,I’ve never seen such a big building!
15386,A2,culture,4.600,5,4,5,,0,,When will the new movie be released?
15654,A2,culture,4.600,5,4,5,,0,Natural planning question with broad reuse,Can we change the date of the party?
16327,A2,culture,4.600,5,4,5,,0,,How much does a concert ticket cost?
16735,A2,culture,4.600,5,4,5,,0,,The red team won the game yesterday.
16820,A2,culture,4.600,5,4,5,,0,,"Yeah, this museum is worth visiting."
4049,A2,culture,4.600,5,4,5,,0,,I can’t stop listening to this album.
9565,A2,culture,4.600,5,4,5,,0,,The bread became hard after two days.
11504,A2,culture,4.600,5,4,5,,0,,Let’s meet before the concert starts.
11562,A2,culture,4.600,5,4,5,,0,,I’ll stay awake until the movie ends.
11697,A2,culture,4.600,5,4,5,,0,,Look at that amazing art on the wall!
12767,A2,culture,4.600,5,4,5,,0,,The zoo has a new animal from Africa.
6949,A2,culture,4.600,5,4,5,,0,,I loved reading books in my childhood.
11521,A2,culture,4.600,5,4,5,,0,,I will wear a long dress to the event.
12876,A2,culture,4.600,5,4,5,,0,Natural directions phrase,The movie theater is past the library.
2148,A2,culture,4.600,5,4,5,,0,"keep - natural, practical",The harvest season starts in September.
9350,A2,culture,4.600,5,4,5,,0,natural past continuous,She was wearing a beautiful grey dress.
10627,A2,culture,4.600,5,4,5,,0,natural achievement,She won first place in the competition!
15757,A2,culture,4.600,5,4,5,,0,,Let’s park here and walk to the museum.
16393,A2,culture,4.600,5,4,5,,0,,Have you ever been to a history museum?
18809,A2,culture,4.600,5,4,5,,0,,"Tell me the result of the game, please!"
20475,A2,culture,4.600,5,4,5,,0,,My girlfriend and I went to the movies.
10976,A2,culture,4.600,5,4,5,,0,,He was wearing a black hat at the party.
11476,A2,culture,4.600,5,4,5,,0,,"On Friday, we often eat out with family."
15812,A2,culture,4.600,5,4,5,,0,"natural, sports score phrase",The team scored six points in the match.
20105,A2,culture,4.600,5,4,5,,0,Natural invitation/suggestion.,"Hey, maybe we can watch a movie tonight!"
11707,A2,culture,4.600,5,4,5,,0,,Have you ever tried making art with clay?
14825,A2,culture,4.600,5,4,5,,0,natural camping vocab,Sleeping in a tent is fun during camping.
21288,A2,culture,4.600,5,4,5,,0,,I’ve been listening to this song all day.
7526,A2,culture,4.600,5,4,5,,0,,The warm towel felt nice after the shower.
16312,A2,culture,4.600,5,4,5,,0,,She bought tickets for the concert online.
11716,A2,culture,4.600,5,4,5,,0,,I bought a ticket to the concert yesterday.
16333,A2,culture,4.600,5,4,5,,0,,Going to a concert is a great way to relax.
19300,A2,culture,4.600,5,4,5,,0,,Let’s check if the sound system is working.
1595,A2,culture,4.600,5,4,5,,0,,I learned the basics of cooking from my mom.
12716,A2,culture,4.600,5,4,5,,0,,I saw your photo in the newspaper yesterday!
20186,A2,culture,4.600,5,4,5,,0,,Have you ever seen a movie like this before?
20379,A2,culture,4.600,5,4,5,,0,useful reading comprehension phrase,What happened at the beginning of the story?
21141,A2,culture,4.600,5,4,5,,0,natural,She shops at the local market every weekend.
12155,A2,culture,4.600,5,4,5,,0,,Winter holidays are my favorite time of year.
13535,A2,culture,4.600,5,4,5,,0,natural travel recap phrase,We saw a lot of beautiful places on our trip.
13985,A2,culture,4.600,5,4,5,,0,,This country is known for its delicious food.
15837,A2,culture,4.600,5,4,5,,0,"keep - natural, seasonal context",The festival happens every weekend in summer.
17024,A2,culture,4.600,5,4,5,,0,,The rain stopped just before the game started.
11729,A2,culture,4.600,5,4,5,,0,,She asked if I had a spare ticket for the show.
18109,A2,culture,4.600,5,4,5,,0,,Let’s decorate the room for the birthday party.
19970,A2,culture,4.600,5,4,5,,0,,My parents usually watch the news after dinner.
21069,A2,culture,4.600,5,4,5,,0,natural everyday scenario,We waited in line for two hours to buy tickets.
19452,A2,culture,4.600,5,4,5,,0,,She didn’t go to the festival because it was raining.
13658,A2,culture,4.800,5,5,4,,0,highly natural social plan,We’re going to see a concert this weekend.
1837,A2,culture,5.000,5,5,5,,0,,I had a nightmare.
2809,A2,culture,5.000,5,5,5,,0,"core phrase, widely applicable",Do you want to play?
329,A2,culture,5.000,5,5,5,,0,,This movie is boring.
2245,A2,culture,5.000,5,5,5,,0,,It was such a surprise!
4351,A2,culture,5.000,5,5,5,,0,"keep - natural, high utility",The game ended in a tie.
8724,A2,culture,5.000,5,5,5,,0,,I like reading at night.
10833,A2,culture,5.000,5,5,5,,0,essential event question,What time does it start?
13605,A2,culture,5.000,5,5,5,,0,core conversational question,What’s this movie about?
339,A2,culture,5.000,5,5,5,,0,,This game is fun to play.
17052,A2,culture,5.000,5,5,5,,0,,I really enjoy this song!
18482,A2,culture,5.000,5,5,5,,0,,Is the museum open today?
335,A2,culture,5.000,5,5,5,,0,,This picture is beautiful.
20611,A2,culture,5.000,5,5,5,,0,,Where is your father from?
10063,A2,culture,5.000,5,5,5,,0,core conversation starter,What’s your favorite movie?
9854,A2,culture,5.000,5,5,5,,0,,The concert begins at 8 p.m.
10286,A2,culture,5.000,5,5,5,,0,,Let’s watch a movie tonight.
16338,A2,culture,5.000,5,5,5,,0,,Is the museum far from here?
5264,A2,culture,5.000,5,5,5,,0,core conversation question,What is your favourite drink?
10293,A2,culture,5.000,5,5,5,,0,core social exclamation,We’re having a party tonight!
8758,A2,culture,5.000,5,5,5,,0,,He told me a story last night.
16033,A2,culture,5.000,5,5,5,,0,,I have never seen snow before.
19570,A2,culture,5.000,5,5,5,,0,,His favorite hobby is painting.
9186,A2,culture,5.000,5,5,5,,0,,He can play the guitar very well.
11468,A2,culture,5.000,5,5,5,,0,,Let’s go to the movies on Friday!
17248,A2,culture,5.000,5,5,5,,0,,"Every summer, we go to the beach."
10297,A2,culture,5.000,5,5,5,,0,,There’s a concert tonight in town.
14804,A2,culture,5.000,5,5,5,,0,"Essential, natural phrase",The movie is based on a true story.
15473,A2,culture,5.000,5,5,5,,0,very natural museum instruction,Don’t touch anything in the museum!
10046,A2,culture,5.000,5,5,5,,0,keep - very natural,The event is happening next weekend.
10837,A2,culture,5.000,5,5,5,,0,,I love this city; it’s so beautiful!
15871,A2,culture,5.000,5,5,5,,0,very practical tourist/travel phrase,Does the museum entry cost anything?
16479,A2,culture,5.000,5,5,5,,0,Essential hours/schedule phrase,The museum is closed every Thursday.
13608,A2,culture,5.000,5,5,5,,0,,She enjoys painting in her free time.
12227,A2,culture,5.000,5,5,5,,0,Essential time/entertainment phrase,The movie begins at 8 o'clock tonight.
15641,A2,culture,5.000,5,5,5,,0,,Have you checked the date of the event?
19454,A2,culture,5.000,5,5,5,,0,"keep - practical, natural",The festival starts at 6 p.m. tomorrow.
12706,A2,culture,5.000,5,5,5,,0,,She is reading a newspaper on the train.
11053,A2,culture,5.000,5,5,5,,0,"natural, practical tourism phrase",The guide showed us the way to the museum.
10066,A2,culture,5.000,5,5,5,,0,very practical travel reminder,Don’t forget to bring your ticket tomorrow.
12236,A2,culture,5.000,5,5,5,,0,Essential hours phrase; complements closed phrase,The museum opens at 10 o'clock on weekends.
15889,A2,culture,5.000,5,5,5,,0,"keep - practical, distinct",The event costs more for late registration.
20415,A2,culture,5.000,5,5,5,,0,,The city is crowded with tourists in summer.
14510,A2,culture,5.000,5,5,5,,0,,Having dinner together is a family tradition.
19114,A2,culture,5.000,5,5,5,,0,,There’s a big festival in our town every summer.
21439,A2,business,4.500,5,5,5,12935,1,,She doesn’t have a job right now.
6388,A2,business,4.500,5,5,5,6406,1,cluster trim,The delivery will arrive tomorrow.
14263,A2,business,4.500,5,5,5,10288,1,,I have a meeting tomorrow morning.
20694,A2,business,4.500,5,5,5,1147,1,,The computer system is down again.
706,A2,business,4.500,5,5,5,13226,1,Near-dup of next meeting on Friday,The next meeting will be on Friday.
3847,A2,business,4.500,5,5,5,3833,1,cluster trim,The furniture shop is having a sale.
11441,A2,business,4.500,5,5,5,3119,1,,Please write your name on this form.
20869,A2,business,4.500,5,5,5,15389,1,,Let me know when the project is done.
15455,A2,business,4.500,5,5,5,15195,1,,Is there anything I can help you with?
15020,A2,business,4.500,5,5,5,14387,1,near-duplicate of don't be late,Don’t be late for the meeting tomorrow.
20722,A2,business,4.500,5,5,5,9233,1,,I’ll call you right after I finish my work.
1015,A2,business,4.600,5,4,5,,1,shop cluster surplus,The shop is open all day.
10389,A2,business,4.600,5,4,5,,1,near-dup cluster: closing time; id 19973 kept,The shop will close at 8 PM tonight.
11734,A2,business,4.600,5,4,5,,1,near-dup closing-on-weekends pattern; id 14681 covers this pattern,The ticket office is closed on weekends.
3748,A2,business,4.600,5,4,5,,1,price cluster surplus,The price tag is missing from this shirt.
8731,A2,business,4.600,5,4,5,,0,natural,She works at night.
10643,A2,business,4.600,5,4,5,,0,,My uncle is a farmer.
6373,A2,business,4.600,5,4,5,,0,keep - simple and natural,The delivery was fast.
10621,A2,business,4.600,5,4,5,,0,,Is this your first job?
888,A2,business,4.600,5,4,5,,0,,He drives a black truck.
13923,A2,business,4.600,5,4,5,,0,natural workplace onboarding phrase,Welcome aboard our team!
2323,A2,business,4.600,5,4,5,,0,,He always asks for money.
6270,A2,business,4.600,5,4,5,,0,,He bought a leather coat.
8749,A2,business,4.600,5,4,5,,0,Common work expression with good reuse.,He works the night shift.
16103,A2,business,4.600,5,4,5,,0,natural,She works hard every day.
18939,A2,business,4.600,5,4,5,,0,,That’s a pretty nice idea!
2302,A2,business,4.600,5,4,5,,0,Common practical request.,Can you lend me some money?
14435,A2,business,4.600,5,4,5,,0,"simple, natural",We ate at a new restaurant.
12784,A2,business,4.600,5,4,5,,0,Common everyday question with strong reuse.,Do you feel tired after work?
1755,A2,business,4.600,5,4,5,,0,,There is a menu on the counter.
3373,A2,business,4.600,5,4,5,,0,,The bank gave her a small loan.
5805,A2,business,4.600,5,4,5,,0,natural present continuous,She’s working on a project now.
12025,A2,business,4.600,5,4,5,,0,,He took a long bath after work.
19606,A2,business,4.600,5,4,5,,0,Natural and useful in common contexts.,Can you leave a message for me?
2317,A2,business,4.600,5,4,5,,0,,Money is hard to earn sometimes.
3529,A2,business,4.600,5,4,5,,0,,The port is important for trade.
7321,A2,business,4.600,5,4,5,,0,,My schedule is a mess this week.
1745,A2,business,4.600,5,4,5,,0,,There are cookies on the counter.
2912,A2,business,4.600,5,4,5,,0,,My office is on the second floor.
3835,A2,business,4.600,5,4,5,,0,,Where did you buy this furniture?
11445,A2,business,4.600,5,4,5,,0,Very useful in introductions and forms.,Could you spell your name for me?
14395,A2,business,4.600,5,4,5,,0,,She apologized for arriving late.
18656,A2,business,4.600,5,4,5,,0,natural fashion/workplace question,What do you usually wear to work?
19613,A2,business,4.600,5,4,5,,0,,Leaving early is not a good idea.
1737,A2,business,4.600,5,4,5,,0,,The cashier is behind the counter.
2301,A2,business,4.600,5,4,5,,0,,He has a lot of money in the bank.
6176,A2,business,4.600,5,4,5,,0,,My mom is a nurse at the hospital.
9591,A2,business,4.600,5,4,5,,0,,You finished all the work already!
14059,A2,business,4.600,5,4,5,,0,,The price is half what I expected.
14939,A2,business,4.600,5,4,5,,0,Common emotional-result pattern.,Her success made her family proud.
15834,A2,business,4.600,5,4,5,,0,,Have you ever worked on a weekend?
16165,A2,business,4.600,5,4,5,,0,Common clarification request.,Could you repeat your name for me?
16239,A2,business,4.600,5,4,5,,0,Natural request with broad usefulness.,Can you ask someone else for help?
18891,A2,business,4.600,5,4,5,,0,,Forty people attended the meeting.
1780,A2,business,4.600,5,4,5,,0,practical admin,She signed the form at the counter.
2919,A2,business,4.600,5,4,5,,0,,There are many desks in the office.
5730,A2,business,4.600,5,4,5,,0,,Please proceed to gate number five.
6821,A2,business,4.600,5,4,5,,0,"practical, natural",We should find a way to save money.
9391,A2,business,4.600,5,4,5,,0,,I bought a new table for my office.
9937,A2,business,4.600,5,4,5,,0,Natural request with broad use.,Can you come here tomorrow morning?
11311,A2,business,4.600,5,4,5,,0,,Say yes if you agree with the plan.
12096,A2,business,4.600,5,4,5,,0,natural shopping phrase,What is the price of this umbrella?
12661,A2,business,4.600,5,4,5,,0,,"Let’s finish this task today, okay?"
13830,A2,business,4.600,5,4,5,,0,Natural past-passive phrase,The machine was repaired last week.
17690,A2,business,4.600,5,4,5,,0,,The bakery sells cake by the slice.
20599,A2,business,4.600,5,4,5,,0,"Modern, practical communication request.",Could you text me the meeting time?
1183,A2,business,4.600,5,4,5,,0,,Please calculate the price with tax.
10813,A2,business,4.600,5,4,5,,0,,Put on a nice shirt for the meeting.
11277,A2,business,4.600,5,4,5,,0,,The shoe store is having a big sale.
13520,A2,business,4.600,5,4,5,,0,,They will know the results tomorrow.
14360,A2,business,4.600,5,4,5,,0,,You’re right about the meeting time.
20401,A2,business,4.600,5,4,5,,0,Natural and useful in work/study settings.,Are you familiar with this software?
20793,A2,business,4.600,5,4,5,,0,,She handed me the key to her office.
2147,A2,business,4.600,5,4,5,,0,,I helped my uncle harvest vegetables.
6055,A2,business,4.600,5,4,5,,0,,She actually started a new job today.
11330,A2,business,4.600,5,4,5,,0,,"Yes, we can discuss this over coffee."
11686,A2,business,4.600,5,4,5,,0,Natural and broadly reusable neighborhood sentence.,A new store opened near my workplace.
12834,A2,business,4.600,5,4,5,,0,,Please follow me to the meeting room.
14795,A2,business,4.600,5,4,5,,0,,He asked if the information was true.
18408,A2,business,4.600,5,4,5,,0,Common work/health advice,Don’t push yourself too hard at work.
20178,A2,business,4.600,5,4,5,,0,,I want to be a teacher in the future.
20913,A2,business,4.600,5,4,5,,0,Useful and natural meeting-related question.,Can you come to the meeting tomorrow?
2927,A2,business,4.600,5,4,5,,0,,There is a new computer in the office.
3849,A2,business,4.600,5,4,5,,0,"keep - natural, common context",The furniture in the office is modern.
10404,A2,business,4.600,5,4,5,,0,natural past tense; representative of shop-closed cluster,The store was closed when I got there.
11059,A2,business,4.600,5,4,5,,0,,They didn’t tell us about the meeting.
11060,A2,business,4.600,5,4,5,,0,Common work/admin request.,Could you send us the details by email?
18262,A2,business,4.600,5,4,5,,0,keep - practical,The farmer raises chickens on his farm.
12198,A2,business,4.600,5,4,5,,0,,The worker is fixing the broken machine.
16718,A2,business,4.600,5,4,5,,0,,I was so tired after the long interview.
11138,A2,business,4.600,5,4,5,,0,keep anchor of sixteen cluster,Sixteen people signed up for the workshop.
11598,A2,business,4.600,5,4,5,,0,"Modern, practical request.",Could you quickly check this email for me?
14678,A2,business,4.600,5,4,5,,0,,I’ll take the same route to work tomorrow.
16117,A2,business,4.600,5,4,5,,0,,I’ve been working all day on this project.
16722,A2,business,4.600,5,4,5,,0,,That interview was harder than I expected!
16923,A2,business,4.600,5,4,5,,0,,The sandwich shop near my office is cheap.
18437,A2,business,4.600,5,4,5,,0,,"Yesterday, I felt really tired after work."
19443,A2,business,4.600,5,4,5,,0,,He asked me to pass a message to his boss.
20053,A2,business,4.600,5,4,5,,0,Natural workplace request.,Can you come to the office early tomorrow?
20459,A2,business,4.600,5,4,5,,0,"Common motivation statement, easy to translate.","He said, 'I work every day to save money.'"
6422,A2,business,4.600,5,4,5,,0,,I signed up for a monthly delivery service.
7038,A2,business,4.600,5,4,5,,0,,The price of bread will increase next week.
9486,A2,business,4.600,5,4,5,,0,,You’re welcome to share your ideas with us.
20108,A2,business,4.600,5,4,5,,0,,Maybe they’ll announce the results tomorrow.
17703,A2,business,4.600,5,4,5,,0,Common workplace request.,Can you check this report before you send it?
14573,A2,business,4.600,5,4,5,,0,,The company provides free lunch for employees.
18919,A2,business,4.600,5,4,5,,0,,Please don’t forget to stop by the bank today.
19017,A2,business,4.600,5,4,5,,0,,Rain is important for farmers and their crops.
16093,A2,business,4.600,5,4,5,,0,Natural workplace request with clear time frame,Can you send me the report by tomorrow morning?
20624,A2,business,4.600,5,4,5,,0,,My father has been working there for ten years.
17374,A2,business,4.600,5,4,5,,0,,The company will test the product before selling it.
7163,A2,business,4.800,5,5,4,,0,"Very natural, high utility travel phrase",The hotel is fully booked.
62,A2,business,4.800,5,5,4,,0,,I'm working from home nowadays.
9250,A2,business,4.800,5,5,4,,0,,Let’s call it a day and go home.
7176,A2,business,4.800,5,5,4,,0,,I need to cancel my hotel booking.
6405,A2,business,4.800,5,5,4,,0,,There was a mix-up with the delivery.
10420,A2,business,4.800,5,5,4,,0,,"I’m no expert, but I can try to help."
17238,A2,business,4.800,5,5,4,,0,keep more useful work context rep,We meet every Monday for a team update.
12747,A2,business,4.800,5,5,4,,0,,Is there any chance we can meet tomorrow?
11920,A2,business,4.800,5,5,4,,0,Teaches quarter-past time expression,The meeting starts at a quarter past nine.
20411,A2,business,4.800,5,5,4,,0,natural urgent phrase,We need to deal with this problem quickly.
3311,A2,business,4.800,5,5,4,,0,,I want to cut down on my spending this month.
11563,A2,business,4.800,5,5,4,,0,,"Until further notice, the office will be closed."
2914,A2,business,5.000,5,5,5,,1,office cluster surplus; keep only 3,The office opens at 9 a.m.
2917,A2,business,5.000,5,5,5,,1,office cluster surplus; near-dup of kept 'closed on weekends' pair,The office is near the station.
9187,A2,business,5.000,5,5,5,,0,,Where does he work?
21436,A2,business,5.000,5,5,5,,0,,He found a new job.
5970,A2,business,5.000,5,5,5,,0,,Is this item on sale?
6377,A2,business,5.000,5,5,5,,0,,Is the delivery free?
13742,A2,business,5.000,5,5,5,,0,,"Hi, nice to meet you!"
21438,A2,business,5.000,5,5,5,,0,classic high-utility phrase,Do you like your job?
15867,A2,business,5.000,5,5,5,,0,,How much does it cost?
7158,A2,business,5.000,5,5,5,,0,,Is the hotel expensive?
10518,A2,business,5.000,5,5,5,,0,Natural and highly reusable scheduling phrase.,Can we meet later today?
16208,A2,business,5.000,5,5,5,,0,Essential workplace phrase,The meeting is over now.
974,A2,business,5.000,5,5,5,,0,,The room is fully booked.
2306,A2,business,5.000,5,5,5,,0,,I save money every month.
2911,A2,business,5.000,5,5,5,,0,,She is at the office now.
9698,A2,business,5.000,5,5,5,,0,,Is the meeting on Monday?
10288,A2,business,5.000,5,5,5,,0,,I have a meeting tonight.
10418,A2,business,5.000,5,5,5,,0,,There’s no time to waste!
11450,A2,business,5.000,5,5,5,,0,,Is your name on the list?
20442,A2,business,5.000,5,5,5,,0,excellent,She starts work at seven.
333,A2,business,5.000,5,5,5,,0,,This shop is closed today.
13566,A2,business,5.000,5,5,5,,0,,Why are you so late today?
13759,A2,business,5.000,5,5,5,,0,,"Hi, thanks for your email."
1746,A2,business,5.000,5,5,5,,0,,Please wait at the counter.
17199,A2,business,5.000,5,5,5,,0,,That’s an interesting idea!
3119,A2,business,5.000,5,5,5,,0,,Please write your name here.
3428,A2,business,5.000,5,5,5,,0,,I’m interested in your idea.
6236,A2,business,5.000,5,5,5,,0,,I’m looking for a black coat.
6392,A2,business,5.000,5,5,5,,0,"keep - natural, very practical",The delivery fee is too high.
10038,A2,business,5.000,5,5,5,,0,,I’m working on a new project.
21440,A2,business,5.000,5,5,5,,0,core career/life question,What kind of job do you want?
1741,A2,business,5.000,5,5,5,,0,,I left my keys on the counter.
7171,A2,business,5.000,5,5,5,,0,,I called the hotel to confirm.
10600,A2,business,5.000,5,5,5,,0,,These jeans are too expensive!
14565,A2,business,5.000,5,5,5,,0,,Let’s meet for lunch tomorrow.
21454,A2,business,5.000,5,5,5,,0,,I will start my job next week.
2315,A2,business,5.000,5,5,5,,0,core everyday phrase,We need money to pay the bills.
10830,A2,business,5.000,5,5,5,,0,,It has been a long day at work.
16418,A2,business,5.000,5,5,5,,0,,This product was made in Japan.
1757,A2,business,5.000,5,5,5,,0,,I asked for help at the counter.
12224,A2,business,5.000,5,5,5,,0,Essential time phrase,The meeting starts at 9 o'clock.
2924,A2,business,5.000,5,5,5,,0,,The office is closed on weekends.
3414,A2,business,5.000,5,5,5,,0,,I will apply for a loan tomorrow.
9199,A2,business,5.000,5,5,5,,0,,He might be late for the meeting.
9473,A2,business,5.000,5,5,5,,0,"highly natural, business context","Welcome to the meeting, everyone."
12100,A2,business,5.000,5,5,5,,0,,The price includes free shipping.
13511,A2,business,5.000,5,5,5,,0,,Let me know if you need any help.
13757,A2,business,5.000,5,5,5,,0,,"Hi, let me know if you need help."
19985,A2,business,5.000,5,5,5,,0,excellent,She will be late for the meeting.
20556,A2,business,5.000,5,5,5,,0,,I’m halfway done with my project.
1753,A2,business,5.000,5,5,5,,0,,I paid for my food at the counter.
10071,A2,business,5.000,5,5,5,,0,,How often do you check your email?
13071,A2,business,5.000,5,5,5,,0,,I haven’t completed my report yet.
16707,A2,business,5.000,5,5,5,,0,,I hope I do well in the interview!
19081,A2,business,5.000,5,5,5,,0,,I can meet you at 3 p.m. tomorrow.
19973,A2,business,5.000,5,5,5,,0,"natural, high-utility daily phrase; representative of closing-time cluster",The store usually closes at 8 p.m.
2953,A2,business,5.000,5,5,5,,0,,I’m looking for a job in an office.
10061,A2,business,5.000,5,5,5,,0,,Have you finished your project yet?
10265,A2,business,5.000,5,5,5,,0,,I’ll tell the boss about your idea.
10535,A2,business,5.000,5,5,5,,0,,I’ll check my emails later tonight.
11318,A2,business,5.000,5,5,5,,0,,"Yes, I understand the instructions."
12657,A2,business,5.000,5,5,5,,0,,I have a big meeting today at work.
14391,A2,business,5.000,5,5,5,,0,,I hate being late for appointments.
14464,A2,business,5.000,5,5,5,,0,,Who are you meeting this afternoon?
16835,A2,business,5.000,5,5,5,,0,,Will you send me the details later?
16846,A2,business,5.000,5,5,5,,0,,She has sent the documents already.
17267,A2,business,5.000,5,5,5,,0,,Have you read the email I sent you?
18911,A2,business,5.000,5,5,5,,0,,The bank opens at 9 a.m. every day.
18982,A2,business,5.000,5,5,5,,0,,Please come to the meeting on time.
21137,A2,business,5.000,5,5,5,,0,,Let’s get started with the project.
829,A2,business,5.000,5,5,5,,0,,He always drinks coffee before work.
2325,A2,business,5.000,5,5,5,,0,,She keeps her money in a safe place.
2951,A2,business,5.000,5,5,5,,0,,I submitted my report at the office.
7004,A2,business,5.000,5,5,5,,0,,There’s an error in the calculation.
12394,A2,business,5.000,5,5,5,,0,,I hope we will find a solution soon.
16258,A2,business,5.000,5,5,5,,0,very natural commute question,Do you walk to work or take the bus?
19735,A2,business,5.000,5,5,5,,0,natural praise phrase,Well done on finishing your project!
20324,A2,business,5.000,5,5,5,,0,,Meet me outside the office at 5 p.m.
2342,A2,business,5.000,5,5,5,,0,,She needs money to start her project.
9581,A2,business,5.000,5,5,5,,0,,Take all the time you need to decide.
9868,A2,business,5.000,5,5,5,,0,,Let’s begin by introducing ourselves.
11033,A2,business,5.000,5,5,5,,0,,I’m joining a new company next month.
11485,A2,business,5.000,5,5,5,,0,,"Every Friday, we have a team meeting."
12676,A2,business,5.000,5,5,5,,0,,Today is the deadline for the report.
14274,A2,business,5.000,5,5,5,,0,,I was very busy this morning at work.
15481,A2,business,5.000,5,5,5,,0,,She loves her new job at the company.
16249,A2,business,5.000,5,5,5,,0,,Is there anything else I should know?
17627,A2,business,5.000,5,5,5,,0,Teaches relative time 'in X minutes',The meeting starts in thirty minutes.
17889,A2,business,5.000,5,5,5,,0,,You should probably check your email.
18230,A2,business,5.000,5,5,5,,0,excellent job vocab,She works as a nurse at the hospital.
18968,A2,business,5.000,5,5,5,,0,,Tomorrow’s meeting has been canceled.
19601,A2,business,5.000,5,5,5,,0,,I leave for work at 8 a.m. every day.
2321,A2,business,5.000,5,5,5,,0,,They are raising money for the school.
3372,A2,business,5.000,5,5,5,,0,,I have to pay back my loan next month.
7027,A2,business,5.000,5,5,5,,0,"natural, high utility",The error was reported to the manager.
10838,A2,business,5.000,5,5,5,,0,,It took me an hour to finish the task.
11799,A2,business,5.000,5,5,5,,0,,Thanks for calling me back so quickly.
13237,A2,business,5.000,5,5,5,,0,Essential procedural phrase,The next step is to complete the form.
15879,A2,business,5.000,5,5,5,,0,"natural, highly practical travel advice",The trip costs less if you book early.
18960,A2,business,5.000,5,5,5,,0,,Will you come to the meeting tomorrow?
20328,A2,business,5.000,5,5,5,,0,,I’m excited to meet my new colleagues.
12383,A2,business,5.000,5,5,5,,0,,They will finish the project by Friday.
13338,A2,business,5.000,5,5,5,,0,,It’s not easy to save money these days.
15195,A2,business,5.000,5,5,5,,0,,Is there something I can help you with?
6417,A2,business,5.000,5,5,5,,0,"keep - distinct, high utility",The delivery was rescheduled for Friday.
8238,A2,business,5.000,5,5,5,,0,,There weren’t any mistakes in your work.
9724,A2,business,5.000,5,5,5,,0,Very natural and broadly reusable.,Do you have time to meet this afternoon?
16522,A2,business,5.000,5,5,5,,0,"Very common, useful, and easy to translate",Can we continue this conversation later?
17385,A2,business,5.000,5,5,5,,0,excellent work schedule,She works five days a week in an office.
18091,A2,business,5.000,5,5,5,,0,Essential workplace directions phrase,The meeting room is on the second floor.
18993,A2,business,5.000,5,5,5,,0,,Please check your email for the details.
6408,A2,business,5.000,5,5,5,,0,"keep - natural, practical complaint",The delivery was sent to the wrong house.
13226,A2,business,5.000,5,5,5,,0,Essential workplace phrase,The next meeting is scheduled for Friday.
17528,A2,business,5.000,5,5,5,,0,,Everything in this store is so expensive!
17718,A2,business,5.000,5,5,5,,0,,I’ll help you once I’m done with my work.
19865,A2,business,5.000,5,5,5,,0,,Please insert your card into the machine.
20586,A2,business,5.000,5,5,5,,0,,I need to text my boss about the project.
16085,A2,business,5.000,5,5,5,,0,,I need to finish this project by tomorrow.
16837,A2,business,5.000,5,5,5,,0,,Send your application before the deadline.
19006,A2,business,5.000,5,5,5,,0,,Let’s work together to solve this problem.
6406,A2,business,5.000,5,5,5,,0,"keep - natural, useful",The delivery arrived earlier than expected.
6421,A2,business,5.000,5,5,5,,0,"keep - practical, natural, distinct",The delivery window is between 2 and 4 p.m.
11809,A2,business,5.000,5,5,5,,0,,Thanks for reminding me about the deadline.
18155,A2,business,5.000,5,5,5,,0,,There will be a meeting tomorrow at 10 a.m.
19394,A2,business,5.000,5,5,5,,0,,I reminded them about the meeting tomorrow.
19412,A2,business,5.000,5,5,5,,0,,"Sure, I’ll send you the report by tomorrow."
11533,A2,business,5.000,5,5,5,,0,practical professional advice,Dress nicely for the job interview tomorrow.
12884,A2,business,5.000,5,5,5,,0,,Try not to be late for the meeting tomorrow.
19418,A2,business,5.000,5,5,5,,0,,Make sure you arrive on time for the meeting.
16081,A2,business,5.000,5,5,5,,0,,I can’t come to work tomorrow because I’m sick.
18102,A2,business,5.000,5,5,5,,0,,I will meet you in the conference room at 3 PM.
16691,A2,business,5.000,5,5,5,,0,"Highly reusable, natural everyday question.",Do we have enough time before the meeting starts?
18972,A2,everyday,4.400,5,4,4,,0,,Tomorrow is going to be a busy day for me.
10241,A2,everyday,4.400,5,4,4,,0,,I’m nervous about my first flight tomorrow.
11595,A2,everyday,4.400,5,4,4,,0,,I need to pack my bag quickly for the trip.
15291,A2,everyday,4.400,5,4,4,,0,natural social memory,We had a good laugh over dinner last night.
17686,A2,everyday,4.400,5,4,4,,0,Natural recipe instruction; broadly useful.,Bake the cake at 180 degrees for 30 minutes.
13915,A2,everyday,4.400,5,4,4,,0,,I’m looking forward to my holiday next month.
15304,A2,everyday,4.400,5,4,4,,0,natural leisure activity,We are going to the cinema to see a new film.
18060,A2,everyday,4.400,5,4,4,,0,,I need to change my clothes before we go out.
21111,A2,everyday,4.400,5,4,4,,0,,The waiter explained the specials of the day.
9599,A2,everyday,4.400,5,4,4,,0,natural negation past,We didn’t buy anything at the store yesterday.
11499,A2,everyday,4.400,5,4,4,,0,,I need to buy some food before the store closes.
20009,A2,everyday,4.400,5,4,4,,0,,I need some information about the train schedule.
12404,A2,everyday,4.400,5,4,4,,0,,Why don’t you take a quick shower before we leave?
17692,A2,everyday,4.400,5,4,4,,0,,This cake is sweeter than the one we had last week.
3118,A2,everyday,4.500,5,5,5,3128,1,,I forgot his name.
14762,A2,everyday,4.500,5,5,5,11103,1,,She is afraid of dogs.
20314,A2,everyday,4.500,5,5,5,14565,1,,Let’s meet for coffee.
8212,A2,everyday,4.500,5,5,5,2303,1,,I don’t have any money.
10721,A2,everyday,4.500,5,5,5,9692,1,near-dup of 9692 without 'right',What are you doing now?
7145,A2,everyday,4.500,5,5,5,21387,1,,Is there a hotel nearby?
10729,A2,everyday,4.500,5,5,5,10300,1,near-dup of said-she-would-call cluster,She said she’s busy now.
15498,A2,everyday,4.500,5,5,5,10055,1,,I love your new haircut!
16075,A2,everyday,4.500,5,5,5,9854,1,,The concert is tomorrow.
19685,A2,everyday,4.500,5,5,5,20610,1,,I love my mum very much.
6268,A2,everyday,4.500,5,5,5,13599,1,,I forgot to bring my coat.
10296,A2,everyday,4.500,5,5,5,1694,1,,I’m feeling tired tonight.
11665,A2,everyday,4.500,5,5,5,21215,1,,Is there a shop near here?
19142,A2,everyday,4.500,5,5,5,10055,1,,I love your new hairstyle!
19681,A2,everyday,4.500,5,5,5,16496,1,,I called my mum yesterday.
21318,A2,everyday,4.500,5,5,5,21325,1,,"Goodbye, see you tomorrow!"
12376,A2,everyday,4.500,5,5,5,11052,1,,Will you join us for lunch?
12660,A2,everyday,4.500,5,5,5,10736,1,,I’m not feeling well today.
15946,A2,everyday,4.500,5,5,5,12484,1,,I bought this gift for you.
17388,A2,everyday,4.500,5,5,5,12667,1,,I haven’t seen him in a week.
18678,A2,everyday,4.500,5,5,5,14564,1,,I don’t have much time today.
821,A2,everyday,4.500,5,5,5,840,1,,He drinks milk with breakfast.
2299,A2,everyday,4.500,5,5,5,9505,1,,She gave me money for the bus.
12401,A2,everyday,4.500,5,5,5,12019,1,,I take a shower every morning.
15868,A2,everyday,4.500,5,5,5,15867,1,,How much does this shirt cost?
21293,A2,everyday,4.500,5,5,5,15739,1,near-duplicate of meet at park,Do you want to go to the park?
483,A2,everyday,4.500,5,5,5,467,1,,"It’s all right, I can help you."
2922,A2,everyday,4.500,5,5,5,13599,1,,I forgot my keys in the office.
10794,A2,everyday,4.500,5,5,5,7191,1,,I bought a new shirt yesterday.
11209,A2,everyday,4.500,5,5,5,12275,1,Near-duplicate of simpler question request,Can I ask you a quick question?
13277,A2,everyday,4.500,5,5,5,9233,1,,I’ll call you back in a second.
16179,A2,everyday,4.500,5,5,5,16153,1,Near-duplicate clarification request,"Can you say that again, please?"
18494,A2,everyday,4.500,5,5,5,6782,1,,I can’t find the keys anywhere!
5255,A2,everyday,4.500,5,5,5,19570,1,,His favourite sport is football.
8213,A2,everyday,4.500,5,5,5,12734,1,,Is there any milk in the fridge?
13646,A2,everyday,4.500,5,5,5,10608,1,,Have you seen my phone anywhere?
15046,A2,everyday,4.500,5,5,5,17801,1,Near-duplicate of salt request pattern,"Can you pass the pepper, please?"
16231,A2,everyday,4.500,5,5,5,15452,1,,Is there anything else you need?
18395,A2,everyday,4.500,5,5,5,9233,1,,I’ll call you in a little while.
20786,A2,everyday,4.500,5,5,5,7167,1,,I lost my key to the front door.
12899,A2,everyday,4.500,5,5,5,9233,1,,I’ll try calling you again later.
14540,A2,everyday,4.500,5,5,5,12872,1,near-dup of 12872,The shop is just past the corner.
6374,A2,everyday,4.500,5,5,5,6406,1,near-dup of 'arrived earlier than expected',The delivery arrived this morning.
7578,A2,everyday,4.500,5,5,5,7552,1,,I use an app to chat with friends.
20323,A2,everyday,4.500,5,5,5,17654,1,,I can’t meet you because I’m busy.
487,A2,everyday,4.500,5,5,5,463,1,,"I’m all right, just need some rest."
1226,A2,everyday,4.500,5,5,5,1261,1,,I feel better today than yesterday.
7333,A2,everyday,4.500,5,5,5,6782,1,,I can’t find anything in this mess.
14310,A2,everyday,4.500,5,5,5,11638,1,,I have a little money in my wallet.
15185,A2,everyday,4.500,5,5,5,12287,1,,"If you need something, just ask me."
18987,A2,everyday,4.500,5,5,5,1746,1,,Please wait here until I come back.
10450,A2,everyday,4.500,5,5,5,13106,1,,Please don’t forget to lock the door.
16335,A2,everyday,4.500,5,5,5,13968,1,,How far is the nearest train station?
17834,A2,everyday,4.500,5,5,5,15149,1,near-duplicate don't worry variant,"Don’t worry, it’s not that difficult."
844,A2,everyday,4.500,5,5,5,866,1,,She drinks apple juice with breakfast.
10135,A2,everyday,4.500,5,5,5,17166,1,,Riding a bike is good for your health.
1127,A2,everyday,4.500,5,5,5,1123,1,near-dup of 1123; semi-colon adds nothing new,The phone is dead; I need to charge it.
11784,A2,everyday,4.500,5,5,5,11772,1,near-duplicate each-morning routine,"Each morning, I drink a glass of water."
15660,A2,everyday,4.500,5,5,5,18820,1,near-duplicate eating vegetables is healthy,Eating vegetables every day is healthy.
16080,A2,everyday,4.500,5,5,5,11054,1,near-duplicate call-me reminder,"Don’t forget to call me tomorrow, okay?"
18140,A2,everyday,4.500,5,5,5,10285,1,,I’m cooking dinner at my place tonight.
20038,A2,everyday,4.500,5,5,5,12048,1,,I don’t like waking up early on weekends.
10238,A2,everyday,4.500,5,5,5,10066,1,near-duplicate travel reminder,Don’t forget to check in before your flight!
11080,A2,everyday,4.500,5,5,5,15660,1,near-duplicate vegetables health statement,Eating vegetables is better for your health.
13550,A2,everyday,4.500,5,5,5,18820,1,near-duplicate eating healthy = healthy variants,Eating lots of fruit is good for your health.
18517,A2,everyday,4.500,5,5,5,9233,1,,I’ll call you between 5 and 6 in the evening.
13248,A2,everyday,4.500,5,5,5,13660,1,,She is waiting for her friend outside the café.
18386,A2,everyday,4.500,5,5,5,1694,1,,I’m feeling a little tired after the long walk.
18997,A2,everyday,4.500,5,5,5,13106,1,,Please remember to lock the door before leaving.
16092,A2,everyday,4.500,5,5,5,9733,1,,I have a doctor’s appointment tomorrow afternoon.
7502,A2,everyday,4.600,5,4,5,,1,near-dup soup cluster; id 12807 preferred,The soup is warm and tasty.
19246,A2,everyday,4.600,5,4,5,,1,park cluster surplus,The park is so crowded today!
7500,A2,everyday,4.600,5,4,5,,1,exact near-dup of id 11911 (same sentence with 'today' added),The sun feels warm on my skin.
19108,A2,everyday,4.600,5,4,5,,1,near-dup town cluster; id 19104 preferred; quiet-at-night is common,The town is very quiet at night.
17468,A2,everyday,4.600,5,4,5,,1,shop cluster surplus; near-dup of direction phrases,The shop is just off the main road.
14862,A2,everyday,4.600,5,4,5,,1,near-dup of id 12532 (soup too hot),"The soup is very hot, so be careful."
21156,A2,everyday,4.600,5,4,5,,1,near-dup of id 10404 (store was closed when I got there),The shop was closed when I got there.
15265,A2,everyday,4.600,5,4,5,,1,near-dup of station/shop combo; id 15256 preferred for simplicity,The station has a small shop for snacks.
4463,A2,everyday,4.600,5,4,5,,1,near-dup; id 4440 covers start timing,The tournament starts at 9 in the morning.
3575,A2,everyday,4.600,5,4,5,,1,near-dup train cluster; personal preference covered elsewhere,The train is my favorite type of transport.
15348,A2,everyday,4.600,5,4,5,,0,,She is angry.
13140,A2,everyday,4.600,5,4,5,,0,,That is my son.
15401,A2,everyday,4.600,5,4,5,,0,"Simple, common personal-status question.",Are you married?
3123,A2,everyday,4.600,5,4,5,,0,,I like your name.
9152,A2,everyday,4.600,5,4,5,,0,,You talk so fast!
5778,A2,everyday,4.600,5,4,5,,0,,They are here now.
14357,A2,everyday,4.600,5,4,5,,0,,You guessed right.
155,A2,everyday,4.600,5,4,5,,0,,I saw a movie once.
159,A2,everyday,4.600,5,4,5,,0,,I tried sushi once.
869,A2,everyday,4.600,5,4,5,,0,,I have a black cat.
2807,A2,everyday,4.600,5,4,5,,0,Very natural everyday preference question.,Do you like coffee?
8735,A2,everyday,4.600,5,4,5,,0,,He drives at night.
18602,A2,everyday,4.600,5,4,5,,0,"distinct: about a pet, natural conversation starter",Do you like my cat?
879,A2,everyday,4.600,5,4,5,,0,,His shoes are black.
11483,A2,everyday,4.600,5,4,5,,0,,It’s Friday already!
187,A2,everyday,4.600,5,4,5,,0,,I broke a glass once.
4897,A2,everyday,4.600,5,4,5,,0,,November has 30 days.
8726,A2,everyday,4.600,5,4,5,,0,"simple, natural habitual",We watch TV at night.
19555,A2,everyday,4.600,5,4,5,,0,,His car is very fast.
820,A2,everyday,4.600,5,4,5,,0,,She doesn’t drink tea.
873,A2,everyday,4.600,5,4,5,,0,"keep - simple, natural",The dog has black fur.
889,A2,everyday,4.600,5,4,5,,0,,The black bag is mine.
5787,A2,everyday,4.600,5,4,5,,0,"Simple present-progressive sentence, very reusable.",He’s driving home now.
8221,A2,everyday,4.600,5,4,5,,0,"Simple, natural, everyday use.",Did you buy any bread?
10050,A2,everyday,4.600,5,4,5,,0,,Is this your umbrella?
12520,A2,everyday,4.600,5,4,5,,0,,That was a fast reply!
12967,A2,everyday,4.600,5,4,5,,0,,How tall is that tree?
13088,A2,everyday,4.600,5,4,5,,0,,I never eat mushrooms.
13426,A2,everyday,4.600,5,4,5,,0,,There is nothing here.
15479,A2,everyday,4.600,5,4,5,,0,,I love chocolate cake.
16046,A2,everyday,4.600,5,4,5,,0,,Look at all this snow!
16362,A2,everyday,4.600,5,4,5,,0,"Very basic, common personal-information question",Do you have a brother?
182,A2,everyday,4.600,5,4,5,,0,,"Once, I missed the bus."
3216,A2,everyday,4.600,5,4,5,,0,,She drives a red truck.
5796,A2,everyday,4.600,5,4,5,,0,"natural, useful present continuous",We’re having lunch now.
10283,A2,everyday,4.600,5,4,5,,0,"short, natural",We are meeting tonight.
19104,A2,everyday,4.600,5,4,5,,0,"simple, natural, versatile",The town is very small.
19881,A2,everyday,4.600,5,4,5,,0,,He isn’t young anymore.
20305,A2,everyday,4.600,5,4,5,,0,Useful feedback phrase,Your guess was correct!
898,A2,everyday,4.600,5,4,5,,0,natural description,She wears black glasses.
990,A2,everyday,4.600,5,4,5,,0,,The bag is fully packed.
2831,A2,everyday,4.600,5,4,5,,0,"Simple, natural, broadly reusable.",Do you know how to cook?
5561,A2,everyday,4.600,5,4,5,,0,,The phone suddenly rang.
6250,A2,everyday,4.600,5,4,5,,0,,This coat keeps me warm.
6787,A2,everyday,4.600,5,4,5,,0,Common real-life question with high reuse.,Did you find your phone?
7144,A2,everyday,4.600,5,4,5,,0,Natural traveler phrase,The hotel room is clean.
8263,A2,everyday,4.600,5,4,5,,0,Natural and broadly useful request,Can you show me the map?
191,A2,everyday,4.600,5,4,5,,0,,I swam in the ocean once.
1532,A2,everyday,4.600,5,4,5,,0,,He made the cake himself.
5794,A2,everyday,4.600,5,4,5,,0,,I’m writing an email now.
6246,A2,everyday,4.600,5,4,5,,0,,The coat is made of wool.
6257,A2,everyday,4.600,5,4,5,,0,,The coat feels very soft.
8192,A2,everyday,4.600,5,4,5,,0,keep - natural clothing phrase,The grey sweater is warm.
8739,A2,everyday,4.600,5,4,5,,0,,The party was last night.
8976,A2,everyday,4.600,5,4,5,,0,,I can beat you in a race.
11514,A2,everyday,4.600,5,4,5,,0,natural everyday question about clothing,Do you like my red dress?
12477,A2,everyday,4.600,5,4,5,,0,Very natural and reusable.,Are you having a bad day?
13141,A2,everyday,4.600,5,4,5,,0,,My son is five years old.
15406,A2,everyday,4.600,5,4,5,,0,natural personal history question,When did you get married?
15609,A2,everyday,4.600,5,4,5,,0,Natural and broadly useful.,Are you hungry right now?
17677,A2,everyday,4.600,5,4,5,,0,,This cake tastes amazing!
19379,A2,everyday,4.600,5,4,5,,0,,Have you seen them today?
19558,A2,everyday,4.600,5,4,5,,0,,He loves his dog so much.
20776,A2,everyday,4.600,5,4,5,,0,,The bus is so full today!
20802,A2,everyday,4.600,5,4,5,,0,"Short, common, useful reminder","Don’t lose the key, okay?"
20932,A2,everyday,4.600,5,4,5,,0,,I want to travel someday.
309,A2,everyday,4.600,5,4,5,,0,,This dog is very friendly.
2603,A2,everyday,4.600,5,4,5,,0,,She has a beautiful smile.
6222,A2,everyday,4.600,5,4,5,,0,,She is wearing a red coat.
6241,A2,everyday,4.600,5,4,5,,0,,The coat has many pockets.
7197,A2,everyday,4.600,5,4,5,,0,,I play games on my tablet.
8219,A2,everyday,4.600,5,4,5,,0,"Common, practical question.",Are there any apples left?
9104,A2,everyday,4.600,5,4,5,,0,,My boyfriend is very kind.
13153,A2,everyday,4.600,5,4,5,,0,,I want my son to be happy.
14289,A2,everyday,4.600,5,4,5,,0,,He doesn’t like apple pie.
16234,A2,everyday,4.600,5,4,5,,0,natural suggestion-seeking phrase,What else can we do today?
16238,A2,everyday,4.600,5,4,5,,0,,Someone else took my seat.
16959,A2,everyday,4.600,5,4,5,,0,Useful in taxis/rides,Can you stop the car here?
18128,A2,everyday,4.600,5,4,5,,0,,My house is near the park.
19701,A2,everyday,4.600,5,4,5,,0,,"Mum, this soup is amazing!"
20666,A2,everyday,4.600,5,4,5,,0,"keep - natural, expressive",The flower smells so nice!
20911,A2,everyday,4.600,5,4,5,,0,Very common everyday invitation/request.,Come with me to the store.
21022,A2,everyday,4.600,5,4,5,,0,Very common polite request,"Don’t shout at me, please!"
189,A2,everyday,4.600,5,4,5,,0,,"Once, I forgot my homework."
823,A2,everyday,4.600,5,4,5,,0,,They drink soda at parties.
826,A2,everyday,4.600,5,4,5,,0,"simple third-person question, good grammar drill",Does he drink orange juice?
863,A2,everyday,4.600,5,4,5,,0,,I often drink tea to relax.
895,A2,everyday,4.600,5,4,5,,0,,The black clouds mean rain.
914,A2,everyday,4.600,5,4,5,,0,,He owns a black motorcycle.
1540,A2,everyday,4.600,5,4,5,,0,,He bought the gift himself.
2251,A2,everyday,4.600,5,4,5,,0,,They are such good friends.
2618,A2,everyday,4.600,5,4,5,,0,,His smile shows he’s happy.
3217,A2,everyday,4.600,5,4,5,,0,,He doesn’t drive very fast.
5586,A2,everyday,4.600,5,4,5,,0,,I suddenly felt very happy.
6247,A2,everyday,4.600,5,4,5,,0,,He is trying on a new coat.
7608,A2,everyday,4.600,5,4,5,,0,,"Switch on the lamp, please."
8301,A2,everyday,4.600,5,4,5,,0,,He forgot to bring the map.
10035,A2,everyday,4.600,5,4,5,,0,Simple common request,Can you turn on the lights?
11328,A2,everyday,4.600,5,4,5,,0,,"Yes, the number is correct."
14213,A2,everyday,4.600,5,4,5,,0,,The bedroom window is open.
14333,A2,everyday,4.600,5,4,5,,0,Common household request,Can you take the trash out?
14507,A2,everyday,4.600,5,4,5,,0,,This dinner looks so tasty!
14558,A2,everyday,4.600,5,4,5,,0,,It’s already past midnight!
16116,A2,everyday,4.600,5,4,5,,0,natural exclamation,What an amazing day we had!
18604,A2,everyday,4.600,5,4,5,,0,,Where is the cat right now?
19828,A2,everyday,4.600,5,4,5,,0,,Is it dark outside already?
20469,A2,everyday,4.600,5,4,5,,0,,My girlfriend is very kind.
20634,A2,everyday,4.600,5,4,5,,0,,I don’t even know her name.
21269,A2,everyday,4.600,5,4,5,,0,natural conversation starter,What is your favorite song?
1005,A2,everyday,4.600,5,4,5,,0,,The box is completely empty.
1248,A2,everyday,4.600,5,4,5,,0,,I sleep better at night now.
1383,A2,everyday,4.600,5,4,5,,0,,She lives in a coastal town.
1736,A2,everyday,4.600,5,4,5,,0,,I put my bag on the counter.
2607,A2,everyday,4.600,5,4,5,,0,Very common photo prompt,Can you smile for the photo?
2965,A2,everyday,4.600,5,4,5,,0,,She folded the sheet neatly.
5099,A2,everyday,4.600,5,4,5,,0,natural everyday search question,Do you see my book anywhere?
6262,A2,everyday,4.600,5,4,5,,0,,My coat has a broken zipper.
7153,A2,everyday,4.600,5,4,5,,0,Natural traveler phrase,The hotel breakfast is good.
7198,A2,everyday,4.600,5,4,5,,0,"natural, useful tablet description",The tablet has a big screen.
7212,A2,everyday,4.600,5,4,5,,0,"natural, useful portability phrase",The tablet is easy to carry.
8756,A2,everyday,4.600,5,4,5,,0,,I often stay awake at night.
11073,A2,everyday,4.600,5,4,5,,0,,That gift meant a lot to us!
11262,A2,everyday,4.600,5,4,5,,0,"Natural, common, and easy to translate.",Can you help me tie my shoe?
12341,A2,everyday,4.600,5,4,5,,0,"natural, useful sensation description",The cup was too hot to hold.
12671,A2,everyday,4.600,5,4,5,,0,,"Wow, today has been amazing!"
13746,A2,everyday,4.600,5,4,5,,0,,"Hi, this is my friend, Anna."
13935,A2,everyday,4.600,5,4,5,,0,,"If you’re new here, welcome!"
14616,A2,everyday,4.600,5,4,5,,0,"Common reminder, broadly useful",Don’t leave your bag behind!
16153,A2,everyday,4.600,5,4,5,,0,"Common, highly useful clarification request","Can you repeat that, please?"
17174,A2,everyday,4.600,5,4,5,,0,,You play tennis really well!
18270,A2,everyday,4.600,5,4,5,,0,,This chicken tastes amazing!
18357,A2,everyday,4.600,5,4,5,,0,,I want to live a happy life.
19515,A2,everyday,4.600,5,4,5,,0,Natural feedback phrase,Your prediction was correct!
19559,A2,everyday,4.600,5,4,5,,0,,"His shirt is blue, isn’t it?"
19832,A2,everyday,4.600,5,4,5,,0,,Why is this picture so dark?
20398,A2,everyday,4.600,5,4,5,,0,,I’m happy with my new phone.
20498,A2,everyday,4.600,5,4,5,,0,,This coat is too big for me.
20689,A2,everyday,4.600,5,4,5,,0,Common and clear request,Can you turn the music down?
1093,A2,everyday,4.600,5,4,5,,0,,He can pick any toy he wants.
1701,A2,everyday,4.600,5,4,5,,0,Common and flexible phrase,Can you wait a little longer?
4340,A2,everyday,4.600,5,4,5,,0,,Tie the rope around the tree.
5598,A2,everyday,4.600,5,4,5,,0,,The child suddenly fell down.
6243,A2,everyday,4.600,5,4,5,,0,,That coat looks very stylish.
6260,A2,everyday,4.600,5,4,5,,0,,The coat is perfect for snow.
6792,A2,everyday,4.600,5,4,5,,0,,I will find time to call you.
6808,A2,everyday,4.600,5,4,5,,0,,She needs to find her jacket.
7157,A2,everyday,4.600,5,4,5,,0,Natural traveler phrase,The hotel bed is comfortable.
7299,A2,everyday,4.600,5,4,5,,0,,This desk is a complete mess.
8364,A2,everyday,4.600,5,4,5,,0,,I am an amateur photographer.
8574,A2,everyday,4.600,5,4,5,,0,,I found a coin on the ground.
9779,A2,everyday,4.600,5,4,5,,0,"Common, natural request with clear meaning.",Could you turn up the volume?
10215,A2,everyday,4.600,5,4,5,,0,,Juice is healthier than soda.
10594,A2,everyday,4.600,5,4,5,,0,,I bought new jeans yesterday.
10797,A2,everyday,4.600,5,4,5,,0,,Where did you buy that shirt?
11127,A2,everyday,4.600,5,4,5,,0,natural birthday,She turned sixteen last week.
11285,A2,everyday,4.600,5,4,5,,0,Common and cleanly translatable.,Can you make some tea for us?
11668,A2,everyday,4.600,5,4,5,,0,natural spatial,She sat near me during lunch.
13197,A2,everyday,4.600,5,4,5,,0,,This hat is too small for me.
14393,A2,everyday,4.600,5,4,5,,0,"natural, common experience",We stayed up late last night.
15039,A2,everyday,4.600,5,4,5,,0,,You’re really late this time!
15220,A2,everyday,4.600,5,4,5,,0,,My bag is heavier than yours.
15430,A2,everyday,4.600,5,4,5,,0,,Where did you put the camera?
15486,A2,everyday,4.600,5,4,5,,0,,I will always love my family.
18036,A2,everyday,4.600,5,4,5,,0,Very natural everyday question.,Did you lose your keys again?
18049,A2,everyday,4.600,5,4,5,,0,,Losing a pet can be very sad.
19076,A2,everyday,4.600,5,4,5,,0,,You swim like a professional!
19395,A2,everyday,4.600,5,4,5,,0,,She is sure about her answer.
3738,A2,everyday,4.600,5,4,5,,0,natural,She wrote her name on the tag.
5275,A2,everyday,4.600,5,4,5,,0,natural cultural exchange phrase,What’s your favourite holiday?
5563,A2,everyday,4.600,5,4,5,,0,,"Suddenly, the lights went out."
5798,A2,everyday,4.600,5,4,5,,0,"Common everyday situation, easy to render.",He’s looking for his keys now.
6171,A2,everyday,4.600,5,4,5,,0,"Highly natural, useful proximity phrase",The hospital is near my house.
6382,A2,everyday,4.600,5,4,5,,0,"natural, distinct content",The delivery came with a note.
6804,A2,everyday,4.600,5,4,5,,0,,He will find the right answer.
7301,A2,everyday,4.600,5,4,5,,0,,Sorry for the mess in my room.
7501,A2,everyday,4.600,5,4,5,,0,,Please give me a warm blanket.
7574,A2,everyday,4.600,5,4,5,,0,,The app is easy to understand.
8250,A2,everyday,4.600,5,4,5,,0,,There isn’t any need to hurry.
8491,A2,everyday,4.600,5,4,5,,0,,The puzzle pieces don't match.
8754,A2,everyday,4.600,5,4,5,,0,"Natural, culturally rich phrase",The night market is very busy.
9714,A2,everyday,4.600,5,4,5,,0,,The book on the shelf is mine.
10842,A2,everyday,4.600,5,4,5,,0,,It was broken when I found it.
11529,A2,everyday,4.600,5,4,5,,0,keep 1 of I-love cluster,"She said, 'I love this dress!'"
12186,A2,everyday,4.600,5,4,5,,0,"Natural, useful conversational phrase",You told me that story before.
13198,A2,everyday,4.600,5,4,5,,0,,He doesn’t like wearing a hat.
13453,A2,everyday,4.600,5,4,5,,0,Common and easy to reuse.,Can you check the time for me?
15408,A2,everyday,4.600,5,4,5,,0,,I want to get married someday.
17546,A2,everyday,4.600,5,4,5,,0,,Look at the clock; we’re late!
17622,A2,everyday,4.600,5,4,5,,0,,She is thirty years old today.
17986,A2,everyday,4.600,5,4,5,,0,,This dish is too spicy for me.
18593,A2,everyday,4.600,5,4,5,,0,,I never want to see you again.
18620,A2,everyday,4.600,5,4,5,,0,,I wish I had a cat like yours.
19067,A2,everyday,4.600,5,4,5,,0,,Why don’t we swim after lunch?
20497,A2,everyday,4.600,5,4,5,,0,,Where did you leave your coat?
20612,A2,everyday,4.600,5,4,5,,0,,My father doesn’t like coffee.
20701,A2,everyday,4.600,5,4,5,,0,,Why don’t you calm down a bit?
20791,A2,everyday,4.600,5,4,5,,0,,Where did you put the car key?
21283,A2,everyday,4.600,5,4,5,,0,natural gerund use,Singing a song helps me relax.
835,A2,everyday,4.600,5,4,5,,0,,He doesn’t drink energy drinks.
837,A2,everyday,4.600,5,4,5,,0,,They like to drink fresh juice.
843,A2,everyday,4.600,5,4,5,,0,,I want to drink something cold.
890,A2,everyday,4.600,5,4,5,,0,,I bought black socks yesterday.
2350,A2,everyday,4.600,5,4,5,,0,Natural and practical phrase.,Can you hold the ladder for me?
3127,A2,everyday,4.600,5,4,5,,0,natural introduction question,What’s the name of your school?
3679,A2,everyday,4.600,5,4,5,,0,,Stir the ingredients in a bowl.
6803,A2,everyday,4.600,5,4,5,,0,,She couldn't find her homework.
7794,A2,everyday,4.600,5,4,5,,0,,Set the device to standby mode.
8169,A2,everyday,4.600,5,4,5,,0,,The clouds look grey and heavy.
8575,A2,everyday,4.600,5,4,5,,0,"keep - natural, useful",The dog is lying on the ground.
9069,A2,everyday,4.600,5,4,5,,0,natural present perfect travel,We've traveled to Italy before.
9702,A2,everyday,4.600,5,4,5,,0,,The cat is sleeping on the bed.
10953,A2,everyday,4.600,5,4,5,,0,,Tell me about a hobby you love!
11538,A2,everyday,4.600,5,4,5,,0,,I will wait until the sun sets.
12407,A2,everyday,4.600,5,4,5,,0,Common home-maintenance request,"Can you fix the shower, please?"
13871,A2,everyday,4.600,5,4,5,,0,,She hung a picture on the wall.
14288,A2,everyday,4.600,5,4,5,,0,,There is an apple on the table.
14494,A2,everyday,4.600,5,4,5,,0,"Common, useful household request.",Can you help me prepare dinner?
14832,A2,everyday,4.600,5,4,5,,0,,I slept for ten hours straight!
14868,A2,everyday,4.600,5,4,5,,0,,Why is this room always so hot?
15602,A2,everyday,4.600,5,4,5,,0,Common scheduling question.,"Hey, are you free this Tuesday?"
16572,A2,everyday,4.600,5,4,5,,0,Common everyday advice,Don’t stay up too late tonight.
16733,A2,everyday,4.600,5,4,5,,0,,Why did you choose the red one?
16836,A2,everyday,4.600,5,4,5,,0,"Everyday gifting context, highly portable.",He sent a gift for my birthday.
18952,A2,everyday,4.600,5,4,5,,0,,This app is pretty easy to use.
19625,A2,everyday,4.600,5,4,5,,0,,You can’t just leave like that!
19682,A2,everyday,4.600,5,4,5,,0,,"Mum, can you help me with this?"
20878,A2,everyday,4.600,5,4,5,,0,,"When I’m tired, I like to rest."
831,A2,everyday,4.600,5,4,5,,0,,They drink water after exercise.
905,A2,everyday,4.600,5,4,5,,0,,This black tea is really strong.
1546,A2,everyday,4.600,5,4,5,,0,,He dressed himself this morning.
2624,A2,everyday,4.600,5,4,5,,0,,I smile every time I see my dog.
3236,A2,everyday,4.600,5,4,5,,0,Very common transport request,Can you drive me to the station?
6256,A2,everyday,4.600,5,4,5,,0,,I borrowed her coat for the day.
6261,A2,everyday,4.600,5,4,5,,0,,He wears a heavy coat in winter.
7191,A2,everyday,4.600,5,4,5,,0,,I bought a new tablet yesterday.
7614,A2,everyday,4.600,5,4,5,,0,"natural, health relevant",She switched her drink to water.
7618,A2,everyday,4.600,5,4,5,,0,,He switched off the alarm clock.
8076,A2,everyday,4.600,5,4,5,,0,,My skin burns easily in the sun.
8649,A2,everyday,4.600,5,4,5,,0,,I’m feeling very positive today.
9064,A2,everyday,4.600,5,4,5,,0,natural present perfect,We've played in the park before.
9081,A2,everyday,4.600,5,4,5,,0,spatial preposition practice,She put her bag under the chair.
9686,A2,everyday,4.600,5,4,5,,0,,I have done all my chores today.
11590,A2,everyday,4.600,5,4,5,,0,,She finished her puzzle quickly.
12241,A2,everyday,4.600,5,4,5,,0,,"Hurry up, it’s almost 8 o'clock!"
14052,A2,everyday,4.600,5,4,5,,0,natural,She spent half the day sleeping.
14135,A2,everyday,4.600,5,4,5,,0,,The cat is chasing a tiny mouse.
14562,A2,everyday,4.600,5,4,5,,0,"natural, useful",She packed a sandwich for lunch.
14994,A2,everyday,4.600,5,4,5,,0,,The brown dog is barking loudly.
15301,A2,everyday,4.600,5,4,5,,0,natural preferences question,What kind of film do you prefer?
15557,A2,everyday,4.600,5,4,5,,0,Practical adult-life question.,Did you pay the rent this month?
16211,A2,everyday,4.600,5,4,5,,0,,He jumped over the fence easily.
18282,A2,everyday,4.600,5,4,5,,0,,I bought a new toy for the baby.
19109,A2,everyday,4.600,5,4,5,,0,Natural and common when traveling or moving.,Do you know anyone in this town?
19131,A2,everyday,4.600,5,4,5,,0,,He will love this birthday gift!
19229,A2,everyday,4.600,5,4,5,,0,,Is there a park near your house?
19231,A2,everyday,4.600,5,4,5,,0,Common and useful everyday request.,Can you park the car over there?
19572,A2,everyday,4.600,5,4,5,,0,,His opinion matters to me a lot.
20585,A2,everyday,4.600,5,4,5,,0,natural digital communication phrase,What does this text message say?
20789,A2,everyday,4.600,5,4,5,,0,Common practical request,"Can you give me the key, please?"
20986,A2,everyday,4.600,5,4,5,,0,,The boy doesn’t like vegetables.
21159,A2,everyday,4.600,5,4,5,,0,,This shop has everything I need!
2972,A2,everyday,4.600,5,4,5,,0,good household vocab,She put a fresh sheet on the bed.
3676,A2,everyday,4.600,5,4,5,,0,natural kitchen,She stirred the tea with a spoon.
3850,A2,everyday,4.600,5,4,5,,0,natural,She spent a lot on new furniture.
4702,A2,everyday,4.600,5,4,5,,0,Natural and broadly useful help request,Can someone help me find my keys?
5236,A2,everyday,4.600,5,4,5,,0,"Natural, broadly useful event/travel statement.",A long delay made everyone tired.
5574,A2,everyday,4.600,5,4,5,,0,,The baby suddenly started crying.
5989,A2,everyday,4.600,5,4,5,,0,Useful shopping phrase,Can you wrap this item as a gift?
7196,A2,everyday,4.600,5,4,5,,0,"Modern, common device-related request.","Can you charge my tablet, please?"
7199,A2,everyday,4.600,5,4,5,,0,,She draws pictures on her tablet.
9366,A2,everyday,4.600,5,4,5,,0,,Why are these shoes so expensive?
10810,A2,everyday,4.600,5,4,5,,0,,My shirt got dirty while cooking.
11027,A2,everyday,4.600,5,4,5,,0,,I want to join a gym to stay fit.
11034,A2,everyday,4.600,5,4,5,,0,,Join us at the park for a picnic!
11389,A2,everyday,4.600,5,4,5,,0,,I got a gift from my best friend.
11591,A2,everyday,4.600,5,4,5,,0,excellent,She ran quickly to catch the bus.
11836,A2,everyday,4.600,5,4,5,,0,natural gift-giving phrase,What a beautiful present this is!
12528,A2,everyday,4.600,5,4,5,,0,Natural meal-table request; best representative of the pattern.,"Can you pass me the soup, please?"
12628,A2,everyday,4.600,5,4,5,,0,natural habitual activity,We swim in the lake every summer.
14215,A2,everyday,4.600,5,4,5,,0,,There is a big bed in my bedroom.
15919,A2,everyday,4.600,5,4,5,,0,,He finished third in the contest.
16285,A2,everyday,4.600,5,4,5,,0,,My child doesn’t like vegetables.
16342,A2,everyday,4.600,5,4,5,,0,,How far did you run this morning?
16570,A2,everyday,4.600,5,4,5,,0,Natural supportive phrase,Can you stay with me for a while?
17313,A2,everyday,4.600,5,4,5,,0,,I bought a cheap phone yesterday.
18280,A2,everyday,4.600,5,4,5,,0,,The baby is sleeping in the crib.
18292,A2,everyday,4.600,5,4,5,,0,,Will the baby start walking soon?
19603,A2,everyday,4.600,5,4,5,,0,natural travel future,She will leave the city tomorrow.
19972,A2,everyday,4.600,5,4,5,,0,,I usually prefer tea over coffee.
19996,A2,everyday,4.600,5,4,5,,0,natural observation,She seems to be very tired today.
20219,A2,everyday,4.600,5,4,5,,0,Common farewell phrase with broad real-life use,"Bye for now, I’ll call you later."
20803,A2,everyday,4.600,5,4,5,,0,"Natural, vivid everyday phrase",The key was hidden under the mat.
21218,A2,everyday,4.600,5,4,5,,0,Very common and useful command,Don’t just stand around; help me!
21329,A2,everyday,4.600,5,4,5,,0,,Why didn’t you say goodbye to me?
979,A2,everyday,4.600,5,4,5,,0,,She completed all of her homework.
1087,A2,everyday,4.600,5,4,5,,0,Common request with clear meaning,"Can you pick up the phone, please?"
1324,A2,everyday,4.600,5,4,5,,0,"natural warning phrase, slightly different structure",Don't blame me if it doesn't work.
1714,A2,everyday,4.600,5,4,5,,0,"Natural, broadly useful request.",Could you give me a little advice?
1738,A2,everyday,4.600,5,4,5,,0,Natural household instruction.,Can you clean the kitchen counter?
2626,A2,everyday,4.600,5,4,5,,0,natural emotional phrase,"Smile, even if you’re feeling sad."
3764,A2,everyday,4.600,5,4,5,,0,,She cut the tag off the new dress.
6988,A2,everyday,4.600,5,4,5,,0,,Please fix the error in your work.
7503,A2,everyday,4.600,5,4,5,,0,,My hands are warm in these gloves.
7522,A2,everyday,4.600,5,4,5,,0,,The warm water relaxed my muscles.
8571,A2,everyday,4.600,5,4,5,,0,,The ball rolled across the ground.
9503,A2,everyday,4.600,5,4,5,,0,,I ate so much chocolate yesterday!
10428,A2,everyday,4.600,5,4,5,,0,,"If there’s no bus, I’ll walk home."
10971,A2,everyday,4.600,5,4,5,,0,,I bought a black jacket yesterday.
11438,A2,everyday,4.600,5,4,5,,0,Common introductory question,"Can you tell me your name, please?"
12073,A2,everyday,4.600,5,4,5,,0,natural routine,She watches a movie every weekend.
12106,A2,everyday,4.600,5,4,5,,0,,That’s a great price for a laptop!
12530,A2,everyday,4.600,5,4,5,,0,,I will cook chicken soup tomorrow.
12718,A2,everyday,4.600,5,4,5,,0,,Have you read the newspaper today?
13111,A2,everyday,4.600,5,4,5,,0,,I never go to the gym on weekends.
15009,A2,everyday,4.600,5,4,5,,0,,I prefer brown sugar in my coffee.
15485,A2,everyday,4.600,5,4,5,,0,,Why do you love this city so much?
15639,A2,everyday,4.600,5,4,5,,0,,I can’t go on a date this weekend.
15817,A2,everyday,4.600,5,4,5,,0,Natural and broadly reusable social question,Do you have plans for the weekend?
16789,A2,everyday,4.600,5,4,5,,0,,"Wow, my aunt just won a big prize!"
17411,A2,everyday,4.600,5,4,5,,0,"natural, common",The desk in my room is very small.
17538,A2,everyday,4.600,5,4,5,,0,,The clock on the wall is very old.
18150,A2,everyday,4.600,5,4,5,,0,,There is a squirrel in the garden.
19478,A2,everyday,4.600,5,4,5,,0,Natural and broadly useful.,Can you listen to me for a moment?
19740,A2,everyday,4.600,5,4,5,,0,natural discourse marker phrase,"Well, let’s see what happens next."
19998,A2,everyday,4.600,5,4,5,,0,,The room needs to be cleaned soon.
20800,A2,everyday,4.600,5,4,5,,0,,Have you seen the key I left here?
21235,A2,everyday,4.600,5,4,5,,0,,He turned around and smiled at me.
21335,A2,everyday,4.600,5,4,5,,0,natural,She said goodbye with a big smile.
1715,A2,everyday,4.600,5,4,5,,0,,There is little space in this room.
1747,A2,everyday,4.600,5,4,5,,0,,The counter is dirty after cooking.
1750,A2,everyday,4.600,5,4,5,,0,natural housekeeping,She wiped the counter with a cloth.
2847,A2,everyday,4.600,5,4,5,,0,Natural and broadly useful planning question,Do you have any plans for tomorrow?
2969,A2,everyday,4.600,5,4,5,,0,,The sheet is too small for the bed.
3148,A2,everyday,4.600,5,4,5,,0,,He has the same name as my brother.
3219,A2,everyday,4.600,5,4,5,,0,,They drive to the park on weekends.
3858,A2,everyday,4.600,5,4,5,,0,"Common, useful moving-house request",Can you help me move the furniture?
4348,A2,everyday,4.600,5,4,5,,0,,I bought a new tie for the wedding.
6242,A2,everyday,4.600,5,4,5,,0,,I wear my coat every day in winter.
9080,A2,everyday,4.600,5,4,5,,0,Common household instruction,Can you put the dishes in the sink?
9439,A2,everyday,4.600,5,4,5,,0,,She had a reason for leaving early.
9501,A2,everyday,4.600,5,4,5,,0,,This chocolate is too sweet for me.
11458,A2,everyday,4.600,5,4,5,,0,,I can’t believe I forgot your name!
11484,A2,everyday,4.600,5,4,5,,0,,My new phone will arrive on Friday.
12263,A2,everyday,4.600,5,4,5,,0,,The alarm went off at 6 a.m. today.
12707,A2,everyday,4.600,5,4,5,,0,,I read the newspaper every morning.
13771,A2,everyday,4.600,5,4,5,,0,Highly common table request.,"Could you pass me the salt, please?"
14294,A2,everyday,4.600,5,4,5,,0,,This apple is bigger than that one.
14545,A2,everyday,4.600,5,4,5,,0,,The bus went past without stopping.
14611,A2,everyday,4.600,5,4,5,,0,,The cat is hiding behind the chair.
14666,A2,everyday,4.600,5,4,5,,0,natural comparison phrase,The two cars look exactly the same!
15082,A2,everyday,4.600,5,4,5,,0,,I prefer cold drinks in the summer.
16724,A2,everyday,4.600,5,4,5,,0,,I bought a red apple at the market.
17593,A2,everyday,4.600,5,4,5,,0,comparative adjective practice,She’s much taller than her brother.
18255,A2,everyday,4.600,5,4,5,,0,Natural restaurant/meal preference question.,Do you like chicken or beef better?
18284,A2,everyday,4.600,5,4,5,,0,Natural everyday request.,Can you hold the baby for a minute?
18286,A2,everyday,4.600,5,4,5,,0,,The baby smiled at me this morning.
20476,A2,everyday,4.600,5,4,5,,0,,Where did you meet your girlfriend?
20619,A2,everyday,4.600,5,4,5,,0,,I want to buy a gift for my father.
21224,A2,everyday,4.600,5,4,5,,0,natural social phrase,We sat around the table and talked.
1649,A2,everyday,4.600,5,4,5,,0,,I like to relax indoors on weekends.
1719,A2,everyday,4.600,5,4,5,,0,natural past tense,We spent a little time at the beach.
3145,A2,everyday,4.600,5,4,5,,0,natural,She shouted my name across the room.
3715,A2,everyday,4.600,5,4,5,,0,,Stir the dressing before pouring it.
3862,A2,everyday,4.600,5,4,5,,0,"natural, common",We bought furniture for the bedroom.
4337,A2,everyday,4.600,5,4,5,,0,,I need to tie my shoes before we go.
5107,A2,everyday,4.600,5,4,5,,0,,You can park your car anywhere here.
5269,A2,everyday,4.600,5,4,5,,0,,I watch my favourite show every day.
6230,A2,everyday,4.600,5,4,5,,0,,"Take off your coat, it’s hot inside."
6958,A2,everyday,4.600,5,4,5,,0,,She keeps photos from her childhood.
8222,A2,everyday,4.600,4,5,5,,0,,I haven’t got any plans for tonight.
8244,A2,everyday,4.600,5,4,5,,0,,There’s hardly any space in the car.
9319,A2,everyday,4.600,5,4,5,,0,,He is wearing an orange shirt today.
10608,A2,everyday,4.600,5,4,5,,0,,Have you seen my old jeans anywhere?
11719,A2,everyday,4.600,5,4,5,,0,Common travel/security phrase,"Can you show me your ticket, please?"
12032,A2,everyday,4.600,5,4,5,,0,,The bath was filled with warm water.
12279,A2,everyday,4.600,5,4,5,,0,Very natural and broadly useful.,Did you ask her where she was going?
12475,A2,everyday,4.600,5,4,5,,0,"natural, sensory vocab",The smell in the room is really bad.
12713,A2,everyday,4.600,5,4,5,,0,,I bought a newspaper at the station.
13272,A2,everyday,4.600,5,4,5,,0,,I finished the race in second place.
13435,A2,everyday,4.600,5,4,5,,0,,He had nothing to eat for breakfast.
13455,A2,everyday,4.600,5,4,5,,0,"Common, practical safety question.",Did you check if the door is locked?
14160,A2,everyday,4.600,5,4,5,,0,,He wants to be tall like his father.
14261,A2,everyday,4.600,5,4,5,,0,Common daily-life question with broad reuse.,Did you have breakfast this morning?
14479,A2,everyday,4.600,5,4,5,,0,,Who is going to the doctor tomorrow?
14810,A2,everyday,4.600,5,4,5,,0,,I sleep for eight hours every night.
17056,A2,everyday,4.600,5,4,5,,0,,She lost a tooth when she fell down.
17106,A2,everyday,4.600,5,4,5,,0,,I bought a pink dress for the party.
17452,A2,everyday,4.600,5,4,5,,0,,The vase fell and broke into pieces.
17495,A2,everyday,4.600,5,4,5,,0,,I watch movies online every weekend.
17518,A2,everyday,4.600,5,4,5,,0,,Everything looks so beautiful today!
17805,A2,everyday,4.600,5,4,5,,0,,There isn’t any salt in the kitchen.
18190,A2,everyday,4.600,5,4,5,,0,,Swimming in the pool helps me relax.
18532,A2,everyday,4.600,5,4,5,,0,,"Let’s go shopping after lunch, okay?"
18550,A2,everyday,4.600,5,4,5,,0,,The wall in my room is painted blue.
20221,A2,everyday,4.600,5,4,5,,0,natural polite departure reminder,Don’t forget to say bye when you go.
744,A2,everyday,4.600,5,4,5,,0,,They promise to return the book soon.
1662,A2,everyday,4.600,5,4,5,,0,,He plays video games indoors all day.
4799,A2,everyday,4.600,5,4,5,,0,,He picked a nice shirt for the party.
5285,A2,everyday,4.600,5,4,5,,0,natural personal preference,What’s your favourite place to relax?
6376,A2,everyday,4.600,5,4,5,,0,"keep - natural, common scenario",The delivery man knocked on the door.
7211,A2,everyday,4.600,5,4,5,,0,,I watch videos on my tablet at night.
7479,A2,everyday,4.600,5,4,5,,0,,One hour is equivalent to 60 minutes.
9089,A2,everyday,4.600,5,4,5,,0,,Have you put the tickets in your bag?
9388,A2,everyday,4.600,5,4,5,,0,"natural, household furniture phrase",The table in the kitchen is very old.
9561,A2,everyday,4.600,5,4,5,,0,,"I hit the ball hard, and it went far."
9967,A2,everyday,4.600,5,4,5,,0,Natural cooking instruction.,"Cook the pasta for ten minutes, okay?"
10974,A2,everyday,4.600,5,4,5,,0,,The black cat is sitting on the wall.
10978,A2,everyday,4.600,5,4,5,,0,,I prefer black shoes over brown ones.
11363,A2,everyday,4.600,5,4,5,,0,Useful health advice,Don’t rub your eye if it feels itchy.
12481,A2,everyday,4.600,5,4,5,,0,Useful everyday availability statement.,Her daughter isn’t at home right now.
13042,A2,everyday,4.600,5,4,5,,0,,Is there any beer left in the fridge?
13872,A2,everyday,4.600,5,4,5,,0,"Common social question, easy to reuse",Do you have a picture of your family?
14758,A2,everyday,4.600,5,4,5,,0,,I have a lot of friends in this city.
15608,A2,everyday,4.600,5,4,5,,0,,I am very hungry after the long hike.
15894,A2,everyday,4.600,5,4,5,,0,Natural and useful household task.,Can you make a list of things to buy?
16031,A2,everyday,4.600,5,4,5,,0,,The children are playing in the snow.
16076,A2,everyday,4.600,5,4,5,,0,,I will meet you tomorrow at the park.
16252,A2,everyday,4.600,5,4,5,,0,,There’s nowhere else to park the car.
16280,A2,everyday,4.600,5,4,5,,0,natural routine,She walks to the gym every afternoon.
16538,A2,everyday,4.600,5,4,5,,0,,That was an interesting conversation!
16931,A2,everyday,4.600,5,4,5,,0,natural causal,She went home because she was sleepy.
17391,A2,everyday,4.600,5,4,5,,0,,I usually clean my house once a week.
17915,A2,everyday,4.600,5,4,5,,0,,Many people don’t exercise regularly.
18000,A2,everyday,4.600,5,4,5,,0,"natural, expressive",The dish on the table looks so tasty!
18061,A2,everyday,4.600,5,4,5,,0,Natural household request.,Can you change the channel on the TV?
19159,A2,everyday,4.600,5,4,5,,0,,Tell me a story before I go to sleep.
19407,A2,everyday,4.600,5,4,5,,0,Natural offer-of-help confirmation.,Are you sure you don’t need any help?
19697,A2,everyday,4.600,5,4,5,,0,,"Mum said, ‘Don’t forget your jacket!’"
20175,A2,everyday,4.600,5,4,5,,0,Natural everyday request with high reuse value,Buy a loaf of bread on your way home.
20483,A2,everyday,4.600,5,4,5,,0,,I told my friend about my girlfriend.
20643,A2,everyday,4.600,5,4,5,,0,,Even my dog was tired after the walk.
20737,A2,everyday,4.600,5,4,5,,0,"Simple, natural, practical.",Can you move the chair to the corner?
20965,A2,everyday,4.600,5,4,5,,0,,Seven people are coming to the party.
3151,A2,everyday,4.600,5,4,5,,0,natural travel/memory question,Do you remember the name of the hotel?
6473,A2,everyday,4.600,5,4,5,,0,"natural, distinct from user-can cluster; past tense",The user downloaded the app yesterday.
7509,A2,everyday,4.600,5,4,5,,0,,The bread is still warm from the oven.
8455,A2,everyday,4.600,5,4,5,,0,Natural home-service scheduling question,Can they install the new fridge today?
9312,A2,everyday,4.600,5,4,5,,0,,I bought a juicy orange at the market.
9483,A2,everyday,4.600,5,4,5,,0,natural hospitality phrase,"Welcome, please take a seat and relax."
9572,A2,everyday,4.600,5,4,5,,0,,She didn’t eat all of her lunch today.
9723,A2,everyday,4.600,5,4,5,,0,,I usually take a nap in the afternoon.
10272,A2,everyday,4.600,5,4,5,,0,,"Tell the children to be quiet, please."
10566,A2,everyday,4.600,5,4,5,,0,,I don’t usually spend much on clothes.
10817,A2,everyday,4.600,5,4,5,,0,,I’ll pack an extra shirt for the trip.
11069,A2,everyday,4.600,5,4,5,,0,,They prepared a delicious meal for us.
11356,A2,everyday,4.600,5,4,5,,0,,My dog is always barking at strangers.
11534,A2,everyday,4.600,5,4,5,,0,,This dress costs more than I expected.
11549,A2,everyday,4.600,5,4,5,,0,,They played outside until it got dark.
12332,A2,everyday,4.600,5,4,5,,0,"natural, relatable",The cup was filled with hot chocolate.
12952,A2,everyday,4.600,5,4,5,,0,,I’ll start going to the gym next week.
13053,A2,everyday,4.600,5,4,5,,0,,She asked me if I wanted another beer.
13678,A2,everyday,4.600,5,4,5,,0,,Let’s go downstairs and watch a movie.
13976,A2,everyday,4.600,5,4,5,,0,travel vocab,She visited a new country last summer.
14230,A2,everyday,4.600,5,4,5,,0,,My bedroom is next to the living room.
14929,A2,everyday,4.600,5,4,5,,0,,My watch stopped working this morning.
14966,A2,everyday,4.600,5,4,5,,0,"Natural, canonical A2 scene",The man is reading a book in the park.
15419,A2,everyday,4.600,5,4,5,,0,,My sister will get married next month.
15798,A2,everyday,4.600,5,4,5,,0,,The shop closes at six in the evening.
16595,A2,everyday,4.600,5,4,5,,0,,I have a small garden behind my house.
17262,A2,everyday,4.600,5,4,5,,0,Very useful travel/reading help phrase,"Can you read this sign for me, please?"
17656,A2,everyday,4.600,5,4,5,,0,,"On Saturday, I usually clean my house."
17907,A2,everyday,4.600,5,4,5,,0,,There aren’t many shops near my house.
17985,A2,everyday,4.600,5,4,5,,0,natural household,She washed the dirty dish after lunch.
18090,A2,everyday,4.600,5,4,5,,0,Natural household request with time condition.,Can you clean your room before dinner?
18103,A2,everyday,4.600,5,4,5,,0,natural directive,"She said, 'Please leave the room now.'"
19029,A2,everyday,4.600,5,4,5,,0,,Rain was falling as we left the house.
19235,A2,everyday,4.600,5,4,5,,0,,Why don’t we take the dog to the park?
19753,A2,everyday,4.600,5,4,5,,0,Common and clear request,"Can you stand up for a moment, please?"
21024,A2,everyday,4.600,5,4,5,,0,,He pointed at the map to show the way.
491,A2,everyday,4.600,5,4,5,,0,,I’m all right with any food you choose.
1808,A2,everyday,4.600,5,4,5,,0,keep - most natural of cluster,The default volume on my TV is too low.
3730,A2,everyday,4.600,5,4,5,,0,Everyday retail context; clean and reusable.,He removed the tag from the new jacket.
7311,A2,everyday,4.600,5,4,5,,0,,Let’s clean up this mess before dinner.
7521,A2,everyday,4.600,5,4,5,,0,,I put on a warm sweater in the evening.
8233,A2,everyday,4.600,5,4,5,,0,Natural and reusable social question.,Are there any movies you want to watch?
9972,A2,everyday,4.600,5,4,5,,0,,Let’s cook something healthy this week.
11223,A2,everyday,4.600,5,4,5,,0,,Have you thought about my question yet?
11295,A2,everyday,4.600,5,4,5,,0,,Let’s have tea together this afternoon.
12329,A2,everyday,4.600,5,4,5,,0,,He broke his favorite cup this morning.
13084,A2,everyday,4.600,5,4,5,,0,,You completed the challenge so quickly!
13570,A2,everyday,4.600,5,4,5,,0,,She looks very beautiful in that dress.
13673,A2,everyday,4.600,5,4,5,,0,,I’m going downstairs to check the mail.
13950,A2,everyday,4.600,5,4,5,,0,natural social,She walked away without saying goodbye.
14297,A2,everyday,4.600,5,4,5,,0,natural health fact,Eating an apple is good for your teeth.
14316,A2,everyday,4.600,5,4,5,,0,Common polite request in daily life.,Could you add a little sugar to my tea?
14410,A2,everyday,4.600,5,4,5,,0,,I bought a magazine at the store today.
14512,A2,everyday,4.600,5,4,5,,0,,I wish I could cook dinner like my mom.
14689,A2,everyday,4.600,5,4,5,,0,,The centre of the city is always noisy.
15090,A2,everyday,4.600,5,4,5,,0,,My feet are always cold in the morning.
17348,A2,everyday,4.600,5,4,5,,0,natural past continuous,She was watching the kids play outside.
17587,A2,everyday,4.600,5,4,5,,0,,How much sugar do you want in your tea?
18219,A2,everyday,4.600,5,4,5,,0,natural,She waved to someone across the street.
18291,A2,everyday,4.600,5,4,5,,0,,I think the baby needs a diaper change.
18323,A2,everyday,4.600,5,4,5,,0,,I was surprised by the news she shared.
18567,A2,everyday,4.600,5,4,5,,0,,I bumped into the wall and hurt my arm.
18622,A2,everyday,4.600,5,4,5,,0,,The cat jumped onto the table suddenly.
18759,A2,everyday,4.600,5,4,5,,0,natural health habit,She runs five kilometres every morning.
20660,A2,everyday,4.600,5,4,5,,0,,I bought a beautiful flower for my mom.
21148,A2,everyday,4.600,5,4,5,,0,,I shopped for a gift but found nothing.
21320,A2,everyday,4.600,5,4,5,,0,,I forgot to say goodbye before leaving.
687,A2,everyday,4.600,5,4,5,,0,"natural, useful time connector","The following week, we went on vacation."
1688,A2,everyday,4.600,5,4,5,,0,,"He is a little boy, only five years old."
4810,A2,everyday,4.600,5,4,5,,0,best of pick cluster,She picked a toy for her little brother.
6182,A2,everyday,4.600,5,4,5,,0,practical,She stayed in the hospital for two days.
6185,A2,everyday,4.600,5,4,5,,0,,I saw an ambulance outside the hospital.
7298,A2,everyday,4.600,5,4,5,,0,"Natural, relatable household phrase",The kids left a mess in the living room.
7498,A2,everyday,4.600,5,4,5,,0,,I like to drink warm tea in the morning.
7615,A2,everyday,4.600,5,4,5,,0,,Let's switch the music to something fun.
7753,A2,everyday,4.600,5,4,5,,0,Modern and useful,Can you switch the phone to silent mode?
8601,A2,everyday,4.600,5,4,5,,0,,She knelt on the ground to tie her shoe.
9395,A2,everyday,4.600,5,4,5,,0,Very usable help request.,Could you help me move this heavy table?
9514,A2,everyday,4.600,5,4,5,,0,,Let’s share this chocolate bar together.
9939,A2,everyday,4.600,5,4,5,,0,,I found my keys right here on the table.
10613,A2,everyday,4.600,5,4,5,,0,,My jeans got torn while playing outside.
11645,A2,everyday,4.600,5,4,5,,0,Natural narrative phrase,The little boy lost his toy in the park.
12957,A2,everyday,4.600,5,4,5,,0,,I wish I could go to the gym more often.
13156,A2,everyday,4.600,5,4,5,,0,,My son and I went to the park yesterday.
13540,A2,everyday,4.600,5,4,5,,0,Common public transport situation.,A lot of people are waiting for the bus.
14872,A2,everyday,4.600,5,4,5,,0,,This hot tea will help your sore throat.
15821,A2,everyday,4.600,5,4,5,,0,,The weekend is my favorite time to rest.
16482,A2,everyday,4.600,5,4,5,,0,reported speech with day,She said she would visit us on Thursday.
17138,A2,everyday,4.600,5,4,5,,0,natural spatial,She was sitting next to her best friend.
17266,A2,everyday,4.600,5,4,5,,0,,Reading books helps me relax after work.
17626,A2,everyday,4.600,5,4,5,,0,Common and reusable time request,Can you give me thirty seconds to think?
17649,A2,everyday,4.600,5,4,5,,0,,Saturday is my favorite day of the week.
17673,A2,everyday,4.600,5,4,5,,0,,I bought a chocolate cake for the party.
18524,A2,everyday,4.600,5,4,5,,0,,I love shopping for clothes on weekends.
18619,A2,everyday,4.600,5,4,5,,0,,The cat will come back when it’s hungry.
19194,A2,everyday,4.600,5,4,5,,0,,This bill is much lower than I expected!
19483,A2,everyday,4.600,5,4,5,,0,,He is listening to a story on his phone.
20217,A2,everyday,4.600,5,4,5,,0,,Say bye to your friends before we leave.
20285,A2,everyday,4.600,5,4,5,,0,,Reading in dim light can hurt your eyes.
20736,A2,everyday,4.600,5,4,5,,0,,The chair in the waiting room is broken.
20905,A2,everyday,4.600,5,4,5,,0,,Let’s visit the market before it closes.
100,A2,everyday,4.600,5,4,5,,0,,Public transport is much better nowadays.
1707,A2,everyday,4.600,5,4,5,,0,"Natural, vivid",The little girl is playing with her doll.
3697,A2,everyday,4.600,5,4,5,,0,,Stir the batter until there are no lumps.
3719,A2,everyday,4.600,5,4,5,,0,,I stirred the hot chocolate with a spoon.
5410,A2,everyday,4.600,5,4,5,,0,,"One dog is black, and the other is white."
9574,A2,everyday,4.600,5,4,5,,0,"Natural, useful question about ability/help.",Can you carry all these bags by yourself?
9606,A2,everyday,4.600,5,4,5,,0,natural shopping opinion,Don’t buy that shirt; it’s too expensive!
9842,A2,everyday,4.600,5,4,5,,0,,The past year was difficult for everyone.
9969,A2,everyday,4.600,5,4,5,,0,Natural daily-life sentence with good reuse.,"After I cook, I always clean the kitchen."
10806,A2,everyday,4.600,5,4,5,,0,natural clothing + emotions,Wearing a clean shirt makes me feel good.
11180,A2,everyday,4.600,5,4,5,,0,"natural, market vocab",She sells fresh vegetables every morning.
12122,A2,everyday,4.600,5,4,5,,0,,I am so excited to meet my friends today!
12405,A2,everyday,4.600,5,4,5,,0,,I haven't taken a shower since yesterday.
13160,A2,everyday,4.600,5,4,5,,0,,I asked my son if he finished his chores.
13307,A2,everyday,4.600,5,4,5,,0,Useful travel warning,Don’t lose your passport while traveling.
14181,A2,everyday,4.600,5,4,5,,0,,The room is full of light in the morning.
14759,A2,everyday,4.600,5,4,5,,0,Very common polite request,"Can you give me a glass of water, please?"
15629,A2,everyday,4.600,5,4,5,,0,,Let’s stop for lunch; I’m getting hungry.
17167,A2,everyday,4.600,5,4,5,,0,,I have played this video game many times.
17659,A2,everyday,4.600,5,4,5,,0,,Saturday is when I visit my grandparents.
17728,A2,everyday,4.600,5,4,5,,0,,My plan is to save money for a new phone.
17806,A2,everyday,4.600,5,4,5,,0,,Salt is important for cooking tasty food.
18074,A2,everyday,4.600,5,4,5,,0,"practical parenting phrase, distinct topic",Don’t forget to change the baby’s diaper.
18296,A2,everyday,4.600,5,4,5,,0,,The baby has been sleeping for two hours.
18535,A2,everyday,4.600,5,4,5,,0,,Have you finished shopping for the party?
19333,A2,everyday,4.600,5,4,5,,0,"Common, broadly useful request","Don’t stand in front of the door, please."
20433,A2,everyday,4.600,5,4,5,,0,,I’m always thirsty when I eat salty food.
20838,A2,everyday,4.600,5,4,5,,0,,I love swimming in the sea during summer.
21144,A2,everyday,4.600,5,4,5,,0,"natural, high-utility spatial + shopping vocab",The shop on the corner sells fresh bread.
21234,A2,everyday,4.600,5,4,5,,0,,The shop around the corner is very cheap.
4762,A2,everyday,4.600,5,4,5,,0,"Common action, natural phrasing, easy to translate.",He reached into his pocket for some money.
5388,A2,everyday,4.600,4,5,5,,0,"keep - practical, natural",The electrical outlet is behind the table.
5417,A2,everyday,4.600,5,4,5,,0,,"This apple is red, but the other is green."
9158,A2,everyday,4.600,5,4,5,,0,,She is cooking a delicious cake right now.
9545,A2,everyday,4.600,5,4,5,,0,,This chair is very hard and uncomfortable.
10800,A2,everyday,4.600,5,4,5,,0,,The shirt I’m wearing is very comfortable.
11456,A2,everyday,4.600,5,4,5,,0,,I heard someone call my name in the crowd.
11599,A2,everyday,4.600,5,4,5,,0,,The car moved quickly down the empty road.
12924,A2,everyday,4.600,5,4,5,,0,"Natural, culturally common",The horse needs water after the long ride.
14570,A2,everyday,4.600,5,4,5,,0,"Natural, useful dining phrase",The lunch at this restaurant is expensive.
14585,A2,everyday,4.600,5,4,5,,0,,"I want ice cream, but it’s too cold today."
16240,A2,everyday,4.600,5,4,5,,0,,There’s nothing else to eat in the fridge.
16911,A2,everyday,4.600,5,4,5,,0,,He ate a huge sandwich and felt very full.
17498,A2,everyday,4.600,5,4,5,,0,,Online shopping is cheaper than in stores.
18728,A2,everyday,4.600,5,4,5,,0,,My stomach feels full after that big meal.
18860,A2,everyday,4.600,5,4,5,,0,,The carrot in the soup tastes really good.
19015,A2,everyday,4.600,5,4,5,,0,"Common, clear safety advice",Don’t go out in the rain without a jacket.
21003,A2,everyday,4.600,5,4,5,,0,,The boy over there is waiting for the bus.
21154,A2,everyday,4.600,5,4,5,,0,,Have you ever shopped at this mall before?
3866,A2,everyday,4.600,5,4,5,,0,,This furniture is perfect for small spaces.
4776,A2,everyday,4.600,5,4,5,,0,,I can’t reach the ceiling without a ladder.
9258,A2,everyday,4.600,5,4,5,,0,,Have you ever called a friend just to chat?
9458,A2,everyday,4.600,5,4,5,,0,,There’s no reason to be afraid of the dark.
11332,A2,everyday,4.600,5,4,5,,0,,Yes! That’s the best news I’ve heard today!
12537,A2,everyday,4.600,5,4,5,,0,,Let’s order some soup before the main dish.
12848,A2,everyday,4.600,5,4,5,,0,"keep - natural, relatable",The dog always follows me around the house.
13209,A2,everyday,4.600,5,4,5,,0,"practical advice, natural",Wearing a hat can protect you from the sun.
15621,A2,everyday,4.600,5,4,5,,0,,I’ve been hungry since I skipped breakfast.
15825,A2,everyday,4.600,5,4,5,,0,,My friends and I often meet on the weekend.
15991,A2,everyday,4.600,5,4,5,,0,,The child was drawing happily on the paper.
16915,A2,everyday,4.600,5,4,5,,0,,"If you’re hungry, I’ll make you a sandwich."
18666,A2,everyday,4.600,5,4,5,,0,practical safety phrase,Wearing a helmet is important when cycling.
19018,A2,everyday,4.600,5,4,5,,0,natural weather response,We stayed inside because of the heavy rain.
19770,A2,everyday,4.600,5,4,5,,0,,Standing for long hours can hurt your back.
1089,A2,everyday,4.600,5,4,5,,0,,They decided to pick a different restaurant.
3833,A2,everyday,4.600,5,4,5,,0,keep - natural,The furniture looks nice in the living room.
4782,A2,everyday,4.600,5,4,5,,0,,They reached the airport early this morning.
5416,A2,everyday,4.600,5,4,5,,0,,She bought one dress and returned the other.
9086,A2,everyday,4.600,5,4,5,,0,,I’ll put the laundry in the washing machine.
9494,A2,everyday,4.600,5,4,5,,0,,She bought a big chocolate bar at the store.
9524,A2,everyday,4.600,5,4,5,,0,Common waiting/context sentence.,A few people were waiting outside the store.
10590,A2,everyday,4.600,5,4,5,,0,,I’m feeling so relieved after the good news!
11507,A2,everyday,4.600,5,4,5,,0,Common instruction for modern contexts.,"Before using the app, read the instructions."
12110,A2,everyday,4.600,5,4,5,,0,,Let’s compare the price of these two phones.
12427,A2,everyday,4.600,5,4,5,,0,,I laugh every time I watch that funny movie.
12544,A2,everyday,4.600,5,4,5,,0,,I’m going to buy ingredients for soup today.
14317,A2,everyday,4.600,5,4,5,,0,,The baby took a little nap in the afternoon.
15181,A2,everyday,4.600,5,4,5,,0,,Something smells really good in the kitchen!
18558,A2,everyday,4.600,5,4,5,,0,,There’s a crack in the wall near the window.
18879,A2,everyday,4.600,5,4,5,,0,,Let’s add some carrots to the shopping list.
20157,A2,everyday,4.600,5,4,5,,0,,I forgot to put the milk back in the fridge.
20669,A2,everyday,4.600,5,4,5,,0,,This flower is more beautiful than that one.
20749,A2,everyday,4.600,5,4,5,,0,natural,Sitting on a hard chair for hours is tiring.
1084,A2,everyday,4.600,5,4,5,,0,,She likes to pick fresh apples from the tree.
7494,A2,everyday,4.600,5,4,5,,0,,One gallon is equivalent to about 3.8 liters.
11187,A2,everyday,4.600,5,4,5,,0,,I want to sell my phone because it’s too old.
11418,A2,everyday,4.600,5,4,5,,0,,He is frying an egg in the kitchen right now.
12497,A2,everyday,4.600,5,4,5,,0,,My daughter asked if we could go to the park.
14866,A2,everyday,4.600,5,4,5,,0,Natural and practical,Can you turn on the fan? It’s so hot in here!
15570,A2,everyday,4.600,5,4,5,,0,,My phone bill is due at the end of the month.
16288,A2,everyday,4.600,5,4,5,,0,,Please take care of the child while I’m away.
18100,A2,everyday,4.600,5,4,5,,0,,There’s no room for more books on this shelf.
18273,A2,everyday,4.600,5,4,5,,0,,I will buy some chicken for tomorrow’s lunch.
18985,A2,everyday,4.600,5,4,5,,0,Natural and practical household/travel request.,Could you please close the window? It’s cold.
19065,A2,everyday,4.600,5,4,5,,0,,The children are swimming in the shallow end.
3874,A2,everyday,4.600,5,4,5,,0,"keep - practical, natural",The furniture set includes a table and chairs.
7102,A2,everyday,4.600,5,4,5,,0,,There are two separate beds in our hotel room.
9466,A2,everyday,4.600,5,4,5,,0,,You are welcome to join us for dinner tonight.
14098,A2,everyday,4.600,5,4,5,,0,,Let’s see if the store has fresh onions today.
17158,A2,everyday,4.600,5,4,5,,0,,I play football every weekend with my friends.
1124,A2,everyday,4.600,5,4,5,,0,,The plant is dead because I forgot to water it.
5359,A2,everyday,4.600,4,5,5,,0,"keep - practical, useful",The electrical plug doesn’t fit in this socket.
6203,A2,everyday,4.600,5,4,5,,0,,I visited my grandmother at the hospital today.
14538,A2,everyday,4.600,5,4,5,,0,Very common warning.,Be careful not to cut yourself with that knife!
15927,A2,everyday,4.600,5,4,5,,0,,"He came in third in the competition, didn’t he?"
20424,A2,everyday,4.600,5,4,5,,0,,"If you’re thirsty, there’s juice in the fridge."
21084,A2,everyday,4.600,5,4,5,,0,,Why is the line at the doctor’s office so long?
9110,A2,everyday,4.600,5,4,5,,0,,My boyfriend and I went to the cinema yesterday.
11571,A2,everyday,4.600,5,4,5,,0,,Prepare your bags; we’re leaving early tomorrow!
15368,A2,everyday,4.600,5,4,5,,0,"natural, relatable scenario",The driver was angry because of the traffic jam.
15470,A2,everyday,4.600,5,4,5,,0,Natural conversational sentence with broad reuse.,Anything is better than staying at home all day.
84,A2,everyday,4.600,5,4,5,,0,,People don't read newspapers very often nowadays.
10938,A2,everyday,4.600,5,4,5,,0,,The video was uploaded to the website last night.
11897,A2,everyday,4.600,5,4,5,,0,,This blanket will keep you warm during the night.
18520,A2,everyday,4.600,5,4,5,,0,,The cat squeezed between the chair and the table.
10860,A2,everyday,4.600,5,4,5,,0,,Please bring a large bottle of water for the trip.
11724,A2,everyday,4.600,5,4,5,,0,,Please keep your ticket until the end of the ride.
13235,A2,everyday,4.600,5,4,5,,0,,Please take the next right turn to reach the hotel.
17094,A2,everyday,4.600,5,4,5,,0,"keep - natural, relatable routine",The first thing I do in the morning is drink water.
18669,A2,everyday,4.600,5,4,5,,0,natural advice phrasing,She told me to wear comfortable shoes for the trip.
12036,A2,everyday,4.600,5,4,5,,0,,The child splashed water everywhere during his bath.
17818,A2,everyday,4.600,5,4,5,,0,,Sprinkle a little salt on the vegetables before cooking.
20111,A2,everyday,4.800,5,5,4,,0,,I'm ok with that.
10300,A2,everyday,4.800,5,5,4,,0,natural contracted reported speech,She said she’d call tonight.
19586,A2,everyday,4.800,5,5,4,,0,,Why don’t you give it a try?
179,A2,everyday,4.800,5,5,4,,0,"very natural, highly relatable",We got lost once in the city.
20342,A2,everyday,4.800,5,5,4,,0,common cross-cultural sports question,Do you like playing football?
11258,A2,everyday,4.800,5,5,4,,0,,This shoe is too tight for me.
21417,A2,everyday,4.800,5,5,4,,0,,This meal is too spicy for me.
8755,A2,everyday,4.800,5,5,4,,0,core social phrase,We had a great time last night.
10611,A2,everyday,4.800,5,5,4,,0,,Those jeans look amazing on you!
13274,A2,everyday,4.800,5,5,4,,0,"highly natural, everyday expression","Wait a second, I forgot my keys!"
11105,A2,everyday,4.800,5,5,4,,0,highly practical travel phrase,We missed our plane this morning.
11314,A2,everyday,4.800,5,5,4,,0,,"Yes, that’s exactly what I meant!"
14237,A2,everyday,4.800,5,5,4,,0,,This place is too crowded for me.
15870,A2,everyday,4.800,5,5,4,,0,,This phone costs too much for me.
17323,A2,everyday,4.800,5,5,4,,0,,This isn’t as cheap as I thought.
16041,A2,everyday,4.800,5,5,4,,0,practical weather/packing phrase,We need warm clothes for the snow.
12689,A2,everyday,4.800,5,5,4,,0,highly practical travel phrase,We have just arrived at the airport.
16207,A2,everyday,4.800,5,5,4,,0,,I still haven’t gotten over my cold.
1252,A2,everyday,4.800,5,5,4,,0,core idiomatic expression,We had better hurry or we’ll be late.
11879,A2,everyday,4.800,5,5,4,,0,natural self-care statement,Doing yoga helps me relax after work.
13526,A2,everyday,4.800,5,5,4,,0,natural modern tech help question,Does anyone know how to use this app?
21094,A2,everyday,4.800,5,5,4,,0,,Where is the waiter? I need the bill.
21205,A2,everyday,4.800,5,5,4,,0,,This part of the house needs repairs.
21432,A2,everyday,4.800,5,5,4,,0,,This meal costs more than I expected.
16802,A2,everyday,4.800,5,5,4,,0,,"Yeah, I’ll meet you at the café later."
16817,A2,everyday,4.800,5,5,4,,0,natural informal,"She said, ‘Yeah, I’ll call you later.’"
13289,A2,everyday,4.800,5,5,4,,0,,"I’m not sure, let me think for a second."
14266,A2,everyday,4.800,5,5,4,,0,,"This morning, I forgot my phone at home."
20048,A2,everyday,4.800,5,5,4,,0,highly practical phrase,We need to start early to avoid traffic.
5407,A2,everyday,4.800,5,5,4,,0,,This shoe is broken; can I try the other?
14439,A2,everyday,4.800,5,5,4,,0,keep as representative,We are meeting at the restaurant at 7 p.m.
497,A2,everyday,4.800,5,5,4,,0,,I think everything will turn out all right.
4747,A2,everyday,4.800,5,5,4,,0,excellent,She tried to reach her friend on the phone.
12262,A2,everyday,4.800,5,5,4,,0,,I’m off to the store; do you need anything?
16260,A2,everyday,4.800,5,5,4,,0,classic directions phrase,Walk straight ahead until you see the park.
11557,A2,everyday,4.800,5,5,4,,0,practical safety instruction,Wait until the bus stops before getting off.
14931,A2,everyday,4.800,5,5,4,,0,natural domestic request,Watch the children while I’m in the kitchen.
18166,A2,everyday,4.800,5,5,4,,0,,There! I found my lost keys under the table.
10708,A2,everyday,4.800,5,5,4,,0,,This road is blocked; let’s take the other route.
6425,A2,everyday,5.000,5,5,5,,1,near-dup of id 6449 area; password covered; cap reps,The user forgot their password.
6471,A2,everyday,5.000,5,5,5,,1,near-dup user-can cluster; id 6449 preferred; only need 2 reps,The user can reset their password.
10033,A2,everyday,5.000,5,5,5,,1,shop cluster surplus,The shop is on the left side of the street.
12102,A2,everyday,5.000,5,5,5,,1,price cluster surplus,"The price was too high, so I didn’t buy it."
5762,A2,everyday,5.000,5,5,5,,0,,I am busy now.
15607,A2,everyday,5.000,5,5,5,,0,,I feel hungry.
5777,A2,everyday,5.000,5,5,5,,0,,I’m hungry now.
17748,A2,everyday,5.000,5,5,5,,0,,He left a note.
5769,A2,everyday,5.000,5,5,5,,0,core everyday phrase,We are late now.
12691,A2,everyday,5.000,5,5,5,,0,,Have a nice day!
13556,A2,everyday,5.000,5,5,5,,0,,He is very tall.
15201,A2,everyday,5.000,5,5,5,,0,,Where is my bag?
2822,A2,everyday,5.000,5,5,5,,0,core utility phrase,Do you need help?
5766,A2,everyday,5.000,5,5,5,,0,"Very common, short, and broadly reusable.",Are you free now?
5767,A2,everyday,5.000,5,5,5,,0,,I am at home now.
5770,A2,everyday,5.000,5,5,5,,0,,I need water now.
5773,A2,everyday,5.000,5,5,5,,0,,I feel tired now.
5775,A2,everyday,5.000,5,5,5,,0,,I can’t talk now.
9975,A2,everyday,5.000,5,5,5,,0,,You cook so well!
20686,A2,everyday,5.000,5,5,5,,0,essential classroom phrase,"Sit down, please."
1531,A2,everyday,5.000,5,5,5,,0,,He did it himself.
2816,A2,everyday,5.000,5,5,5,,0,"Very common, broadly useful request",Do you have a pen?
5765,A2,everyday,5.000,5,5,5,,0,,I want to eat now.
12174,A2,everyday,5.000,5,5,5,,0,,You are very kind.
15206,A2,everyday,5.000,5,5,5,,0,,Is this bag yours?
15998,A2,everyday,5.000,5,5,5,,0,,I feel fine today.
19778,A2,everyday,5.000,5,5,5,,0,,I have my own car.
7141,A2,everyday,5.000,5,5,5,,0,,Where is the hotel?
9233,A2,everyday,5.000,5,5,5,,0,,I'll call you soon.
10516,A2,everyday,5.000,5,5,5,,0,"Common, natural scheduling question.",Can we do it later?
13504,A2,everyday,5.000,5,5,5,,0,,I know how to swim.
14462,A2,everyday,5.000,5,5,5,,0,,Who is at the door?
324,A2,everyday,5.000,5,5,5,,0,,This is a good idea.
878,A2,everyday,5.000,5,5,5,,0,,I like black coffee.
5768,A2,everyday,5.000,5,5,5,,0,,She is sleeping now.
7167,A2,everyday,5.000,5,5,5,,0,,I lost my hotel key.
10065,A2,everyday,5.000,5,5,5,,0,"Very common, high utility",Your dog is so cute!
14654,A2,everyday,5.000,5,5,5,,0,,I feel the same way.
19054,A2,everyday,5.000,5,5,5,,0,"simple, natural, universal",Do you like to swim?
6782,A2,everyday,5.000,5,5,5,,0,,I can’t find my keys.
9182,A2,everyday,5.000,5,5,5,,0,,He is my best friend.
10284,A2,everyday,5.000,5,5,5,,0,"Common, natural invitation question.",Are you free tonight?
11664,A2,everyday,5.000,5,5,5,,0,,I live near the park.
12654,A2,everyday,5.000,5,5,5,,0,,Today is my birthday.
13166,A2,everyday,5.000,5,5,5,,0,,I'd like dessert too.
327,A2,everyday,5.000,5,5,5,,0,,This pen doesn’t work.
818,A2,everyday,5.000,5,5,5,,0,,I want to drink water.
825,A2,everyday,5.000,5,5,5,,0,,I don’t drink alcohol.
2826,A2,everyday,5.000,5,5,5,,0,universal everyday phrase,Do you like this song?
5785,A2,everyday,5.000,5,5,5,,0,,The bus is coming now.
9234,A2,everyday,5.000,5,5,5,,0,Very common and reusable.,Can you call me later?
10517,A2,everyday,5.000,5,5,5,,0,,I will call you later.
11439,A2,everyday,5.000,5,5,5,,0,,I don’t know his name.
13739,A2,everyday,5.000,5,5,5,,0,,"Hi, how are you today?"
15202,A2,everyday,5.000,5,5,5,,0,,I left my bag at home.
15815,A2,everyday,5.000,5,5,5,,0,,I'm free this weekend.
20216,A2,everyday,5.000,5,5,5,,0,Core everyday farewell with very high reuse,"Bye, see you tomorrow!"
20906,A2,everyday,5.000,5,5,5,,0,,Will you come with us?
341,A2,everyday,5.000,5,5,5,,0,,This food tastes great.
3126,A2,everyday,5.000,5,5,5,,0,,My name is on the list.
6790,A2,everyday,5.000,5,5,5,,0,,Where can I find a pen?
7143,A2,everyday,5.000,5,5,5,,0,,I need to book a hotel.
7551,A2,everyday,5.000,5,5,5,,0,,The app is free to use.
10233,A2,everyday,5.000,5,5,5,,0,,Is your flight on time?
10292,A2,everyday,5.000,5,5,5,,0,,I can’t go out tonight.
12048,A2,everyday,5.000,5,5,5,,0,,I don’t like fast food.
13760,A2,everyday,5.000,5,5,5,,0,,"Hi, I’m sorry I’m late."
15635,A2,everyday,5.000,5,5,5,,0,core everyday question,What is the date today?
16128,A2,everyday,5.000,5,5,5,,0,,I was born in February.
17053,A2,everyday,5.000,5,5,5,,0,,My shoulder feels sore.
18327,A2,everyday,5.000,5,5,5,,0,,That’s incredible news!
21292,A2,everyday,5.000,5,5,5,,0,,I want a cup of coffee.
310,A2,everyday,5.000,5,5,5,,0,,This is a beautiful day.
3774,A2,everyday,5.000,5,5,5,,0,,The bus arrived on time.
5792,A2,everyday,5.000,5,5,5,,0,,I’m waiting for you now.
7139,A2,everyday,5.000,5,5,5,,0,,I am staying at a hotel.
7161,A2,everyday,5.000,5,5,5,,0,,I booked a hotel online.
10032,A2,everyday,5.000,5,5,5,,0,,Is the movie on tonight?
10055,A2,everyday,5.000,5,5,5,,0,,I like your new haircut!
12275,A2,everyday,5.000,5,5,5,,0,Core conversational phrase with excellent reuse,Can I ask you something?
13509,A2,everyday,5.000,5,5,5,,0,,How do you know my name?
13749,A2,everyday,5.000,5,5,5,,0,,"Hi, let’s go for a walk."
18959,A2,everyday,5.000,5,5,5,,0,,Tomorrow is my birthday!
20806,A2,everyday,5.000,5,5,5,,0,,I finally found the key!
21057,A2,everyday,5.000,5,5,5,,0,,Is that really possible?
1694,A2,everyday,5.000,5,5,5,,0,,I’m a little tired today.
4707,A2,everyday,5.000,5,5,5,,0,,He helped me fix my bike.
5784,A2,everyday,5.000,5,5,5,,0,core phrase,She’s cooking dinner now.
6786,A2,everyday,5.000,5,5,5,,0,,He can find his way home.
7151,A2,everyday,5.000,5,5,5,,0,Essential modern travel phrase,The hotel has free Wi-Fi.
9134,A2,everyday,5.000,5,5,5,,0,Very common conversational request.,Can we talk for a minute?
10122,A2,everyday,5.000,5,5,5,,0,,"Pass me the salt, please."
10207,A2,everyday,5.000,5,5,5,,0,very common everyday phrase,Do you like orange juice?
10258,A2,everyday,5.000,5,5,5,,0,Core high-frequency phrase,Can you tell me the time?
11772,A2,everyday,5.000,5,5,5,,0,"simple, natural daily routine statement","Each day, I walk to work."
13219,A2,everyday,5.000,5,5,5,,0,,I will see you next week.
13300,A2,everyday,5.000,5,5,5,,0,,My passport is in my bag.
13748,A2,everyday,5.000,5,5,5,,0,,"Hi, I forgot my password."
14332,A2,everyday,5.000,5,5,5,,0,,I’m going out for a walk.
14914,A2,everyday,5.000,5,5,5,,0,,I watch TV every evening.
15958,A2,everyday,5.000,5,5,5,,0,,I’m sorry for being late.
16620,A2,everyday,5.000,5,5,5,,0,,They are my best friends.
17878,A2,everyday,5.000,5,5,5,,0,,He will probably be late.
20085,A2,everyday,5.000,5,5,5,,0,,Maybe I'll see you later.
311,A2,everyday,5.000,5,5,5,,0,,This chair is comfortable.
3128,A2,everyday,5.000,5,5,5,,0,,I don’t remember his name.
3214,A2,everyday,5.000,5,5,5,,0,,I drive to work every day.
4806,A2,everyday,5.000,5,5,5,,0,,I’ll pick you up at 5 p.m.
6016,A2,everyday,5.000,5,5,5,,0,"Highly natural, common, and portable.","Actually, that's not true."
6232,A2,everyday,5.000,5,5,5,,0,,I left my coat in the car.
6245,A2,everyday,5.000,5,5,5,,0,,I don’t need a coat today.
8211,A2,everyday,5.000,5,5,5,,0,Extremely common and useful across contexts,Do you have any questions?
8228,A2,everyday,5.000,5,5,5,,0,,I don’t want any more tea.
9189,A2,everyday,5.000,5,5,5,,0,,He will call you tomorrow.
9679,A2,everyday,5.000,5,5,5,,0,core A2 past simple question,What did you do yesterday?
10058,A2,everyday,5.000,5,5,5,,0,,Tell me about your family.
10439,A2,everyday,5.000,5,5,5,,0,,I forget things sometimes.
10945,A2,everyday,5.000,5,5,5,,0,,Gardening is my new hobby.
11282,A2,everyday,5.000,5,5,5,,0,,I drink tea every morning.
11283,A2,everyday,5.000,5,5,5,,0,classic high-utility phrase,Do you like tea or coffee?
11334,A2,everyday,5.000,5,5,5,,0,,I always wake up at 7 a.m.
12181,A2,everyday,5.000,5,5,5,,0,,How often do you exercise?
13660,A2,everyday,5.000,5,5,5,,0,,She is waiting downstairs.
13763,A2,everyday,5.000,5,5,5,,0,,"Hi, it’s been a long time!"
14490,A2,everyday,5.000,5,5,5,,0,natural household phrase,What time is dinner ready?
16569,A2,everyday,5.000,5,5,5,,0,,I will stay at home today.
17035,A2,everyday,5.000,5,5,5,,0,,"Enjoy your meal, everyone!"
18909,A2,everyday,5.000,5,5,5,,0,,Is there a bank near here?
20735,A2,everyday,5.000,5,5,5,,0,,Is this chair comfortable?
21115,A2,everyday,5.000,5,5,5,,0,,She gets tired after work.
21130,A2,everyday,5.000,5,5,5,,0,,I’ll get the door for you.
2810,A2,everyday,5.000,5,5,5,,0,core conversation question,What do you do on weekends?
2840,A2,everyday,5.000,5,5,5,,0,,I do my laundry every week.
5797,A2,everyday,5.000,5,5,5,,0,,I’m cleaning the house now.
6378,A2,everyday,5.000,5,5,5,,0,keep - very natural complaint,The delivery is late again.
9082,A2,everyday,5.000,5,5,5,,0,,Where did you put my phone?
9708,A2,everyday,5.000,5,5,5,,0,,I’m on my way to the store.
10285,A2,everyday,5.000,5,5,5,,0,,I’m cooking dinner tonight.
10291,A2,everyday,5.000,5,5,5,,0,natural social planning phrase,What are you doing tonight?
13427,A2,everyday,5.000,5,5,5,,0,,I have nothing to do today.
13756,A2,everyday,5.000,5,5,5,,0,,"Hi, I’m feeling sick today."
14811,A2,everyday,5.000,5,5,5,,0,universal health question,Do you sleep well at night?
15452,A2,everyday,5.000,5,5,5,,0,,Is there anything you need?
16625,A2,everyday,5.000,5,5,5,,0,,They will call us tomorrow.
16678,A2,everyday,5.000,5,5,5,,0,,Have you had enough to eat?
18448,A2,everyday,5.000,5,5,5,,0,,How was your day yesterday?
18726,A2,everyday,5.000,5,5,5,,0,"natural, very useful",The glass is full of water.
19375,A2,everyday,5.000,5,5,5,,0,,Tell them to call me later.
19557,A2,everyday,5.000,5,5,5,,0,,His house is near the park.
19957,A2,everyday,5.000,5,5,5,,0,,I usually wake up at 7 a.m.
20610,A2,everyday,5.000,5,5,5,,0,,I love my father very much.
721,A2,everyday,5.000,5,5,5,,0,,I promise I will not forget.
3150,A2,everyday,5.000,5,5,5,,0,,I need to sign my name here.
4698,A2,everyday,5.000,5,5,5,,0,,He always helps his friends.
5252,A2,everyday,5.000,5,5,5,,0,core conversation question,What is your favourite food?
5270,A2,everyday,5.000,5,5,5,,0,core conversation starter,What’s your favourite fruit?
5803,A2,everyday,5.000,5,5,5,,0,,I’m feeling much better now.
7554,A2,everyday,5.000,5,5,5,,0,,The app crashed on my phone.
8740,A2,everyday,5.000,5,5,5,,0,,I couldn’t sleep last night.
9147,A2,everyday,5.000,5,5,5,,0,"Short, common, broadly reusable phrase.","He said, ‘Let’s talk later.’"
9677,A2,everyday,5.000,5,5,5,,0,Very common and flexible help request.,Do you know how to fix this?
9957,A2,everyday,5.000,5,5,5,,0,,She doesn’t cook very often.
10313,A2,everyday,5.000,5,5,5,,0,core conversation question,What is your favorite sport?
11742,A2,everyday,5.000,5,5,5,,0,,I hope you have a great day!
12019,A2,everyday,5.000,5,5,5,,0,,I take a bath every morning.
13565,A2,everyday,5.000,5,5,5,,0,,He was very kind to help me.
13586,A2,everyday,5.000,5,5,5,,0,,I’m worried about my health.
17563,A2,everyday,5.000,5,5,5,,0,,When do you usually wake up?
19374,A2,everyday,5.000,5,5,5,,0,,I don’t know them very well.
21215,A2,everyday,5.000,5,5,5,,0,,Is there a shop around here?
2819,A2,everyday,5.000,5,5,5,,0,,I do the dishes after dinner.
3137,A2,everyday,5.000,5,5,5,,0,,My name is hard to pronounce.
3244,A2,everyday,5.000,5,5,5,,0,,I don’t drive when I’m tired.
7154,A2,everyday,5.000,5,5,5,,0,,I forgot my bag at the hotel.
9210,A2,everyday,5.000,5,5,5,,0,"natural, very common transport complaint",The train was late yesterday.
9236,A2,everyday,5.000,5,5,5,,0,,She didn’t call me yesterday.
9243,A2,everyday,5.000,5,5,5,,0,,I’m going to call a taxi now.
9692,A2,everyday,5.000,5,5,5,,0,core A2 present continuous question,What are you doing right now?
9775,A2,everyday,5.000,5,5,5,,0,,I woke up early this morning.
11486,A2,everyday,5.000,5,5,5,,0,,I wash my hands before lunch.
12377,A2,everyday,5.000,5,5,5,,0,,I will go to the store later.
12454,A2,everyday,5.000,5,5,5,,0,,I had a bad dream last night.
12787,A2,everyday,5.000,5,5,5,,0,,I feel like going for a walk.
13225,A2,everyday,5.000,5,5,5,,0,,Turn left at the next street.
13353,A2,everyday,5.000,5,5,5,,0,,Why do you look so sad today?
14285,A2,everyday,5.000,5,5,5,,0,,I eat an apple every morning.
15819,A2,everyday,5.000,5,5,5,,0,"natural past simple, weekly check-in",What did you do last weekend?
16185,A2,everyday,5.000,5,5,5,,0,,He forgot his password again!
18429,A2,everyday,5.000,5,5,5,,0,,I went to the park yesterday.
18628,A2,everyday,5.000,5,5,5,,0,,She is not at home right now.
18682,A2,everyday,5.000,5,5,5,,0,,He didn’t eat much at dinner.
18684,A2,everyday,5.000,5,5,5,,0,,Thanks so much for your help!
20114,A2,everyday,5.000,5,5,5,,0,,Is it ok if I join you later?
20519,A2,everyday,5.000,5,5,5,,0,,I will call you if I am late.
20601,A2,everyday,5.000,5,5,5,,0,,"If you’re late, just text me."
21113,A2,everyday,5.000,5,5,5,,0,,I get up early every morning.
1480,A2,everyday,5.000,5,5,5,,0,,I'm not sure about the answer.
1721,A2,everyday,5.000,5,5,5,,0,,He is a little taller than me.
1724,A2,everyday,5.000,5,5,5,,0,Highly reusable and clear,Can you speak a little louder?
2839,A2,everyday,5.000,5,5,5,,0,high-utility everyday phrase,Do you think it’s a good idea?
4709,A2,everyday,5.000,5,5,5,,0,,I’m happy to help you anytime.
5097,A2,everyday,5.000,5,5,5,,0,,You can sit anywhere you like.
10568,A2,everyday,5.000,5,5,5,,0,,I am feeling very happy today!
11308,A2,everyday,5.000,5,5,5,,0,,"Yes, I can help you with that."
12933,A2,everyday,5.000,5,5,5,,0,,I go to the gym every morning.
14056,A2,everyday,5.000,5,5,5,,0,,I’ll meet you in half an hour.
14260,A2,everyday,5.000,5,5,5,,0,,I wake up early every morning.
14358,A2,everyday,5.000,5,5,5,,0,,Turn right at the next corner.
15153,A2,everyday,5.000,5,5,5,,0,,"I’m sorry, that was a mistake."
15822,A2,everyday,5.000,5,5,5,,0,,Will you be free next weekend?
16587,A2,everyday,5.000,5,5,5,,0,,Why don’t you stay for dinner?
16843,A2,everyday,5.000,5,5,5,,0,,I sent the money to my family.
18737,A2,everyday,5.000,5,5,5,,0,,I can’t eat anymore; I’m full!
19564,A2,everyday,5.000,5,5,5,,0,,His computer broke last night.
19728,A2,everyday,5.000,5,5,5,,0,"Very common, natural, high-value phrase.",Did you sleep well last night?
19984,A2,everyday,5.000,5,5,5,,0,"Common, clean request.",Can you be quiet for a moment?
1233,A2,everyday,5.000,5,5,5,,0,,I hope tomorrow will be better.
3229,A2,everyday,5.000,5,5,5,,0,,I don’t like to drive at night.
4699,A2,everyday,5.000,5,5,5,,0,natural offer of help,Do you need help with that box?
4700,A2,everyday,5.000,5,5,5,,0,,I will help you clean the room.
4701,A2,everyday,5.000,5,5,5,,0,,They help each other every day.
4721,A2,everyday,5.000,5,5,5,,0,High-frequency real-life request.,Help me find a good restaurant.
4803,A2,everyday,5.000,5,5,5,,0,excellent natural phrase,She picked up her bag and left.
6379,A2,everyday,5.000,5,5,5,,0,,I ordered a pizza for delivery.
9130,A2,everyday,5.000,5,5,5,,0,,I talk to my friends every day.
9155,A2,everyday,5.000,5,5,5,,0,,I enjoy cooking for my friends.
10445,A2,everyday,5.000,5,5,5,,0,,I forgot where I parked my car.
10723,A2,everyday,5.000,5,5,5,,0,,"I’m not ready now, can we wait?"
10796,A2,everyday,5.000,5,5,5,,0,,This shirt is too small for me.
12282,A2,everyday,5.000,5,5,5,,0,,She asked me to call her later.
13599,A2,everyday,5.000,5,5,5,,0,,I forgot about the appointment!
13642,A2,everyday,5.000,5,5,5,,0,,I can’t see without my glasses.
15021,A2,everyday,5.000,5,5,5,,0,,Why were you late this morning?
15203,A2,everyday,5.000,5,5,5,,0,Very common and cleanly translatable.,Can you help me carry this bag?
15205,A2,everyday,5.000,5,5,5,,0,,I bought a new bag for my trip.
15874,A2,everyday,5.000,5,5,5,,0,,How much did your new car cost?
16101,A2,everyday,5.000,5,5,5,,0,,I had a great day at the beach.
18778,A2,everyday,5.000,5,5,5,,0,"Common, high-value interaction phrase",Can you spell your name for me?
18790,A2,everyday,5.000,5,5,5,,0,,I’ll spell the address for you.
20132,A2,everyday,5.000,5,5,5,,0,,"Ok, I understand what you mean."
20163,A2,everyday,5.000,5,5,5,,0,,I have a ticket to the concert.
21087,A2,everyday,5.000,5,5,5,,0,,The waiter brought us the menu.
1275,A2,everyday,5.000,5,5,5,,0,,Let’s try to make things better.
2834,A2,everyday,5.000,5,5,5,,0,,She does her hair every morning.
3141,A2,everyday,5.000,5,5,5,,0,,He asked for my name and number.
4729,A2,everyday,5.000,5,5,5,,0,,I’m here to help if you need me.
6183,A2,everyday,5.000,5,5,5,,0,,He called the hospital for help.
7155,A2,everyday,5.000,5,5,5,,0,Essential location phrase,The hotel is in the city center.
8220,A2,everyday,5.000,5,5,5,,0,,I don’t need any help right now.
9690,A2,everyday,5.000,5,5,5,,0,natural collaborative question,Do you want to do this together?
9704,A2,everyday,5.000,5,5,5,,0,,I saw the news on TV last night.
9784,A2,everyday,5.000,5,5,5,,0,,"Hurry up, or we’ll miss the bus!"
9981,A2,everyday,5.000,5,5,5,,0,,I live in the south of the city.
10037,A2,everyday,5.000,5,5,5,,0,natural travel phrase,We’re on our way to the airport.
10259,A2,everyday,5.000,5,5,5,,0,,Please tell her to call me back.
10391,A2,everyday,5.000,5,5,5,,0,,I live close to the city center.
10821,A2,everyday,5.000,5,5,5,,0,,Is it raining outside right now?
11528,A2,everyday,5.000,5,5,5,,0,,That dress looks amazing on you!
13222,A2,everyday,5.000,5,5,5,,0,natural future plans query,What are you doing next weekend?
14259,A2,everyday,5.000,5,5,5,,0,,"Good morning, how are you today?"
17515,A2,everyday,5.000,5,5,5,,0,,"Everything is fine, don’t worry."
19560,A2,everyday,5.000,5,5,5,,0,,He didn’t bring his lunch today.
19615,A2,everyday,5.000,5,5,5,,0,,She left without saying goodbye.
20318,A2,everyday,5.000,5,5,5,,0,,Let’s meet at the park tomorrow.
858,A2,everyday,5.000,5,5,5,,0,,I need to drink more water today.
2851,A2,everyday,5.000,5,5,5,,0,common social question,Do you often go out with friends?
4346,A2,everyday,5.000,5,5,5,,0,,Tie your hair back when you cook.
7575,A2,everyday,5.000,5,5,5,,0,,This app helps me stay organized.
8569,A2,everyday,5.000,5,5,5,,0,,I dropped my phone on the ground.
9188,A2,everyday,5.000,5,5,5,,0,,He was tired after the long trip.
11213,A2,everyday,5.000,5,5,5,,0,,"If you have a question, just ask!"
11671,A2,everyday,5.000,5,5,5,,0,very natural location question,Do you live near the city center?
12020,A2,everyday,5.000,5,5,5,,0,very common natural preference question,Do you prefer a bath or a shower?
12180,A2,everyday,5.000,5,5,5,,0,,You don’t need to worry about it.
12385,A2,everyday,5.000,5,5,5,,0,,Will you please close the window?
13562,A2,everyday,5.000,5,5,5,,0,,I don’t feel very good right now.
13776,A2,everyday,5.000,5,5,5,,0,Core high-frequency communication phrase.,"Could you say that again, please?"
14387,A2,everyday,5.000,5,5,5,,0,very natural imperative,Don't be late for dinner tonight!
15251,A2,everyday,5.000,5,5,5,,0,,Is there a bus station near here?
16086,A2,everyday,5.000,5,5,5,,0,natural future plans phrase,What are your plans for tomorrow?
16283,A2,everyday,5.000,5,5,5,,0,,The child is playing in the park.
16469,A2,everyday,5.000,5,5,5,,0,,Let’s meet on Thursday afternoon.
17801,A2,everyday,5.000,5,5,5,,0,Very common and reusable table request,"Can you pass me the salt, please?"
19305,A2,everyday,5.000,5,5,5,,0,"keep - natural, practical",The event starts at 7 p.m. sharp.
19444,A2,everyday,5.000,5,5,5,,0,,I deleted the message by mistake.
19617,A2,everyday,5.000,5,5,5,,0,urgency phrase; extremely high utility,The train leaves in five minutes!
20135,A2,everyday,5.000,5,5,5,,0,,"Ok, that sounds like a good idea!"
20408,A2,everyday,5.000,5,5,5,,0,,She greeted me with a warm smile.
20688,A2,everyday,5.000,5,5,5,,0,,I fell down the stairs yesterday.
1705,A2,everyday,5.000,5,5,5,,0,,He is feeling a little sick today.
6035,A2,everyday,5.000,5,5,5,,0,,I actually don’t like coffee much.
6375,A2,everyday,5.000,5,5,5,,0,,I am waiting for a delivery today.
7173,A2,everyday,5.000,5,5,5,,0,High-utility travel location phrase,The hotel is close to the station.
9184,A2,everyday,5.000,5,5,5,,0,,Is he coming to the party tonight?
10426,A2,everyday,5.000,5,5,5,,0,,"No, thanks, I don’t need any help."
10832,A2,everyday,5.000,5,5,5,,0,,It was nice meeting you yesterday.
11669,A2,everyday,5.000,5,5,5,,0,,There’s a bus stop near the hotel.
12935,A2,everyday,5.000,5,5,5,,0,,She doesn’t have time for the gym.
13564,A2,everyday,5.000,5,5,5,,0,Very useful for learners,"Can you speak very slowly, please?"
13895,A2,everyday,5.000,5,5,5,,0,,I am going on a holiday next week.
14328,A2,everyday,5.000,5,5,5,,0,excellent practical food phrase,The soup needs a little more salt.
14489,A2,everyday,5.000,5,5,5,,0,classic social invitation,Do you want to join us for dinner?
14563,A2,everyday,5.000,5,5,5,,0,,Where do you usually go for lunch?
14816,A2,everyday,5.000,5,5,5,,0,,I can’t sleep when it’s too noisy.
14917,A2,everyday,5.000,5,5,5,,0,Very common travel/public-space phrase,Can you watch my bag for a minute?
15172,A2,everyday,5.000,5,5,5,,0,,I need something to eat right now.
15298,A2,everyday,5.000,5,5,5,,0,,I watched a great film last night.
17234,A2,everyday,5.000,5,5,5,,0,,"Every morning, I water the plants."
17564,A2,everyday,5.000,5,5,5,,0,,I was at home when the phone rang.
19342,A2,everyday,5.000,5,5,5,,0,"natural, practical",The front tire of my bike is flat.
19604,A2,everyday,5.000,5,5,5,,0,Very common everyday request,"Don’t leave the door open, please."
19991,A2,everyday,5.000,5,5,5,,0,,I can’t be there on time tomorrow.
20346,A2,everyday,5.000,5,5,5,,0,,"I would like a cup of tea, please."
21089,A2,everyday,5.000,5,5,5,,0,,I asked the waiter for more water.
21301,A2,everyday,5.000,5,5,5,,0,,"If you want, I can drive you home."
840,A2,everyday,5.000,5,5,5,,0,,He drinks a lot of water every day.
866,A2,everyday,5.000,5,5,5,,0,,She drinks a warm drink before bed.
1103,A2,everyday,5.000,5,5,5,,0,,I will pick you up after the movie.
2303,A2,everyday,5.000,5,5,5,,0,,I don’t have enough money for this.
7293,A2,everyday,5.000,5,5,5,,0,,There is a big mess in the kitchen.
9596,A2,everyday,5.000,5,5,5,,0,,I want to buy a new phone tomorrow.
9933,A2,everyday,5.000,5,5,5,,0,,I’ve been waiting here for an hour!
10114,A2,everyday,5.000,5,5,5,,0,,Give me a moment to think about it.
10128,A2,everyday,5.000,5,5,5,,0,,I like to ride my bike in the park.
10425,A2,everyday,5.000,5,5,5,,0,,I have no money to buy a new phone.
11179,A2,everyday,5.000,5,5,5,,0,high-utility shopping phrase,Do you sell postcards in this shop?
11653,A2,everyday,5.000,5,5,5,,0,,This soup needs a little more salt.
12196,A2,everyday,5.000,5,5,5,,0,,You’ll feel better after some rest.
12842,A2,everyday,5.000,5,5,5,,0,,He follows a routine every morning.
14345,A2,everyday,5.000,5,5,5,,0,,Let’s eat out at a nice restaurant.
15208,A2,everyday,5.000,5,5,5,,0,,He packed his clothes in a big bag.
15381,A2,everyday,5.000,5,5,5,,0,,Tell me when you’re ready to leave.
16222,A2,everyday,5.000,5,5,5,,0,,I spilled coffee all over my shirt.
16416,A2,everyday,5.000,5,5,5,,0,,The product isn’t working properly.
17383,A2,everyday,5.000,5,5,5,,0,,I go to the gym three times a week.
18995,A2,everyday,5.000,5,5,5,,0,,"Please, could you tell me the time?"
19026,A2,everyday,5.000,5,5,5,,0,excellent weather/reported speech,She said it might rain later today.
20121,A2,everyday,5.000,5,5,5,,0,,"Ok, I’ll call you tomorrow morning."
20761,A2,everyday,5.000,5,5,5,,0,,Is the bus late again this morning?
21139,A2,everyday,5.000,5,5,5,,0,,I need to shop for groceries today.
463,A2,everyday,5.000,5,5,5,,0,,"I’m all right, thank you for asking."
846,A2,everyday,5.000,5,5,5,,0,,He drinks black coffee without milk.
1693,A2,everyday,5.000,5,5,5,,0,,There is a small park near my house.
1710,A2,everyday,5.000,5,5,5,,0,,I’m a little worried about the test.
1763,A2,everyday,5.000,5,5,5,,0,,He dropped his phone on the counter.
3585,A2,everyday,5.000,5,5,5,,0,,Transport services stop at midnight.
5982,A2,everyday,5.000,5,5,5,,0,,I added an item to my shopping list.
6187,A2,everyday,5.000,5,5,5,,0,highly useful medical scenario,We waited at the hospital for hours.
9097,A2,everyday,5.000,5,5,5,,0,,Put the phone down and listen to me!
9156,A2,everyday,5.000,5,5,5,,0,,I love cooking dinner for my family.
9685,A2,everyday,5.000,5,5,5,,0,,Let’s do something fun this weekend!
10390,A2,everyday,5.000,5,5,5,,0,Very common and clear request.,Can you close the window? It’s cold.
10610,A2,everyday,5.000,5,5,5,,0,,I’m going to try on these jeans now.
10744,A2,everyday,5.000,5,5,5,,0,core daily routine,She woke up at eight in the morning.
11052,A2,everyday,5.000,5,5,5,,0,,Will you join us for dinner tonight?
11685,A2,everyday,5.000,5,5,5,,0,,I’ll wait for you near the entrance.
12327,A2,everyday,5.000,5,5,5,,0,,She drank a cup of tea after dinner.
13220,A2,everyday,5.000,5,5,5,,0,Essential transport phrase,The next bus arrives in ten minutes.
13510,A2,everyday,5.000,5,5,5,,0,,I didn’t know you were coming today!
13522,A2,everyday,5.000,5,5,5,,0,,I know someone who can fix your car.
14335,A2,everyday,5.000,5,5,5,,0,practical everyday phrase,We’re out of milk; can you buy some?
15170,A2,everyday,5.000,5,5,5,,0,excellent apology phrase,"She said, ‘I made a mistake, sorry.’"
15252,A2,everyday,5.000,5,5,5,,0,,I waited at the station for an hour.
15453,A2,everyday,5.000,5,5,5,,0,very practical everyday phrase,Do you need anything from the store?
16008,A2,everyday,5.000,5,5,5,,0,,"Everything will be fine, just relax."
17023,A2,everyday,5.000,5,5,5,,0,,I stopped by her house to say hello.
17535,A2,everyday,5.000,5,5,5,,0,,Everything you need is on the table.
18254,A2,everyday,5.000,5,5,5,,0,,I ate chicken for dinner last night.
19082,A2,everyday,5.000,5,5,5,,0,Core everyday request with high utility,"Can I have a glass of water, please?"
20153,A2,everyday,5.000,5,5,5,,0,,"I’m allergic to milk, so I avoid it."
20561,A2,everyday,5.000,5,5,5,,0,,There is no milk left in the fridge.
21412,A2,everyday,5.000,5,5,5,,0,natural social sharing question,Do you want to share a meal with me?
467,A2,everyday,5.000,5,5,5,,0,,"It’s all right, don’t worry about it."
1274,A2,everyday,5.000,5,5,5,,0,,I can see better with my new glasses.
6449,A2,everyday,5.000,5,5,5,,0,"extremely natural, universal tech phrase",The user can log in with their email.
7647,A2,everyday,5.000,5,5,5,,0,,I switched my route to avoid traffic.
9255,A2,everyday,5.000,5,5,5,,0,excellent,"She said, 'Call me when you’re free.'"
11654,A2,everyday,5.000,5,5,5,,0,,He was a little upset about the news.
12225,A2,everyday,5.000,5,5,5,,0,,I wake up at 6 o'clock every morning.
12491,A2,everyday,5.000,5,5,5,,0,,I told my daughter to clean her room.
12532,A2,everyday,5.000,5,5,5,,0,"extremely natural, high-utility daily phrase",The soup is too hot to eat right now.
12734,A2,everyday,5.000,5,5,5,,0,,Is there any milk left in the fridge?
13761,A2,everyday,5.000,5,5,5,,0,,"Hi, do you want to join us for lunch?"
14079,A2,everyday,5.000,5,5,5,,0,,She is cutting an onion for the soup.
14491,A2,everyday,5.000,5,5,5,,0,,She cooked a delicious dinner for us.
15149,A2,everyday,5.000,5,5,5,,0,universal reassurance phrase,"Don’t worry, everyone makes mistakes."
15389,A2,everyday,5.000,5,5,5,,0,,Let me know when the package arrives.
16960,A2,everyday,5.000,5,5,5,,0,,I need to stop at the store for milk.
17241,A2,everyday,5.000,5,5,5,,0,excellent finance habit,She saves a little money every month.
18687,A2,everyday,5.000,5,5,5,,0,,She cares about her family very much.
18984,A2,everyday,5.000,5,5,5,,0,,Please don’t forget to call me later.
20125,A2,everyday,5.000,5,5,5,,0,,"Ok, let me know if you need anything."
20523,A2,everyday,5.000,5,5,5,,0,natural conditional question,What will you do if you miss the bus?
760,A2,everyday,5.000,5,5,5,,0,,"He broke his promise, and I was upset."
838,A2,everyday,5.000,5,5,5,,0,,I usually drink coffee in the morning.
4796,A2,everyday,5.000,5,5,5,,0,,I need to pick up my kids from school.
4809,A2,everyday,5.000,5,5,5,,0,,I picked up some bread from the store.
6223,A2,everyday,5.000,5,5,5,,0,,Put on your coat before going outside.
9244,A2,everyday,5.000,5,5,5,,0,,He calls his grandmother every Sunday.
9959,A2,everyday,5.000,5,5,5,,0,,He cooked a delicious meal last night.
11230,A2,everyday,5.000,5,5,5,,0,,She hurt her arm while playing soccer.
11523,A2,everyday,5.000,5,5,5,,0,,She is trying on a dress in the store.
12283,A2,everyday,5.000,5,5,5,,0,,I will ask the doctor about my health.
12945,A2,everyday,5.000,5,5,5,,0,,Going to the gym helps me feel better.
12986,A2,everyday,5.000,5,5,5,,0,Common polite request.,"Can you carry this bag for me, please?"
13355,A2,everyday,5.000,5,5,5,,0,"natural reassurance, widely useful",Don’t be sad; tomorrow will be better!
14436,A2,everyday,5.000,5,5,5,,0,,I went to a nice restaurant yesterday.
14508,A2,everyday,5.000,5,5,5,,0,excellent household phrase,"She said, 'Dinner will be ready soon.'"
14556,A2,everyday,5.000,5,5,5,,0,,Let’s not talk about the past anymore.
15047,A2,everyday,5.000,5,5,5,,0,,There is too much pepper in this dish.
15592,A2,everyday,5.000,5,5,5,,0,,My doctor’s appointment is on Tuesday.
15739,A2,everyday,5.000,5,5,5,,0,natural meetup suggestion,Do you want to meet at the park later?
16007,A2,everyday,5.000,5,5,5,,0,,I’m fine with waiting a little longer.
20154,A2,everyday,5.000,5,5,5,,0,,The recipe calls for two cups of milk.
20692,A2,everyday,5.000,5,5,5,,0,,He walked down the street to the shop.
21325,A2,everyday,5.000,5,5,5,,0,,"Goodbye, and thank you for everything!"
7611,A2,everyday,5.000,5,5,5,,0,,Switch off your phone during the movie.
8251,A2,everyday,5.000,5,5,5,,0,,Have you got any plans for the weekend?
9144,A2,everyday,5.000,5,5,5,,0,,I don’t like to talk about my problems.
9600,A2,everyday,5.000,5,5,5,,0,Very common everyday request.,Can you buy some milk on your way home?
9809,A2,everyday,5.000,5,5,5,,0,,I broke my phone screen by dropping it.
10077,A2,everyday,5.000,5,5,5,,0,,I hate getting up early in the morning.
10388,A2,everyday,5.000,5,5,5,,0,,Please close the door before you leave.
10676,A2,everyday,5.000,5,5,5,,0,,He doesn’t understand the language yet.
11057,A2,everyday,5.000,5,5,5,,0,,Why don’t you come with us to the park?
11256,A2,everyday,5.000,5,5,5,,0,,I bought a new pair of shoes yesterday.
11466,A2,everyday,5.000,5,5,5,,0,,Will you come to the party this Friday?
12037,A2,everyday,5.000,5,5,5,,0,,I’m going to take a bath before dinner.
14030,A2,everyday,5.000,5,5,5,,0,,I will bring some snacks for the party.
14041,A2,everyday,5.000,5,5,5,,0,,He asked me to bring him some medicine.
14186,A2,everyday,5.000,5,5,5,,0,Essential household phrase,The light in the kitchen isn’t working.
14518,A2,everyday,5.000,5,5,5,,0,,He cut the cake to share with everyone.
14564,A2,everyday,5.000,5,5,5,,0,,I didn’t have time for lunch yesterday.
14814,A2,everyday,5.000,5,5,5,,0,excellent health advice,Sleep early if you want to feel better.
15179,A2,everyday,5.000,5,5,5,,0,,I’m looking for something cheap to buy.
16274,A2,everyday,5.000,5,5,5,,0,,I enjoy walking in the park after work.
17166,A2,everyday,5.000,5,5,5,,0,,Playing sports is good for your health.
18527,A2,everyday,5.000,5,5,5,,0,"highly natural, high utility",We went shopping in the city yesterday.
20506,A2,everyday,5.000,5,5,5,,0,natural practical weather reminder,Don’t forget to wear a coat; it’s cold!
20777,A2,everyday,5.000,5,5,5,,0,,He forgot his bag on the bus yesterday.
1240,A2,everyday,5.000,5,5,5,,0,,He is feeling better after the medicine.
5202,A2,everyday,5.000,5,5,5,,0,"natural, relatable",The flight delay made us wait for hours.
7150,A2,everyday,5.000,5,5,5,,0,,I will stay at the hotel for two nights.
9598,A2,everyday,5.000,5,5,5,,0,,She buys fresh vegetables every weekend.
9802,A2,everyday,5.000,5,5,5,,0,,Let’s take a break and have some coffee.
10113,A2,everyday,5.000,5,5,5,,0,,She asked me if I was free this evening.
10228,A2,everyday,5.000,5,5,5,,0,polite request archetype,"She said, ‘I’d like some juice, please.’"
10850,A2,everyday,5.000,5,5,5,,0,,Is this shirt available in a large size?
11054,A2,everyday,5.000,5,5,5,,0,classic practical reminder,Don’t forget to call us when you arrive.
11638,A2,everyday,5.000,5,5,5,,0,,I have a little money left for shopping.
11647,A2,everyday,5.000,5,5,5,,0,Essential learner phrase with broad reuse.,"Could you speak a little slower, please?"
11967,A2,everyday,5.000,5,5,5,,0,,I bought a bottle of water at the store.
12052,A2,everyday,5.000,5,5,5,,0,,Is your internet connection fast enough?
12116,A2,everyday,5.000,5,5,5,,0,Very reusable shopping advice.,Check the price before you buy anything.
16122,A2,everyday,5.000,5,5,5,,0,,I use my phone a lot throughout the day.
17641,A2,everyday,5.000,5,5,5,,0,,"I will call you in thirty minutes, okay?"
18396,A2,everyday,5.000,5,5,5,,0,,There’s a little shop around the corner.
20393,A2,everyday,5.000,5,5,5,,0,,She is walking with her dog in the park.
20774,A2,everyday,5.000,5,5,5,,0,,Please get off the bus at the next stop.
21246,A2,everyday,5.000,5,5,5,,0,,It’s wonderful to see you after so long!
1083,A2,everyday,5.000,5,5,5,,0,,I have to pick up my brother from school.
1261,A2,everyday,5.000,5,5,5,,0,,I feel better after a good night’s sleep.
3234,A2,everyday,5.000,5,5,5,,0,,I will drive you to the airport tomorrow.
4822,A2,everyday,5.000,5,5,5,,0,,I picked a gift for my friend’s birthday.
7600,A2,everyday,5.000,5,5,5,,0,,I need to switch my phone to silent mode.
10236,A2,everyday,5.000,5,5,5,,0,,She missed her flight because of traffic.
11596,A2,everyday,5.000,5,5,5,,0,practical health advice,Don’t eat so quickly; you might get sick.
12234,A2,everyday,5.000,5,5,5,,0,natural time-telling phrase,What time is it? Is it already 2 o'clock?
12338,A2,everyday,5.000,5,5,5,,0,,She asked me to bring her a cup of water.
12636,A2,everyday,5.000,5,5,5,,0,practical seasonal health reminder,Don't forget to wear sunscreen in summer!
12872,A2,everyday,5.000,5,5,5,,0,,The shop is just past the traffic lights.
14203,A2,everyday,5.000,5,5,5,,0,Essential household phrase,The light bulb needs to be replaced soon.
15177,A2,everyday,5.000,5,5,5,,0,,There’s something wrong with my computer.
19074,A2,everyday,5.000,5,5,5,,0,practical health advice,Don’t swim right after eating a big meal.
9528,A2,everyday,5.000,5,5,5,,0,,"I’ll be ready in a few moments, just wait!"
11756,A2,everyday,5.000,5,5,5,,0,,I hope I didn’t forget anything important.
12484,A2,everyday,5.000,5,5,5,,0,,I bought a gift for my daughter yesterday.
12703,A2,everyday,5.000,5,5,5,,0,,Have some water if you’re feeling thirsty.
14024,A2,everyday,5.000,5,5,5,,0,Very common polite request.,"Can you bring me a glass of water, please?"
16907,A2,everyday,5.000,5,5,5,,0,practical food offer with food vocab,Do you want a sandwich with cheese or ham?
16965,A2,everyday,5.000,5,5,5,,0,,The bus stops near my house every morning.
17460,A2,everyday,5.000,5,5,5,,0,,Please turn off the lights before leaving.
19404,A2,everyday,5.000,5,5,5,,0,,Make sure to drink enough water every day.
1099,A2,everyday,5.000,5,5,5,,0,,I forgot to pick up my keys before leaving.
4816,A2,everyday,5.000,5,5,5,,0,Highly reusable everyday errand request,Can you pick up some milk on your way home?
9584,A2,everyday,5.000,5,5,5,,0,natural present perfect continuous,We’ve been waiting all morning for the bus.
9728,A2,everyday,5.000,5,5,5,,0,,Will you be free this afternoon to help me?
10726,A2,everyday,5.000,5,5,5,,0,,"I was tired earlier, but I feel better now."
14833,A2,everyday,5.000,5,5,5,,0,"keep - natural, high utility",The doctor advised more sleep for recovery.
15375,A2,everyday,5.000,5,5,5,,0,core daily routine question,When do you usually wake up in the morning?
16543,A2,everyday,5.000,5,5,5,,0,,I want to order a pizza for dinner tonight.
17644,A2,everyday,5.000,5,5,5,,0,Highly reusable quoted sentence with strong real-life use.,"He said, 'I’ll be there in thirty minutes.'"
17707,A2,everyday,5.000,5,5,5,,0,,I’ll call you once I arrive at the airport.
19002,A2,everyday,5.000,5,5,5,,0,,Please help me carry these bags to the car.
19183,A2,everyday,5.000,5,5,5,,0,,The waiter handed us the bill after dinner.
20582,A2,everyday,5.000,5,5,5,,0,,I received a text from my friend yesterday.
21308,A2,everyday,5.000,5,5,5,,0,very natural casual invitation,Do you want to grab a quick lunch together?
9763,A2,everyday,5.000,5,5,5,,0,,I guess we’ll have to wait for the next bus.
10949,A2,everyday,5.000,5,5,5,,0,core introductory question,What’s your hobby? Can you tell me about it?
11487,A2,everyday,5.000,5,5,5,,0,,I always eat breakfast before going to work.
13758,A2,everyday,5.000,5,5,5,,0,,"Hi, I was wondering if you’re free tomorrow."
15454,A2,everyday,5.000,5,5,5,,0,,I don’t have anything to wear for the party.
19853,A2,everyday,5.000,5,5,5,,0,,I lost my credit card at the mall yesterday.
1115,A2,everyday,5.000,5,5,5,,0,,I will pick up some groceries on my way home.
13035,A2,everyday,5.000,5,5,5,,0,,"To stay healthy, it’s best to eat fresh food."
16488,A2,everyday,5.000,5,5,5,,0,keep - practical scheduling phrase,The doctor’s appointment is set for Thursday.
5204,A2,everyday,5.000,5,5,5,,0,,Sorry for the delay in replying to your email.
15219,A2,everyday,5.000,5,5,5,,0,very practical travel/daily reminder,Don’t forget to check your bag before leaving.
17654,A2,everyday,5.000,5,5,5,,0,,I can’t meet you on Saturday because I’m busy.
21061,A2,everyday,5.000,5,5,5,,0,,There is a long line at the supermarket today.
16956,A2,everyday,5.000,5,5,5,,0,Very common excuse context; excellent learner value.,He said he was late because his car broke down.
17892,A2,everyday,5.000,5,5,5,,0,,I probably lost my keys somewhere in the house.
18312,A2,everyday,5.000,5,5,5,,0,,I don’t watch the news because it’s depressing.
18498,A2,everyday,5.000,5,5,5,,0,,The park is between the school and the library.
9505,A2,everyday,5.000,5,5,5,,0,,She gave me a box of chocolates for my birthday.
19351,A2,everyday,5.000,5,5,5,,0,"natural, practical","The front entrance is closed, use the side door."
11805,A2,everyday,5.000,5,5,5,,0,,Thanks for waiting for me; I’m so sorry I’m late.
14686,A2,everyday,5.000,5,5,5,,0,"practical, natural",The fitness centre is open from 6 a.m. to 10 p.m.
21315,A2,everyday,5.000,5,5,5,,0,,Just tell me if you want anything from the store.
10057,A2,everyday,5.000,5,5,5,,0,"High utility, everyday phrase","Your phone is ringing—could you answer it, please?"
16511,A2,everyday,5.000,5,5,5,,0,,I’m helping my grandmother with the shopping today.
16427,A2,everyday,5.000,5,5,5,,0,,Please read the instructions before using the product.
244,A2,technology,4.000,4,4,4,,0,,The official app is free to download.
1605,A2,technology,4.000,4,4,4,,0,,This app has a basic version for free.
3587,A2,technology,4.000,4,4,4,,0,"natural, modern practical phrase",The transport app helps me find buses.
6071,A2,technology,4.000,4,4,4,,0,,This shirt has a defect on the sleeve.
1071,A2,technology,4.000,4,4,4,,0,,This device has a limited battery capacity.
9696,A2,technology,4.100,5,4,5,9078,1,,Put the lamp on the desk.
19747,A2,technology,4.100,5,4,5,7554,1,near-dup app cluster,The app works well on my phone.
14624,A2,technology,4.100,5,4,5,15202,1,,I left my phone behind at the hotel.
3614,A2,technology,4.200,4,4,5,,1,near-dup transport cluster; id 3587 preferred,The transport map is very helpful.
7550,A2,technology,4.200,5,3,5,,0,"Current and clear, though somewhat specific",Do you have a weather app?
8292,A2,technology,4.200,4,4,5,,0,,I checked the map for directions.
4734,A2,technology,4.200,5,3,5,,0,Natural help request; moderately useful,Can you help me solve this puzzle?
7250,A2,technology,4.200,5,3,5,,0,,He is printing a map for the trip.
8248,A2,technology,4.200,4,4,5,,0,,I didn’t receive any messages today.
14130,A2,technology,4.200,5,3,5,,0,Natural tech question with moderate reuse,Do you have a mouse for your computer?
8440,A2,technology,4.200,4,4,5,,0,,I will install a new version of the app.
2097,A2,technology,4.200,5,3,5,,0,"Natural computer-related request, moderately useful.",Can you minimize the window on your computer?
1305,A2,technology,4.200,4,4,5,,0,,She blamed her phone for not working properly.
6068,A2,technology,4.400,5,4,4,,0,,There is a defect in this toy.
8262,A2,technology,4.400,5,4,4,,0,,I need a map to find the hotel.
8416,A2,technology,4.400,5,4,4,,0,Modern practical request; 'software' is broadly known,Can you help me install this software?
1147,A2,technology,4.400,5,4,4,,0,,The computer is dead; it crashed again.
7562,A2,technology,4.500,5,5,5,7552,1,,I use an app to plan my day.
8287,A2,technology,4.500,5,5,5,8270,1,Near-dup of map shows pattern; keep 2,The map shows the shortest route.
12506,A2,technology,4.500,5,5,5,12052,1,,Is your internet connection fast?
4444,A2,technology,4.600,5,4,5,,1,near-dup tournament cluster; exceed reps cap,The tournament will be on TV.
10919,A2,technology,4.600,5,4,5,,0,,I recorded a video yesterday.
977,A2,technology,4.600,5,4,5,,0,,The car is fully repaired now.
7190,A2,technology,4.600,5,4,5,,0,,I use my tablet to take notes.
11873,A2,technology,4.600,5,4,5,,0,Common modern help question.,Do you know how to use this app?
8420,A2,technology,4.600,5,4,5,,0,,I want to install a game on my computer.
90,A2,technology,4.600,5,4,5,,0,,You see electric cars everywhere nowadays.
8421,A2,technology,4.600,5,4,5,,0,"natural, practical tech service phrase",The technician will install the new router.
20681,A2,technology,4.600,5,4,5,,0,,I took a photo of a rare flower on my trip.
18745,A2,technology,4.600,5,4,5,,0,,Make sure the battery is full before leaving.
7640,A2,technology,4.600,5,4,5,,0,,I will switch my subscription to a better plan.
12695,A2,technology,4.800,5,5,4,,0,practical travel phrase,We have already booked our tickets online.
7207,A2,technology,5.000,5,5,5,,0,"extremely natural, high-utility tech phrase",The tablet battery is low.
8305,A2,technology,5.000,5,5,5,,0,,I use a map app on my phone.
18475,A2,technology,5.000,5,5,5,,0,,I forgot the password for my account.
7759,A2,technology,5.000,5,5,5,,0,,Turn on airplane mode before the flight.
5214,A2,technology,5.000,5,5,5,,0,"very natural, high utility",The delay was caused by a technical problem.
17504,A2,technology,5.000,5,5,5,,0,,Let’s check the weather online before leaving.
18446,A2,health,4.400,5,4,4,,0,natural sports phrase,We played football yesterday in the park.
9813,A2,health,4.400,5,4,4,,0,natural,"She said, 'I need a break from all this stress.'"
21334,A2,health,4.500,5,5,5,21325,1,,"Goodbye, take care of yourself!"
11748,A2,health,4.500,5,5,5,19726,1,,I hope you’re feeling better soon.
14314,A2,health,4.500,5,5,5,1694,1,,I’m a little tired after the long walk.
20925,A2,health,4.500,5,5,5,15114,1,near-dup of 'said I need rest',The doctor said to come back next week.
11646,A2,health,4.500,5,5,5,1694,1,,I’m feeling a little tired after the trip.
17810,A2,health,4.500,5,5,5,11596,1,similar health advice pattern,Don’t eat too much salt; it’s bad for your health.
8057,A2,health,4.600,5,4,5,,0,,I have very dry skin.
8067,A2,health,4.600,5,4,5,,0,,He has a skin allergy.
16622,A2,health,4.600,5,4,5,,0,"Simple, common question with good reuse.",Do they know how to swim?
14809,A2,health,4.600,5,4,5,,0,,I need some sleep tonight.
18288,A2,health,4.600,5,4,5,,0,,The baby was born last week.
8621,A2,health,4.600,5,4,5,,0,"natural, versatile (medical/school)",The test result was positive.
12934,A2,health,4.600,5,4,5,,0,Common lifestyle question.,Do you like going to the gym?
12956,A2,health,4.600,5,4,5,,0,,Is there a gym in this hotel?
12576,A2,health,4.600,5,4,5,,0,,He is very strong for his age.
1258,A2,health,4.600,5,4,5,,0,,My health is better this month.
7552,A2,health,4.600,5,4,5,,0,,I use an app to track my steps.
8081,A2,health,4.600,5,4,5,,0,Common weather/body complaint.,Cold weather makes my skin dry.
10042,A2,health,4.600,5,4,5,,0,Natural household/health phrase,The medicine is on the counter.
12466,A2,health,4.600,5,4,5,,0,,Smoking is bad for your health.
12987,A2,health,4.600,5,4,5,,0,,She carries her baby in her arms.
16576,A2,health,4.600,5,4,5,,0,,I want to stay healthy this year.
17066,A2,health,4.600,5,4,5,,0,,Have you ever had a tooth filled?
20232,A2,health,4.600,5,4,5,,0,"Common caring farewell, easy to translate","Bye, I hope you feel better soon."
20991,A2,health,4.600,5,4,5,,0,,The boy was tired after the game.
9215,A2,health,4.600,5,4,5,,0,,I will train hard to win the race.
13451,A2,health,4.600,5,4,5,,0,,I hope nothing bad happens to you.
15073,A2,health,4.600,5,4,5,,0,,The water in the pool is too cold!
15382,A2,health,4.600,5,4,5,,0,natural health check-in,When did you last see your doctor?
18303,A2,health,4.600,5,4,5,,0,,I hope the baby feels better soon.
19278,A2,health,4.600,5,4,5,,0,Useful observation about condition today.,Her voice sounds very tired today.
19726,A2,health,4.600,4,5,5,,0,,I hope you are feeling well today.
10749,A2,health,4.600,5,4,5,,0,Common routine statement; highly portable.,He runs eight kilometers every day.
12940,A2,health,4.600,5,4,5,,0,"keep - natural, relatable",The gym was very crowded yesterday.
13130,A2,health,4.600,5,4,5,,0,,Have you ever visited a hot spring?
11233,A2,health,4.600,5,4,5,,0,,My arm feels sore after the workout.
15388,A2,health,4.600,5,4,5,,0,,"When you feel sick, you should rest."
17074,A2,health,4.600,5,4,5,,0,Useful health complaint; natural everyday wording.,"He said, 'My tooth is bothering me.'"
1899,A2,health,4.600,5,4,5,,0,,I heard a pop in my knee when I fell.
7940,A2,health,4.600,5,4,5,,0,Natural medical question with practical use,Can the doctor diagnose my back pain?
17059,A2,health,4.600,5,4,5,,0,,He needs to fix his broken tooth soon.
18243,A2,health,4.600,5,4,5,,0,"Natural, socially useful",The hospital staff were very kind to us.
9938,A2,health,4.600,5,4,5,,0,Useful caregiving instruction.,"Here, take this medicine if you feel sick."
12434,A2,health,4.600,5,4,5,,0,,Laughing with friends makes me feel happy.
15710,A2,health,4.600,5,4,5,,0,Very natural and broadly useful after-travel phrase.,"After the long trip, we were all exhausted."
12511,A2,health,4.600,5,4,5,,0,,She isn’t as fast as her brother in swimming.
12536,A2,health,4.600,5,4,5,,0,,Soup is perfect when you're not feeling well.
16202,A2,health,4.600,5,4,5,,0,,"I was sick last week, and now I’m sick again."
103,A2,health,4.600,5,4,5,,0,,Taking a walk in the park is good for your health.
9380,A2,health,4.600,5,4,5,,0,"natural, practical healthcare phrase",The treatment at the hospital was quite expensive.
16961,A2,health,4.600,5,4,5,,0,motivational sports instruction,Don’t stop running until you reach the finish line!
20128,A2,health,4.800,5,5,4,,0,,"I’m ok now, thanks for asking."
12229,A2,health,4.800,5,5,4,,0,highly practical phrase,We have a doctor’s appointment at 10 o'clock.
11229,A2,health,5.000,5,5,5,,0,,I hurt my arm.
9181,A2,health,5.000,5,5,5,,0,,He is very friendly.
12176,A2,health,5.000,5,5,5,,0,,You look tired today.
10736,A2,health,5.000,5,5,5,,0,,I’m not feeling well now.
12937,A2,health,5.000,5,5,5,,0,,Where is the nearest gym?
11237,A2,health,5.000,5,5,5,,0,,I broke my arm last summer.
12665,A2,health,5.000,5,5,5,,0,,Why are you so tired today?
9150,A2,health,5.000,5,5,5,,0,,Talk to me if you feel upset.
17394,A2,health,5.000,5,5,5,,0,,I’ve been sick for a week now.
13639,A2,health,5.000,5,5,5,,0,,I want to see a doctor tomorrow.
17569,A2,health,5.000,5,5,5,,0,natural health-related planning phrase,When are we going to the doctor?
10533,A2,health,5.000,5,5,5,,0,,Why don’t we go for a walk later?
12953,A2,health,5.000,5,5,5,,0,"keep - practical, natural",The gym opens at 6 a.m. every day.
7929,A2,health,5.000,5,5,5,,0,"keep - practical, natural",The doctor diagnosed a common cold.
9138,A2,health,5.000,5,5,5,,0,,I will talk to the doctor tomorrow.
9730,A2,health,5.000,5,5,5,,0,,Let’s go for a walk this afternoon.
12251,A2,health,5.000,5,5,5,,0,,I took the day off to rest at home.
15114,A2,health,5.000,5,5,5,,0,keep - very natural,The doctor said I need a short rest.
14773,A2,health,5.000,5,5,5,,0,,Take care of yourself during the trip.
12393,A2,health,5.000,5,5,5,,0,"keep - very natural, high utility",The doctor will see you in ten minutes.
17242,A2,health,5.000,5,5,5,,0,,You should drink water every few hours.
20533,A2,health,5.000,5,5,5,,0,,"If you’re sick, you should see a doctor."
15610,A2,health,5.000,5,5,5,,0,,"She looks hungry, let’s get her some food."
9733,A2,health,5.000,5,5,5,,0,,I have a doctor’s appointment this afternoon.
16695,A2,health,5.000,5,5,5,,0,,Having enough rest is important for your health.
18256,A2,health,5.000,5,5,5,,0,,She doesn’t eat chicken because she’s vegetarian.
19306,A2,health,5.000,5,5,5,,0,,She isn’t coming to the event because she’s sick.
15404,A2,numbers,4.100,5,4,5,15400,1,,They have been married for ten years.
7463,A2,numbers,4.100,5,4,5,7494,1,,One pound is equivalent to about 0.45 kilograms.
10752,A2,numbers,4.200,4,4,5,,0,natural social number usage,Eight of us are going to the party.
10762,A2,numbers,4.200,4,4,5,,0,,I will meet you after eight tomorrow.
19044,A2,numbers,4.200,4,4,5,,0,practical direction/travel statement,Driving north takes about five hours.
14672,A2,numbers,4.200,5,3,5,,0,,My brother and I have the same birthday.
19561,A2,numbers,4.400,5,4,4,,0,Common request; 'number' slightly context-dependent,Can you give me his number?
9783,A2,numbers,4.400,5,4,4,,0,,I’m saving up for a new phone.
14054,A2,numbers,4.400,5,4,4,,0,"natural, distance + direction",We walked half a mile to the store.
11720,A2,numbers,4.400,5,4,4,,0,"natural, practical travel phrase; 'Paris' is universal reference",The ticket to Paris is very expensive.
20765,A2,numbers,4.400,5,4,4,,0,,The bus ticket costs only two dollars.
10758,A2,numbers,4.400,5,4,4,,0,reported speech with time,She said she would call at eight o’clock.
9273,A2,numbers,4.400,5,4,4,,0,natural colloquial exaggeration + question tag,"We’ve walked a million steps on this trip, haven’t we?"
10544,A2,numbers,4.500,5,5,5,15867,1,,How much does this ticket cost?
15431,A2,numbers,4.600,5,4,5,,0,,This camera is very expensive!
1082,A2,numbers,4.600,5,4,5,,0,,Pick a number between 1 and 10.
2298,A2,numbers,4.600,5,4,5,,0,"Common practical question, broadly useful",Do you have any money with you?
16369,A2,numbers,4.600,5,4,5,,0,,Is your brother older than you?
9759,A2,numbers,4.600,5,4,5,,0,,Guess how much this phone costs!
1699,A2,numbers,4.600,4,5,5,,0,,I have little money in my wallet.
2296,A2,numbers,4.600,5,4,5,,0,,I found some money on the sidewalk.
15807,A2,numbers,4.600,5,4,5,,0,,I was only six years old when we moved.
17631,A2,numbers,4.600,5,4,5,,0,Common shopping topic; practical and clear.,He saved thirty percent on his new phone.
15804,A2,numbers,4.600,5,4,5,,0,natural number use,Six of us are going to the concert tonight.
17228,A2,numbers,4.600,5,4,5,,0,,The club fees are quite expensive this year.
17629,A2,numbers,4.600,5,4,5,,0,,Thirty people attended the party last night.
11732,A2,numbers,4.800,5,5,4,,0,,This ticket costs more than I expected!
16286,A2,numbers,5.000,5,5,5,,0,,How old is your child?
21231,A2,numbers,5.000,5,5,5,,0,,Let’s meet around 5 p.m. today.
15793,A2,numbers,5.000,5,5,5,,0,,There are six people in my family.
15869,A2,numbers,5.000,5,5,5,,0,"natural, highly practical transaction phrase",The ticket costs only ten dollars.
16392,A2,numbers,5.000,5,5,5,,0,Essential commerce/price phrase,The museum ticket costs ten dollars.
10252,A2,numbers,5.000,5,5,5,,0,"natural, practical",The flight duration is only three hours.
21395,A2,numbers,5.000,5,5,5,,0,highly useful travel phrase,We will stay at the hotel for three nights.
9211,A2,travel,4.500,5,5,5,13660,1,,She is waiting for her train at the station.
328,A2,travel,4.600,5,4,5,,0,,This is a long road.
313,A2,travel,4.600,5,4,5,,0,,This car is very fast.
8272,A2,travel,4.600,5,4,5,,0,,Look at the map before we go.
16443,A2,travel,4.600,5,4,5,,0,,Will you travel in September?
8271,A2,travel,4.600,5,4,5,,0,"Common travel question, cleanly translatable",Do you have a map of the city?
9470,A2,travel,4.600,5,4,5,,0,natural travel/hospitality phrase,Welcome aboard our cruise ship!
3524,A2,travel,4.600,5,4,5,,0,,The port is near the city center.
9207,A2,travel,4.600,5,4,5,,0,,I see a train outside the window.
11123,A2,travel,4.600,5,4,5,,0,,The plane ride was bumpy but safe.
16571,A2,travel,4.600,5,4,5,,0,travel vocab,She stayed in a hotel during her trip.
8964,A2,travel,4.600,5,4,5,,0,,Flying to tropical islands is my dream.
16818,A2,travel,4.600,5,4,5,,0,,"Yeah, I wish I could travel more often."
21296,A2,travel,4.600,5,4,5,,0,,They want to travel to Japan next year.
13459,A2,travel,4.600,5,4,5,,0,,She didn’t check her bag at the airport.
17935,A2,travel,4.600,5,4,5,,0,natural travel phrase with direction,We traveled north for our summer vacation.
5432,A2,travel,4.600,5,4,5,,0,,This bus is full; let’s wait for the other.
19187,A2,travel,4.600,5,4,5,,0,,The bill for the hotel stay was reasonable.
18735,A2,travel,4.600,5,4,5,,0,"natural, practical travel phrase",The tank must be full before we start the trip.
21117,A2,travel,4.800,5,5,4,,0,highly practical travel phrase,We need to get to the airport by 5 p.m.
17894,A2,travel,4.800,5,5,4,,0,practical travel phrase,We’ll probably arrive at the airport by noon.
9212,A2,travel,4.800,5,5,4,,0,highly practical travel phrase,We didn’t catch the train because we were late.
1080,A2,travel,5.000,5,5,5,,0,Very common everyday scheduling request,Can you pick me up at 5 p.m.?
18178,A2,travel,5.000,5,5,5,,0,,Is there a pool at the hotel?
13296,A2,travel,5.000,5,5,5,,0,,He forgot his passport at home.
20320,A2,travel,5.000,5,5,5,,0,,I will meet you at the airport.
20884,A2,travel,5.000,5,5,5,,0,"natural, high utility travel plan",We will visit Paris next summer.
7166,A2,travel,5.000,5,5,5,,0,Essential travel phrase,The hotel is far from the airport.
8270,A2,travel,5.000,5,5,5,,0,Essential navigation phrase,The map shows the way to the park.
21387,A2,travel,5.000,5,5,5,,0,,Is there a hotel near the airport?
11312,A2,travel,5.000,5,5,5,,0,,"Yes, I will meet you at the airport."
14390,A2,travel,5.000,5,5,5,,0,,"If you’re late, you’ll miss the bus."
17565,A2,travel,5.000,5,5,5,,0,,When will you arrive at the airport?
20044,A2,travel,5.000,5,5,5,,0,"natural, high-utility transport phrase",The train arrived early this morning.
11101,A2,travel,5.000,5,5,5,,0,,The plane landed safely at the airport.
18087,A2,travel,5.000,5,5,5,,0,,Is there a room available at the hotel?
9209,A2,travel,5.000,5,5,5,,0,Very useful transit question.,Do you know when the next train arrives?
17015,A2,travel,5.000,5,5,5,,0,"natural, essential public transport phrase",The train will stop at the next station.
13231,A2,travel,5.000,5,5,5,,0,Essential transport phrase,The next train to London leaves at 3 p.m.
20918,A2,travel,5.000,5,5,5,,0,,I’m coming to the airport to pick you up.
17880,A2,social,4.400,5,4,4,,0,"natural, high-frequency",She probably forgot to call me back.
7256,A2,social,4.400,5,4,4,,0,,They are printing flyers for the club.
19148,A2,social,4.400,5,4,4,,0,natural romantic/social memory,We loved watching the sunset together.
17031,A2,social,4.400,5,4,4,,0,natural leisure preference,We enjoy going to the beach on weekends.
15109,A2,social,4.400,5,4,4,,0,natural communication phrase,We had a short conversation on the phone.
17650,A2,social,4.400,5,4,4,,0,natural social plan,We are meeting friends on Saturday evening.
12382,A2,social,4.500,5,5,5,9189,1,,He will call you as soon as he arrives.
19433,A2,social,4.500,5,5,5,20601,1,,"If you’re late, send me a quick message."
17663,A2,social,4.500,5,5,5,9233,1,,I’ll call you on Saturday to confirm the plan.
19320,A2,social,4.500,5,5,5,19305,1,cluster trim,The event will be streamed online for everyone.
169,A2,social,4.600,5,4,5,,0,,He helped me once.
9129,A2,social,4.600,5,4,5,,0,,I want to talk now.
21129,A2,social,4.600,5,4,5,,0,,You got here so fast!
17774,A2,social,4.600,5,4,5,,0,,I want to be a writer.
20222,A2,social,4.600,5,4,5,,0,Natural farewell used often in travel contexts,"Bye, have a safe trip!"
13975,A2,social,4.600,5,4,5,,0,distinct useful variant — asking about country,Do you like my country?
9932,A2,social,4.600,5,4,5,,0,,Is your friend here yet?
195,A2,social,4.600,5,4,5,,0,,He apologized to me once.
3421,A2,social,4.600,5,4,5,,0,,He is interested in cars.
2604,A2,social,4.600,5,4,5,,0,,He gave me a friendly smile.
9781,A2,social,4.600,5,4,5,,0,,Why did you show up so late?
10260,A2,social,4.600,5,4,5,,0,,I want to tell you a secret.
16281,A2,social,4.600,5,4,5,,0,Natural conversational question,You walked all the way here?
2264,A2,social,4.600,5,4,5,,0,keep as anchor of told-me cluster,She told me such a sad story.
3419,A2,social,4.600,5,4,5,,0,Common interest question.,Are you interested in sports?
7553,A2,social,4.600,5,4,5,,0,Modern and broadly reusable,Can you recommend a good app?
8225,A2,social,4.600,5,4,5,,0,Natural social question with good reuse,Do you have any friends here?
14064,A2,social,4.600,5,4,5,,0,,Half of my friends live abroad.
19736,A2,social,4.600,5,4,5,,0,,How well do you know this city?
1277,A2,social,4.600,5,4,5,,0,natural assertive phrase,Don't blame me for your mistake.
4440,A2,social,4.600,5,4,5,,0,"natural, practical event scheduling",The tournament starts next week.
4541,A2,social,4.600,5,4,5,,0,,I ordered a cocktail at the bar.
7219,A2,social,4.600,5,4,5,,0,modern tech,She writes emails on her tablet.
14794,A2,social,4.600,5,4,5,,0,natural question,"She said, 'Is that really true?'"
16247,A2,social,4.600,5,4,5,,0,,Where else can we go for dinner?
19254,A2,social,4.600,5,4,5,,0,,That person isn’t very friendly.
19992,A2,social,4.600,5,4,5,,0,,Will you be traveling next week?
9135,A2,social,4.600,5,4,5,,0,,He talks too loudly on the phone.
9423,A2,social,4.600,5,4,5,,0,,The capital city is very crowded.
9476,A2,social,4.600,5,4,5,,0,natural greeting,Welcome back from your long trip!
16575,A2,social,4.600,5,4,5,,0,,He didn’t stay long at the party.
10419,A2,social,4.600,5,4,5,,0,natural reported speech,She said no when I asked for help.
16367,A2,social,4.600,5,4,5,,0,,I will visit my brother next week.
21393,A2,social,4.600,5,4,5,,0,"Natural, useful social feedback phrase",The hotel staff are very friendly.
714,A2,social,4.600,5,4,5,,0,Common comprehension-check question.,Are you following the conversation?
9109,A2,social,4.600,5,4,5,,0,,I don’t have a boyfriend right now.
17661,A2,social,4.600,5,4,5,,0,"natural, specific day reference",We went to the beach last Saturday.
19421,A2,social,4.600,5,4,5,,0,,I got a funny message this morning.
20237,A2,social,4.600,5,4,5,,0,Natural everyday farewell with practical use,"Bye, I’ll text you when I get home."
20319,A2,social,4.600,5,4,5,,0,natural personal history question,When did you meet your best friend?
620,A2,social,4.600,5,4,5,,0,,This facility is open to the public.
14925,A2,social,4.600,5,4,5,,0,,Why don’t we watch a comedy tonight?
20347,A2,social,4.600,5,4,5,,0,,They like to travel during holidays.
20562,A2,social,4.600,5,4,5,,0,,"No, I don’t want to go to the party."
19061,A2,social,4.600,5,4,5,,0,,They will swim at the beach tomorrow.
2621,A2,social,4.600,5,4,5,,0,Very natural reaction sentence; broadly useful.,He smiled after hearing the good news.
9108,A2,social,4.600,5,4,5,,0,,Is your boyfriend coming to the party?
12231,A2,social,4.600,5,4,5,,0,Natural scheduling phrase.,Can you meet me at 3 o'clock tomorrow?
13844,A2,social,4.600,5,4,5,,0,Natural and practical question for meeting people.,Are you a tourist or do you live here?
15026,A2,social,4.600,5,4,5,,0,natural social obligation phrase,We shouldn’t arrive late to the party.
19090,A2,social,4.600,5,4,5,,0,"Practical everyday request, very natural",Can I use your phone for a quick call?
19734,A2,social,4.600,5,4,5,,0,,I know her well; she’s my best friend.
12543,A2,social,4.600,5,4,5,,0,,He told me he doesn’t like soup at all.
13161,A2,social,4.600,5,4,5,,0,,My son will travel with us next summer.
15378,A2,social,4.600,5,4,5,,0,Natural travel coordination phrase,Call me when you arrive at the airport.
16261,A2,social,4.600,5,4,5,,0,"natural, concrete",We walked along the beach last weekend.
20762,A2,social,4.600,5,4,5,,0,,The bus driver was very friendly today.
764,A2,social,4.600,5,4,5,,0,,Promise me you’ll call if you need help.
11795,A2,social,4.600,5,4,5,,0,,Thanks a lot for the ride to the airport.
12635,A2,social,4.600,5,4,5,,0,,I will visit my grandparents next summer.
13870,A2,social,4.600,5,4,5,,0,Natural modern request,Can you show me the picture on your phone?
15270,A2,social,4.600,5,4,5,,0,,Have you ever been to this station before?
16487,A2,social,4.600,5,4,5,,0,,"On Thursday, we’re traveling to the beach."
18064,A2,social,4.600,5,4,5,,0,Natural and useful in real life.,Did you change your phone number recently?
21042,A2,social,4.600,5,4,5,,0,,Please try to arrive as early as possible.
17753,A2,social,4.600,5,4,5,,0,"Common, clear request with broad real-life use.",Can you write down the phone number for me?
16631,A2,social,4.600,5,4,5,,0,,They said they would meet us at the station.
18258,A2,social,4.600,5,4,5,,0,,The chicken in this restaurant is delicious!
9487,A2,social,4.600,5,4,5,,0,natural social inclusion phrase,Welcome to the group; we’re happy to have you!
10131,A2,social,4.600,5,4,5,,0,natural past tense narrative,We rode a roller coaster at the amusement park.
13931,A2,social,4.600,5,4,5,,0,,You’re welcome to use my laptop if you need it.
8902,A2,social,4.600,5,4,5,,0,,He persuaded his parents to let him stay out late.
10054,A2,social,4.800,5,5,4,,0,,"This is your seat, isn’t it?"
19583,A2,social,4.800,5,5,4,,0,,Will you give me a call later?
16852,A2,social,4.800,5,5,4,,0,Very common modern request.,"Hey, could you send me the link?"
13508,A2,social,4.800,5,5,4,,0,core social/dining phrase,We know a great restaurant nearby.
11777,A2,social,4.800,5,5,4,,0,natural social phrase,We don’t see each other very often.
21072,A2,social,4.800,5,5,4,,0,,I can’t hear you; the line is breaking up.
715,A2,social,5.000,5,5,5,,0,,I promise.
2820,A2,social,5.000,5,5,5,,0,core language-learning phrase,Do you understand me?
20468,A2,social,5.000,5,5,5,,0,,She is my girlfriend.
318,A2,social,5.000,5,5,5,,0,,This is my best friend.
2843,A2,social,5.000,5,5,5,,0,core invitation phrase,Do you want to join us?
13743,A2,social,5.000,5,5,5,,0,,"Hi, where are you from?"
13754,A2,social,5.000,5,5,5,,0,,"Hi, I’ll call you later."
12667,A2,social,5.000,5,5,5,,0,,I haven’t seen her today.
2247,A2,social,5.000,5,5,5,,0,,She is such a kind person.
21321,A2,social,5.000,5,5,5,,0,,Goodbye! Have a safe trip!
2827,A2,social,5.000,5,5,5,,0,essential conversational phrase,What do you think about it?
3420,A2,social,5.000,5,5,5,,0,,She is interested in music.
18133,A2,social,5.000,5,5,5,,0,,I will call my friend later.
13645,A2,social,5.000,5,5,5,,0,,I hope to see you again soon.
21328,A2,social,5.000,5,5,5,,0,,"Goodbye, I’ll call you later."
13875,A2,social,5.000,5,5,5,,0,,Let’s take a picture together!
9103,A2,social,5.000,5,5,5,,0,,She is talking to her boyfriend.
10525,A2,social,5.000,5,5,5,,0,,"I’m busy now, can we chat later?"
12633,A2,social,5.000,5,5,5,,0,,Where are you going this summer?
13301,A2,social,5.000,5,5,5,,0,,Where did you put your passport?
21116,A2,social,5.000,5,5,5,,0,"Excellent everyday question, very reusable.",Did you get my message yesterday?
14399,A2,social,5.000,5,5,5,,0,,I don’t want to stay out too late.
728,A2,social,5.000,5,5,5,,0,,I promise to be there at 5 o’clock.
13298,A2,social,5.000,5,5,5,,0,Common travel/security question.,Do you have your passport with you?
17669,A2,social,5.000,5,5,5,,0,excellent scheduling phrase,She told me she’s free on Saturday.
14449,A2,social,5.000,5,5,5,,0,,This restaurant has an amazing view!
15480,A2,social,5.000,5,5,5,,0,common travel/lifestyle question,Do you love traveling to new places?
18062,A2,social,5.000,5,5,5,,0,,She changed her mind about the trip.
18962,A2,social,5.000,5,5,5,,0,,"Tomorrow, we are going to the beach."
11498,A2,social,5.000,5,5,5,,0,,Have you ever traveled abroad before?
10240,A2,social,5.000,5,5,5,,0,"natural, practical travel",The flight attendant was very helpful.
11342,A2,social,5.000,5,5,5,,0,,I will always help you if you need me.
18144,A2,social,5.000,5,5,5,,0,,I enjoy spending time with my friends.
20943,A2,social,5.000,5,5,5,,0,,Traveling with friends is so much fun!
18152,A2,social,5.000,5,5,5,,0,,Is there a good restaurant around here?
754,A2,social,5.000,5,5,5,,0,,He promises to explain everything later.
13889,A2,social,5.000,5,5,5,,0,,I’ll take a picture of the menu for you.
13986,A2,social,5.000,5,5,5,,0,,Have you ever been to a foreign country?
9289,A2,social,5.000,5,5,5,,0,,I will show you around the city tomorrow.
12737,A2,social,5.000,5,5,5,,0,Highly useful travel/location question.,Are there any good restaurants near here?
8971,A2,social,5.000,5,5,5,,0,,I’m excited about flying to a new country.
15820,A2,social,5.000,5,5,5,,0,,I’m going to visit my family this weekend.
19423,A2,social,5.000,5,5,5,,0,Highly reusable everyday coordination message,Can you send me a message when you arrive?
20394,A2,social,5.000,5,5,5,,0,natural social invitation,Do you want to come with us to the movies?
15263,A2,social,5.000,5,5,5,,0,,He told me to meet him outside the station.
18967,A2,social,5.000,5,5,5,,0,,I’m looking forward to seeing you tomorrow.
20767,A2,social,5.000,5,5,5,,0,excellent,"She said, 'Hurry up, or we’ll miss the bus!'"
10942,A2,social,5.000,5,5,5,,0,,I’m going to share this video with my friends.
13120,A2,environment,4.200,5,3,5,,0,,Spring brings a lot of rain.
16356,A2,environment,4.200,5,3,5,,0,,That star looks so far away!
1402,A2,environment,4.200,5,3,5,,0,,The coastal air smells fresh.
13125,A2,environment,4.200,5,3,5,,0,,Spring is warmer than winter.
13206,A2,environment,4.200,5,3,5,,0,,My hat blew away in the wind.
13979,A2,environment,4.200,4,4,5,,0,,Is your country near the sea?
18936,A2,environment,4.200,5,3,5,,0,"natural, simple; representative of sunset cluster",The sunset is pretty tonight.
3556,A2,environment,4.200,5,3,5,,0,"vivid, natural",We saw dolphins near the port.
10049,A2,environment,4.200,5,3,5,,0,,Look at the bird in that tree!
18480,A2,environment,4.200,5,3,5,,0,,Look at the beautiful flowers!
8925,A2,environment,4.200,5,3,5,,0,,I saw a bird flying in the sky.
12153,A2,environment,4.200,4,4,5,,0,,Is winter cold in your country?
18667,A2,environment,4.200,4,4,5,,0,,"If it rains, wear your raincoat."
9744,A2,environment,4.200,5,3,5,,0,natural exclamation structure,What a beautiful afternoon it is!
11673,A2,environment,4.200,5,3,5,,0,natural travel narrative,We stopped near a beautiful lake.
1638,A2,environment,4.200,4,4,5,,0,,It’s too hot to stay indoors today.
7546,A2,environment,4.200,5,3,5,,0,natural descriptive phrase,We sat in the cool shade of a tree.
12663,A2,environment,4.200,4,4,5,,0,,"If it rains today, we’ll stay home."
12762,A2,environment,4.200,5,3,5,,0,,The animal ran away when it saw us.
12983,A2,environment,4.200,5,3,5,,0,,That tree is taller than I thought!
1889,A2,environment,4.200,5,3,5,,0,,I heard a loud pop from the balloon.
9788,A2,environment,4.200,5,3,5,,0,,The balloon floated up into the sky.
9796,A2,environment,4.200,5,3,5,,0,,I looked up at the stars last night.
11681,A2,environment,4.200,5,3,5,,0,,I saw a dog near the river yesterday.
6889,A2,environment,4.200,4,4,5,,0,practical environmental phrase,Don’t forget to use the recycling bin.
7860,A2,environment,4.200,4,4,5,,0,factual geography/science sentence,Earthquakes happen often in this area.
17108,A2,environment,4.200,5,3,5,,0,natural color vocab; distinct from grey/dark entries,The sky turned pink during the sunset.
19477,A2,environment,4.200,5,3,5,,0,,Listen! The birds are singing outside.
15733,A2,environment,4.200,5,3,5,,0,,That bird just flew right over my head!
15714,A2,environment,4.200,5,3,5,,0,,The bird is singing sweetly in the tree.
13647,A2,environment,4.200,5,3,5,,0,,They saw a beautiful sunset at the beach.
15712,A2,environment,4.200,5,3,5,,0,,I saw a beautiful bird in the park today.
18895,A2,environment,4.200,4,4,5,,0,natural temperature change phrase,The temperature dropped to forty degrees.
8928,A2,environment,4.200,5,3,5,,0,,The airplane is flying over the mountains.
6126,A2,environment,4.200,5,3,5,,0,,Predators often have sharp teeth and claws.
10991,A2,environment,4.200,5,3,5,,0,,I saw a black snake while hiking last week.
15396,A2,environment,4.200,5,3,5,,0,,"When the sun sets, the sky looks beautiful."
12677,A2,environment,4.400,5,4,4,,0,,I’m so glad it’s sunny today.
6590,A2,environment,4.400,5,4,4,,0,,The walls absorb heat during the day.
12170,A2,environment,4.400,5,4,4,,0,natural weather/region,She told me winter here is very mild.
4353,A2,environment,4.400,5,4,4,,0,,Tie the curtains back to let in light.
490,A2,environment,4.400,5,4,4,,0,,The weather seems all right for a walk.
19084,A2,environment,4.400,5,4,4,,0,keep as representative weather constraint,We can’t go to the park because it’s raining.
15737,A2,environment,4.500,5,5,5,17655,1,,Let's go to the park.
15071,A2,environment,4.500,5,5,5,12048,1,,I don't like cold weather.
14864,A2,environment,4.500,5,5,5,12048,1,,I don’t like hot weather in summer.
17881,A2,environment,4.500,5,5,5,19008,1,,It will probably rain this afternoon.
16350,A2,environment,4.600,5,4,5,,1,park cluster surplus,The park is too far to walk to.
16040,A2,environment,4.600,5,4,5,,1,near-dup with snow/sun overlap with other entries in cluster,The snow melted quickly in the sun.
20708,A2,environment,4.600,5,4,5,,1,"near-dup of id 18895; same concept, both natural",The temperature has gone down a lot!
10977,A2,environment,4.600,5,4,5,,1,near-dup of id 5577; same concept,The sky turned black before the storm.
13687,A2,environment,4.600,5,4,5,,1,"near-dup of id 15120 (same structure); keep rises, cut sets",The sun sets in the west every evening.
5790,A2,environment,4.600,5,4,5,,0,,It’s getting dark now.
7496,A2,environment,4.600,5,4,5,,0,,It feels warm in here.
8160,A2,environment,4.600,5,4,5,,0,"simple, natural, high-frequency weather",The sky is grey today.
8729,A2,environment,4.600,5,4,5,,0,,It gets cold at night.
8748,A2,environment,4.600,5,4,5,,0,Natural sensory phrase,The night air feels cool.
8743,A2,environment,4.600,5,4,5,,0,,It rained a lot last night.
20840,A2,environment,4.600,5,4,5,,0,,The sea is very calm today.
5218,A2,environment,4.600,5,4,5,,0,Natural and broadly useful.,Heavy rain delayed the game.
11271,A2,environment,4.600,5,4,5,,0,,My shoe got wet in the rain.
12172,A2,environment,4.600,5,4,5,,0,,Winter came early this year!
5577,A2,environment,4.600,5,4,5,,0,"natural, useful weather/narrative vocab",The sky suddenly turned dark.
6888,A2,environment,4.600,5,4,5,,0,,There is a bin near the door.
9549,A2,environment,4.600,5,4,5,,0,,It’s hard to see in this fog.
12631,A2,environment,4.600,5,4,5,,0,,Summer is my favorite season.
13116,A2,environment,4.600,5,4,5,,0,,Spring is my favorite season.
13974,A2,environment,4.600,5,4,5,,0,,My country has many mountains.
14086,A2,environment,4.600,5,4,5,,0,,He grows onions in his garden.
16024,A2,environment,4.600,5,4,5,,0,,It snows a lot in winter here.
18176,A2,environment,4.600,5,4,5,,0,,Let's go swimming in the pool.
5571,A2,environment,4.600,5,4,5,,0,,The wind suddenly got stronger.
10307,A2,environment,4.600,5,4,5,,0,"Natural, emotionally engaging",The moon looks amazing tonight!
12964,A2,environment,4.600,5,4,5,,0,natural simple past,We planted a tree last weekend.
14262,A2,environment,4.600,5,4,5,,0,"Natural, sensory phrase",The morning air feels so fresh.
16214,A2,environment,4.600,5,4,5,,0,,The bridge goes over the river.
18432,A2,environment,4.600,5,4,5,,0,,Yesterday was a very rainy day.
18663,A2,environment,4.600,5,4,5,,0,amusing but natural weather-appropriate advice,Don’t wear sandals in the snow!
20086,A2,environment,4.600,5,4,5,,0,,Maybe it will rain later today.
15080,A2,environment,4.600,5,4,5,,0,,The cold wind made my face hurt.
10100,A2,environment,4.600,5,4,5,,0,,I really hate this rainy weather!
13636,A2,environment,4.600,5,4,5,,0,natural observation question,Do you see that bird in the tree?
16000,A2,environment,4.600,5,4,5,,0,,The weather is fine for a picnic.
17811,A2,environment,4.600,5,4,5,,0,,Sea water contains a lot of salt.
20180,A2,environment,4.600,5,4,5,,0,"iconic exclamation, high frequency",What a beautiful day it is today!
20704,A2,environment,4.600,5,4,5,,0,,The rain is pouring down outside.
6580,A2,environment,4.600,5,4,5,,0,,Plants absorb water from the soil.
7534,A2,environment,4.600,5,4,5,,0,,The warm breeze was very pleasant.
8577,A2,environment,4.600,5,4,5,,0,"keep - natural, seasonal",The ground is covered with leaves.
13951,A2,environment,4.600,5,4,5,,0,natural eco-friendly suggestion,Don’t throw your old clothes away!
14159,A2,environment,4.600,5,4,5,,0,"natural, simple",The tree in our garden is so tall!
15013,A2,environment,4.600,5,4,5,,0,,The brown river water looks dirty.
16882,A2,environment,4.600,5,4,5,,0,"Natural, vivid nature phrase",The mountain is covered with snow.
1700,A2,environment,4.600,5,4,5,,0,"Natural, vivid scene",The little bird is singing outside.
7652,A2,environment,4.600,5,4,5,,0,,The water level in the tank is low.
12629,A2,environment,4.600,5,4,5,,0,,I love summer because it's so warm.
17336,A2,environment,4.600,5,4,5,,0,,He watched the sunset at the beach.
1687,A2,environment,4.600,5,4,5,,0,,There is little water in the bottle.
11911,A2,environment,4.600,5,4,5,,0,"natural, sensory phrase; kept over id 7500",The sun feels warm on my skin today.
12655,A2,environment,4.600,5,4,5,,0,,Today is a beautiful day for a walk.
13977,A2,environment,4.600,5,4,5,,0,,This country is very cold in winter.
14555,A2,environment,4.600,5,4,5,,0,,The river flows past the old bridge.
14778,A2,environment,4.600,5,4,5,,0,Common cause-and-effect sentence.,"Because of the rain, we stayed home."
16879,A2,environment,4.600,5,4,5,,0,,There is a mountain near my village.
12067,A2,environment,4.600,5,4,5,,0,Very natural and broadly usable.,A strong wind blew through the trees.
12541,A2,environment,4.600,5,4,5,,0,,I wish I had some hot soup right now.
18672,A2,environment,4.600,5,4,5,,0,practical health phrase,Wearing sunscreen protects your skin.
19963,A2,environment,4.600,5,4,5,,0,,It’s usually very hot here in summer.
21219,A2,environment,4.600,5,4,5,,0,,There are many trees around my house.
2436,A2,environment,4.600,5,4,5,,0,,The road runs alongside a steep cliff.
4812,A2,environment,4.600,5,4,5,,0,,He picked up the trash from the floor.
6885,A2,environment,4.600,5,4,5,,0,,I threw the empty bottle into the bin.
9948,A2,environment,4.600,5,4,5,,0,,The park here is perfect for a picnic.
12653,A2,environment,4.600,5,4,5,,0,,Summer here is hotter than I expected!
18617,A2,environment,4.600,5,4,5,,0,,Have you ever seen a cat climb a tree?
20654,A2,environment,4.600,5,4,5,,0,,"Even in winter, the park is beautiful."
21214,A2,environment,4.600,5,4,5,,0,,I walked around the park this morning.
2366,A2,environment,4.600,5,4,5,,0,"Natural, teaches preposition 'leaning against'",The ladder is leaning against the tree.
8092,A2,environment,4.600,5,4,5,,0,"natural, practical health phrase",The sun can damage your skin over time.
12764,A2,environment,4.600,5,4,5,,0,natural observational question,What kind of animal is that over there?
12909,A2,environment,4.600,5,4,5,,0,"Natural, vivid, broadly translatable",The horse is running fast in the field.
17711,A2,environment,4.600,5,4,5,,0,,"Once the rain stops, we can go outside."
8926,A2,environment,4.600,5,4,5,,0,"Natural, vivid image",The kite is flying high above the trees.
10644,A2,environment,4.600,5,4,5,,0,"keep - natural, clear",The farmer works in the field every day.
13257,A2,environment,4.600,5,4,5,,0,,Why are you waiting outside in the cold?
13691,A2,environment,4.600,5,4,5,,0,,The wind is blowing from the west today.
14189,A2,environment,4.600,5,4,5,,0,Natural sensory phrase,The light from the sun feels warm today.
15120,A2,environment,4.600,5,4,5,,0,"natural, directional/science fact",The sun rises in the east every morning.
17143,A2,environment,4.600,5,4,5,,0,,There’s a small garden next to my house.
18162,A2,environment,4.600,5,4,5,,0,,"There, you can see the beautiful sunset."
1718,A2,environment,4.600,5,4,5,,0,,She has a little garden behind her house.
8203,A2,environment,4.600,5,4,5,,0,"keep - natural, scene-setting",The grey pavement was wet after the rain.
11085,A2,environment,4.600,5,4,5,,0,,Isn’t this weather better than last week?
12773,A2,environment,4.600,5,4,5,,0,,Seeing an animal in the wild is exciting!
14891,A2,environment,4.600,5,4,5,,0,,How would you describe the weather today?
7524,A2,environment,4.600,5,4,5,,0,,The warm sunlight came through the window.
11973,A2,environment,4.600,5,4,5,,0,,"This bottle is made of glass, not plastic."
14026,A2,environment,4.600,5,4,5,,0,"Very natural, common, and easy to translate",Bring your umbrella because it might rain.
15078,A2,environment,4.600,5,4,5,,0,,It's not cold enough to wear a jacket yet.
15384,A2,environment,4.600,5,4,5,,0,,"When it rains, I always carry an umbrella."
17928,A2,environment,4.600,5,4,5,,0,,There are so many stars in the sky tonight!
10666,A2,environment,4.600,5,4,5,,0,"keep - natural, relatable",The farmer is worried about the dry weather.
11160,A2,environment,4.600,5,4,5,,0,,The bird flew away when I opened the window.
12981,A2,environment,4.600,5,4,5,,0,"Natural, concrete, and broadly useful.",A small bird is building a nest in the tree.
14034,A2,environment,4.600,5,4,5,,0,,Why didn’t you bring your jacket? It’s cold!
17435,A2,environment,4.600,5,4,5,,0,Natural seasons phrase,The leaves fall from the trees every autumn.
8611,A2,environment,4.600,5,4,5,,0,"keep - natural, seasonal",The ground was covered in frost this morning.
15089,A2,environment,4.600,5,4,5,,0,,Let's not go out; it's freezing cold tonight!
17444,A2,environment,4.600,5,4,5,,0,"natural, useful weather prediction",The temperature will fall below zero tonight.
18740,A2,environment,4.600,5,4,5,,0,,The park was full of children playing happily.
16681,A2,environment,4.600,5,4,5,,0,,There’s just enough water for the plants today.
14705,A2,environment,4.600,5,4,5,,0,"natural, practical",The garden centre sells beautiful plants and flowers.
8241,A2,environment,4.800,5,5,4,,0,,Is there any chance of rain today?
16029,A2,environment,5.000,5,5,5,,0,,Will it snow tomorrow?
14863,A2,environment,5.000,5,5,5,,0,,Is it hot outside today?
16962,A2,environment,5.000,5,5,5,,0,,When will the rain stop?
18473,A2,environment,5.000,5,5,5,,0,"extremely common, natural weather phrase",The sun is shining today.
1238,A2,environment,5.000,5,5,5,,0,,The weather is better today.
18685,A2,environment,5.000,5,5,5,,0,,There is too much noise here.
8065,A2,environment,5.000,5,5,5,,0,,Protect your skin from the sun.
10036,A2,environment,5.000,5,5,5,,0,natural park rule,"Don’t step on the grass, please!"
10422,A2,environment,5.000,5,5,5,,0,,There’s no chance of rain today.
11745,A2,environment,5.000,5,5,5,,0,,I hope it doesn’t rain tomorrow.
9750,A2,environment,5.000,5,5,5,,0,,I guess it’s going to rain today.
18496,A2,environment,5.000,5,5,5,,0,,The view from here is incredible!
12149,A2,environment,5.000,5,5,5,,0,high-utility comparison question,Do you like winter or summer more?
19008,A2,environment,5.000,5,5,5,,0,,It’s going to rain this afternoon.
17655,A2,environment,5.000,5,5,5,,0,,Let’s go to the park this Saturday!
13597,A2,environment,5.000,5,5,5,,0,,They were talking about the weather.
16750,A2,environment,5.000,5,5,5,,0,"natural, high-utility weather phrase",The temperature is below zero today.
18658,A2,environment,5.000,5,5,5,,0,"highly natural, practical",Wear your jacket; it’s cold outside!
16932,A2,environment,5.000,5,5,5,,0,,I stayed home because it was raining.
18317,A2,environment,5.000,5,5,5,,0,"Natural, high utility weather/news phrase",The news said it might rain tomorrow.
15756,A2,environment,5.000,5,5,5,,0,,Have you ever visited a national park?
16580,A2,environment,5.000,5,5,5,,0,,I hope the weather stays nice tomorrow.
17045,A2,environment,5.000,5,5,5,,0,"natural, widely usable exclamation",Enjoy the view from the top of the hill!
10836,A2,environment,5.000,5,5,5,,0,,"It might rain later, so take an umbrella."
11604,A2,environment,5.000,5,5,5,,0,,The weather changed quickly this morning.
13457,A2,environment,5.000,5,5,5,,0,,I always check the weather before going out.
7091,A2,environment,5.000,5,5,5,,0,,Please separate the recycling from the trash.
19677,A2,environment,5.000,5,5,5,,0,,The view from the top of the hill is amazing!
20772,A2,environment,5.000,5,5,5,,0,,Taking the bus is cheaper than driving a car.
8591,A2,emergency,4.600,5,4,5,,0,,I tripped and fell to the ground.
16340,A2,emergency,4.600,5,4,5,,0,"Common warning, broadly reusable","Don’t go too far, it’s dangerous!"
16589,A2,emergency,4.600,5,4,5,,0,,"Stay safe during the storm, okay?"
1376,A2,emergency,4.600,5,4,5,,0,,The region is close to the border.
10393,A2,emergency,4.600,5,4,5,,0,Common safety instruction,Don’t stand too close to the edge!
2360,A2,emergency,4.600,5,4,5,,0,"Best of ladder cluster; vivid, natural narrative",The ladder broke while I was on it.
9771,A2,emergency,4.600,5,4,5,,0,,I guess we forgot to lock the door.
14532,A2,emergency,4.600,5,4,5,,0,,The power was cut during the storm.
16032,A2,emergency,4.600,5,4,5,,0,,Snow makes the roads very slippery.
2371,A2,emergency,4.600,5,4,5,,0,"Natural, vivid safety scenario",The ladder slipped on the wet floor.
13667,A2,emergency,4.600,5,4,5,,0,,He fell downstairs and hurt his leg.
16358,A2,emergency,4.600,5,4,5,,0,,Let’s not wander far from the group.
9548,A2,emergency,4.600,5,4,5,,0,Highly reusable warning,"Don’t push too hard, or you’ll break it!"
19775,A2,emergency,4.600,5,4,5,,0,natural instruction,She told me to stand back from the edge.
21182,A2,emergency,4.600,5,4,5,,0,Natural weather sentence with good reuse value.,A storm is coming from the west tonight.
13629,A2,emergency,4.600,5,4,5,,0,,The painting was damaged during the move.
14671,A2,emergency,4.600,5,4,5,,0,,Tell me if you hear the same noise again.
7887,A2,emergency,4.600,5,4,5,,0,,Rescue teams arrived after the earthquake.
7890,A2,emergency,4.600,5,4,5,,0,keep - distinct content,The earthquake was stronger than expected.
10999,A2,emergency,4.600,5,4,5,,0,Common child-safety warning,Don’t play with that knife; it’s dangerous!
10983,A2,emergency,4.600,5,4,5,,0,,The black smoke means there’s a fire nearby.
17482,A2,emergency,4.600,5,4,5,,0,,The alarm went off in the middle of the night.
12500,A2,emergency,4.600,5,4,5,,0,,Take your daughter to the doctor if she’s unwell.
14921,A2,emergency,4.800,5,5,4,,0,very common warning,Watch out for the slippery floor!
17354,A2,emergency,4.800,5,5,4,,0,essential warning phrase,Watch your step on the wet floor.
16957,A2,emergency,5.000,5,5,5,,0,,Please stop here.
1123,A2,emergency,5.000,5,5,5,,0,,The phone is dead.
20167,A2,emergency,5.000,5,5,5,,0,,Is there a doctor here?
6012,A2,emergency,5.000,5,5,5,,0,Essential e-commerce phrase,The item arrived damaged.
13753,A2,emergency,5.000,5,5,5,,0,,"Hi, have you seen my bag?"
338,A2,emergency,5.000,5,5,5,,0,,This is a dangerous place.
6173,A2,emergency,5.000,5,5,5,,0,,He is in the hospital now.
18127,A2,emergency,5.000,5,5,5,,0,,I lost my phone yesterday.
16966,A2,emergency,5.000,5,5,5,,0,,Stop! There’s a car coming!
2222,A2,emergency,5.000,5,5,5,,0,essential safety phrase,We need a fire extinguisher.
2234,A2,emergency,5.000,5,5,5,,0,"keep - natural, common phrase",The fire broke out suddenly.
6177,A2,emergency,5.000,5,5,5,,0,,I need to go to the hospital.
8672,A2,emergency,5.000,5,5,5,,0,"critical safety message, universal",Don’t drive if you are drunk.
18129,A2,emergency,5.000,5,5,5,,0,Highly useful everyday phrase.,Can you help me find my keys?
2217,A2,emergency,5.000,5,5,5,,0,"keep - natural, high utility",The fire damaged the building.
2227,A2,emergency,5.000,5,5,5,,0,"keep - natural, useful",The fire is under control now.
10829,A2,emergency,5.000,5,5,5,,0,universal safety warning,Don’t touch it; it’s very hot!
18229,A2,emergency,5.000,5,5,5,,0,,Is there a hospital near here?
10636,A2,emergency,5.000,5,5,5,,0,"keep - natural, useful",The first rule is to stay safe.
14336,A2,emergency,5.000,5,5,5,,0,,Look out! There’s a car coming!
18134,A2,emergency,5.000,5,5,5,,0,,My car broke down this morning.
21310,A2,emergency,5.000,5,5,5,,0,,"I don’t want any trouble, okay?"
9242,A2,emergency,5.000,5,5,5,,0,"Very useful, natural emergency-related sentence",Call me if there’s an emergency.
12463,A2,emergency,5.000,5,5,5,,0,,"I’m sorry, I have some bad news."
12188,A2,emergency,5.000,5,5,5,,0,,You can call me if you need help.
15433,A2,emergency,5.000,5,5,5,,0,,The camera on my phone is broken.
20923,A2,emergency,5.000,5,5,5,,0,natural safety warning,Don’t come too close to the edge!
21038,A2,emergency,5.000,5,5,5,,0,Highly reusable urgent request.,Can you come as soon as possible?
12905,A2,emergency,5.000,5,5,5,,0,,"In an emergency, try to stay calm."
624,A2,emergency,5.000,5,5,5,,0,Essential vocabulary phrase,The hospital has an emergency room.
7857,A2,emergency,5.000,5,5,5,,0,"keep - natural, high utility",The earthquake damaged many houses.
6029,A2,emergency,5.000,5,5,5,,0,,I actually need some help right now.
8587,A2,emergency,5.000,5,5,5,,0,"keep - natural, practical warning","The ground is uneven, so be careful."
9671,A2,emergency,5.000,5,5,5,,0,"natural, very practical",The first aid kit is in the kitchen.
7559,A2,emergency,5.000,5,5,5,,0,,The app needs an internet connection.
8592,A2,emergency,5.000,5,5,5,,0,"keep - natural, safety phrase",The ground is slippery when it’s wet.
13299,A2,emergency,5.000,5,5,5,,0,,She lost her passport at the airport.
13968,A2,emergency,5.000,5,5,5,,0,,How far away is the nearest hospital?
19989,A2,emergency,5.000,5,5,5,,0,Highly reusable everyday safety phrase.,Be careful when you cross the street.
7031,A2,emergency,5.000,5,5,5,,0,"natural, high utility",The error was fixed by the technician.
10305,A2,emergency,5.000,5,5,5,,0,high-utility everyday imperative,Don’t forget to lock the door tonight.
11234,A2,emergency,5.000,5,5,5,,0,,Hold my arm while we cross the street.
11760,A2,emergency,5.000,5,5,5,,0,,Let’s hope the situation improves soon.
14782,A2,emergency,5.000,5,5,5,,0,,"In case of emergency, call this number."
7862,A2,emergency,5.000,5,5,5,,0,"keep - natural, informative",The earthquake lasted for a few seconds.
9237,A2,emergency,5.000,5,5,5,,0,,Please call the doctor if you feel sick.
11088,A2,emergency,5.000,5,5,5,,0,,This medicine will make you feel better.
17492,A2,emergency,5.000,5,5,5,,0,"Modern, important, broadly useful",Don’t share personal information online.
3928,A2,emergency,5.000,5,5,5,,0,,The police caught the criminal yesterday.
9096,A2,emergency,5.000,5,5,5,,0,,I’ve put some money aside for emergencies.
11004,A2,emergency,5.000,5,5,5,,0,,It’s dangerous to walk alone in this area.
14934,A2,emergency,5.000,5,5,5,,0,,He told me to watch the road while driving.
18763,A2,emergency,5.000,5,5,5,,0,Essential emergency/distance phrase,The nearest hospital is 15 kilometres away.
19010,A2,emergency,5.000,5,5,5,,0,,"I forgot my umbrella, and now it’s raining!"
13106,A2,emergency,5.000,5,5,5,,0,,Never forget to lock the door before leaving.
18094,A2,emergency,5.000,5,5,5,,0,,Where is the emergency room in this hospital?
18986,A2,emergency,5.000,5,5,5,,0,,Please tell me where the nearest hospital is.
11338,A2,emergency,5.000,5,5,5,,0,Very common and highly useful advice phrase.,Always remember to lock the door before leaving.
5209,A2,emergency,5.000,5,5,5,,0,,There is a delay on the highway due to an accident.
17272,A2,emergency,5.000,5,5,5,,0,,Read the label carefully before using the medicine.
18170,A2,emergency,5.000,5,5,5,,0,,There is a doctor available in case of an emergency.
4441,A2,education,4.200,5,3,5,,0,,Our school is hosting a chess tournament.
15537,A2,education,4.200,4,4,5,,0,practical educational statement,Doing homework is important for learning.
1013,A2,education,4.200,4,4,5,,0,,He gave a complete answer to the question.
7671,A2,education,4.200,4,4,5,,0,,This course is for all levels of learners.
505,A2,education,4.200,4,4,5,,0,,It’s all right to ask for help when needed.
16787,A2,education,4.200,5,3,5,,0,,My aunt has been teaching for twenty years.
20428,A2,education,4.200,4,4,5,,0,,Feeling thirsty is a sign you need to hydrate.
15540,A2,education,4.200,4,4,5,,0,,Homework should be completed before playing games.
13013,A2,education,4.200,4,4,5,,0,,I always try my best to finish my homework on time.
13177,A2,education,4.200,4,4,5,,0,,"I finished my homework, and I also cleaned my room."
10692,A2,education,4.200,4,4,5,,0,relevant for language learners,Don’t worry if the language feels difficult at first.
19650,A2,education,4.200,4,4,5,,0,useful passive construction; school context,The student was praised by the teacher for her effort.
17866,A2,education,4.200,4,4,5,,0,,It was important for me to find a quiet place to study.
12260,A2,education,4.400,5,4,4,,1,near-dup teacher-told cluster; cap at 2 reps,The teacher told us to take off our hats in class.
21014,A2,education,4.400,5,4,4,,0,,I’m not good at math.
7200,A2,education,4.400,5,4,4,,0,,I need a tablet for school.
7650,A2,education,4.400,5,4,4,,0,natural EFL context phrase,What is your English level?
9106,A2,education,4.400,5,4,4,,0,,I met my boyfriend at school.
2226,A2,education,4.400,5,4,4,,0,natural school experience,We had a fire drill at school.
19806,A2,education,4.400,5,4,4,,0,useful vocabulary learning phrase,What is the opposite of 'big'?
6272,A2,education,4.400,5,4,4,,0,,I have a crush on my classmate.
15347,A2,education,4.400,5,4,4,,0,natural school phrase,We got the same score on the test!
18780,A2,education,4.400,5,4,4,,0,,Please spell the word 'beautiful'.
14655,A2,education,4.400,5,4,4,,0,natural school phrase,We have the same teacher this year.
20706,A2,education,4.400,5,4,4,,0,"natural, idiomatic classroom phrase",The teacher asked us to settle down.
12258,A2,education,4.400,5,4,4,,0,,I need to drop off my kids at school.
1689,A2,education,4.400,5,4,4,,0,,I need a little help with my homework.
16155,A2,education,4.400,5,4,4,,0,,"Repeat after me: 'Hello, how are you?'"
14522,A2,education,4.400,5,4,4,,0,natural idiom (cut short); useful,The teacher cut the lesson short today.
12502,A2,education,4.400,5,4,4,,0,,I miss my daughter when she’s at school.
13572,A2,education,4.400,5,4,4,,0,,I’m very worried about the test tomorrow.
13063,A2,education,4.400,5,4,4,,0,,I need to complete my homework before dinner.
4719,A2,education,4.500,5,5,5,1757,1,,I asked my teacher for help.
18131,A2,education,4.500,5,5,5,13599,1,,I forgot my homework at home.
20912,A2,education,4.500,5,5,5,18431,1,,She didn’t come to class today.
12699,A2,education,4.500,5,5,5,10061,1,,Have you finished your homework yet?
1725,A2,education,4.500,5,5,5,1710,1,,I’m a little nervous before the exam.
9088,A2,education,4.500,5,5,5,13387,1,,Put your name at the top of the page.
14571,A2,education,4.500,5,5,5,13599,1,,I forgot to pack my lunch this morning.
3257,A2,education,4.500,5,5,5,3216,1,,She drives her kids to school every day.
14025,A2,education,4.500,5,5,5,13599,1,,I forgot to bring my homework to school.
18163,A2,education,4.500,5,5,5,9442,1,Near-dup of 'no reason to worry about the test',There is no need to worry about the test.
15826,A2,education,4.500,5,5,5,13599,1,,I forgot to do my homework over the weekend!
10442,A2,education,4.500,5,5,5,10066,1,near-duplicate bring-ticket variant,Don’t forget to bring your homework tomorrow.
7218,A2,education,4.600,5,4,5,,1,"near-dup tablet cluster; keep 3 reps (battery, screen, carry)",The tablet is good for studying.
627,A2,education,4.600,5,4,5,,1,near-dup of id 16859 (university library is always quiet),The university has a large library.
18800,A2,education,4.600,5,4,5,,1,near-dup teacher-asked cluster; cap at 3 reps,The teacher asked us to spell ten words.
18099,A2,education,4.600,5,4,5,,1,near-dup teacher-asked cluster; enough reps kept,The teacher asked us to wait in the room.
10410,A2,education,4.600,5,4,5,,1,near-dup teacher-told cluster; id 10281 preferred,The teacher told us to close our notebooks.
19508,A2,education,4.600,5,4,5,,1,near-dup teacher-action; cap reached,The teacher will correct our tests tomorrow.
21071,A2,education,4.600,5,4,5,,1,near-dup of id 17012 area; exceed 3 reps for teacher-told,The teacher told us to form a line outside the classroom.
3215,A2,education,4.600,5,4,5,,0,Common ability question with broad reuse,Can you drive a car?
9567,A2,education,4.600,5,4,5,,0,,That was a hard test!
8278,A2,education,4.600,5,4,5,,0,,I can’t read this map.
3218,A2,education,4.600,5,4,5,,0,Natural everyday question with broad learner value.,Do you drive to school?
5789,A2,education,4.600,5,4,5,,0,,I’m reading a book now.
19628,A2,education,4.600,5,4,5,,0,Common and useful in school contexts.,Are you a student here?
18137,A2,education,4.600,5,4,5,,0,,My teacher is very kind.
13997,A2,education,4.600,5,4,5,,0,,She noticed every detail.
15198,A2,education,4.600,5,4,5,,0,,I put my books in my bag.
9467,A2,education,4.600,5,4,5,,0,natural educational phrase,Welcome to our new school!
3120,A2,education,4.600,5,4,5,,0,"natural, simple, universal",The teacher called my name.
4341,A2,education,4.600,5,4,5,,0,,She knows how to tie a bow.
6806,A2,education,4.600,5,4,5,,0,,I want to find a new hobby.
15948,A2,education,4.600,5,4,5,,0,,This book is for beginners.
19501,A2,education,4.600,5,4,5,,0,,Please correct my homework.
20811,A2,education,4.600,5,4,5,,0,"Short, common, broadly reusable phrase",Can you see the difference?
2977,A2,education,4.600,5,4,5,,0,,The sheet of paper is blank.
9697,A2,education,4.600,5,4,5,,0,,I left my book on the table.
11994,A2,education,4.600,5,4,5,,0,Common school-life question.,Did you pass your math exam?
13142,A2,education,4.600,5,4,5,,0,,Is your son at school today?
16053,A2,education,4.600,5,4,5,,0,useful materials vocabulary question,What is this object made of?
20146,A2,education,4.600,5,4,5,,0,,Milk is good for your bones.
20241,A2,education,4.600,5,4,5,,0,,I got a letter this morning.
9418,A2,education,4.600,5,4,5,,0,natural geography question,What is the capital of Spain?
14679,A2,education,4.600,5,4,5,,0,,You got the same score as me!
18657,A2,education,4.600,5,4,5,,0,,He wears a uniform at school.
11390,A2,education,4.600,5,4,5,,0,,This book is from the library.
13638,A2,education,4.600,5,4,5,,0,Useful classroom/meeting visibility question,Can you see the board clearly?
15554,A2,education,4.600,5,4,5,,0,,This homework is really tough!
10405,A2,education,4.600,5,4,5,,0,,She closed her book and smiled.
13090,A2,education,4.600,5,4,5,,0,,She never forgets her homework.
13375,A2,education,4.600,5,4,5,,0,natural literacy phrase,What is the title of this book?
13432,A2,education,4.600,5,4,5,,0,,I know nothing about computers.
13512,A2,education,4.600,5,4,5,,0,,He knows a lot about computers.
19531,A2,education,4.600,5,4,5,,0,,I will start college next year.
1236,A2,education,4.600,5,4,5,,0,,I want to do better in my exams.
1243,A2,education,4.600,5,4,5,,0,Common school-related statement.,Her grades are better this year.
3904,A2,education,4.600,5,4,5,,0,,The school banned sugary drinks.
11336,A2,education,4.600,5,4,5,,0,,She always forgets her homework.
12482,A2,education,4.600,5,4,5,,0,,Where is your daughter studying?
20189,A2,education,4.600,5,4,5,,0,,The piano lesson starts at four.
4694,A2,education,4.600,5,4,5,,0,Very common learner-useful request,Can you help me with my homework?
9202,A2,education,4.600,5,4,5,,0,"Common praise/observation, easy across languages.",He solved the problem so quickly!
12276,A2,education,4.600,5,4,5,,0,Common classroom request; clear meaning.,Can you ask the teacher for help?
13436,A2,education,4.600,5,4,5,,0,,Nothing happened at school today.
15531,A2,education,4.600,5,4,5,,0,Very common and useful question.,Did you finish your homework yet?
11049,A2,education,4.600,5,4,5,,0,Common and useful request.,Can you help us with our homework?
11395,A2,education,4.600,5,4,5,,0,Useful classroom/workplace request.,Can you borrow a pen from someone?
14466,A2,education,4.600,5,4,5,,0,,Who helped you with your homework?
15200,A2,education,4.600,5,4,5,,0,,She carries a heavy bag to school.
15279,A2,education,4.600,5,4,5,,0,"Simple, common social correction",Don’t laugh at him; it’s not nice.
15764,A2,education,4.600,5,4,5,,0,Useful learning/conversation phrase,Can you explain this phrase to me?
17237,A2,education,4.600,5,4,5,,0,,Every student must wear a uniform.
18679,A2,education,4.600,5,4,5,,0,"Natural, school-relevant, and broadly understandable",Do you have much homework tonight?
20540,A2,education,4.600,5,4,5,,0,,Half of the class passed the test.
3256,A2,education,4.600,5,4,5,,0,,I’m learning to drive a manual car.
8753,A2,education,4.600,5,4,5,,0,,"Last night, I finished my homework."
9786,A2,education,4.600,5,4,5,,0,,Look up the word in the dictionary.
9789,A2,education,4.600,5,4,5,,0,,He stood up to answer the question.
10052,A2,education,4.600,5,4,5,,0,Natural and common classroom/office request,Can I borrow your pen for a moment?
10548,A2,education,4.600,5,4,5,,0,,How much homework do we have today?
11497,A2,education,4.600,5,4,5,,0,anchor of tired cluster,She was very tired before the exam.
12228,A2,education,4.600,5,4,5,,0,,She arrives at school by 7 o'clock.
13765,A2,education,4.600,5,4,5,,0,Common learner-relevant request.,Could you help me with my homework?
18471,A2,education,4.600,5,4,5,,0,,I saw my name written on the board.
18633,A2,education,4.600,5,4,5,,0,,They did not finish their homework.
20201,A2,education,4.600,5,4,5,,0,Natural school phrase,The lesson about computers was fun!
20691,A2,education,4.600,5,4,5,,0,,Write down your name on this paper.
567,A2,education,4.600,5,4,5,,0,,They will graduate together in June.
2989,A2,education,4.600,5,4,5,,0,natural classroom phrase,The teacher gave us a sheet to read.
3453,A2,education,4.600,5,4,5,,0,Common and clear in service/info contexts.,Are you interested in learning more?
7242,A2,education,4.600,5,4,5,,0,,I am printing a document for school.
15982,A2,education,4.600,5,4,5,,0,natural classroom instruction phrase,The teacher asked us to draw a tree.
18784,A2,education,4.600,5,4,5,,0,,He asked me to spell the word aloud.
20602,A2,education,4.600,5,4,5,,0,"natural, practical reading phrase",The text in this book is very small.
611,A2,education,4.600,5,4,5,,0,,He is excited to graduate next month.
614,A2,education,4.600,5,4,5,,0,,The school has a new sports facility.
10079,A2,education,4.600,5,4,5,,0,,She hates doing homework every night.
13571,A2,education,4.600,5,4,5,,0,,This app is very useful for learning.
13783,A2,education,4.600,5,4,5,,0,Common small request.,Could you lend me a pen for a minute?
19689,A2,education,4.600,5,4,5,,0,,My mum always helps me with homework.
565,A2,education,4.600,5,4,5,,0,natural academic/personal question,When did you graduate from university?
15547,A2,education,4.600,5,4,5,,0,,I wish I didn’t have so much homework!
16858,A2,education,4.600,5,4,5,,0,natural academic aspiration question,What university do you want to attend?
17906,A2,education,4.600,5,4,5,,0,,How many books do you read each month?
3438,A2,education,4.600,5,4,5,,0,more specific; keep,She’s interested in becoming a teacher.
11128,A2,education,4.600,5,4,5,,0,,There are sixteen students in my class.
14127,A2,education,4.600,5,4,5,,0,,That subject sounds really fascinating!
14627,A2,education,4.600,5,4,5,,0,"Natural, teaches behind/location",The kids are playing behind the school.
15800,A2,education,4.600,5,4,5,,0,natural number use,Six students passed the difficult exam.
16859,A2,education,4.600,5,4,5,,0,"natural, useful; more descriptive than id 627",The university library is always quiet.
17344,A2,education,4.600,5,4,5,,0,"natural, useful exam/school phrase",The teacher watched us during the test.
9296,A2,education,4.600,5,4,5,,0,school directive,Show me your homework before class ends.
9518,A2,education,4.600,5,4,5,,0,,I have a few books to read this weekend.
11605,A2,education,4.600,5,4,5,,0,,I quickly wrote a note to remind myself.
15769,A2,education,4.600,5,4,5,,0,Useful everyday request for learning or work.,Could you write down that phrase for me?
16649,A2,education,4.600,5,4,5,,0,,I want to be a scientist when I grow up.
19298,A2,education,4.600,5,4,5,,0,,The bell will sound when the class ends.
19542,A2,education,4.600,5,4,5,,0,,The college cafeteria serves tasty food.
9929,A2,education,4.600,5,4,5,,0,,I am here to help you with your homework.
16127,A2,education,4.600,5,4,5,,0,,February is the second month of the year.
17012,A2,education,4.600,5,4,5,,0,"natural, universal classroom phrase; distinct from told-to-read",The teacher told us to stop making noise.
17909,A2,education,4.600,5,4,5,,0,,Many students were late for school today.
18754,A2,education,4.600,5,4,5,,0,,The school is just half a kilometre away.
19907,A2,education,4.600,5,4,5,,0,natural,She studies graphic design at university.
20072,A2,education,4.600,5,4,5,,0,,The science lab at our school is amazing!
577,A2,education,4.600,5,4,5,,0,,He is the first in his family to graduate.
10986,A2,education,4.600,5,4,5,,0,,The black line on the map shows the route.
3882,A2,education,4.600,5,4,5,,0,"natural, practical school rule phrase",The teacher banned phones in the classroom.
7484,A2,education,4.600,5,4,5,,0,,One meter is equivalent to 100 centimeters.
14716,A2,education,4.600,5,4,5,,0,,Only a little time is left before the exam.
17380,A2,education,4.600,5,4,5,,0,,I’ve been studying all night for this test.
17664,A2,education,4.600,5,4,5,,0,,My English class is every Saturday morning.
9655,A2,education,4.600,5,4,5,,0,,Let’s finish the first chapter before lunch.
14113,A2,education,4.600,5,4,5,,0,"natural, practical classroom phrase",The teacher explained the subject very well.
15376,A2,education,4.600,5,4,5,,0,,I was very happy when I got my exam results.
18335,A2,education,4.600,5,4,5,,0,,This course is very difficult for beginners.
15551,A2,education,4.600,5,4,5,,0,,Let’s finish our homework before watching TV.
16444,A2,education,4.600,5,4,5,,0,,School starts in September in many countries.
16877,A2,education,4.600,5,4,5,,0,"natural, practical university phrase",The university cafeteria serves healthy food.
13387,A2,education,4.600,5,4,5,,0,,Please write the title at the top of the page.
21332,A2,education,4.600,5,4,5,,0,,The children shouted goodbye to their teacher.
11593,A2,education,4.600,5,4,5,,0,,He quickly finished his homework before dinner.
19640,A2,education,4.600,5,4,5,,0,"natural, relatable student phrase",The student was tired after studying all night.
13924,A2,education,4.600,5,4,5,,0,,You’re always welcome to ask questions in class.
18676,A2,education,4.600,5,4,5,,0,natural student life phrase,Wearing earphones helps me focus while studying.
16822,A2,education,4.600,5,4,5,,0,,"Yeah, learning a new language is challenging but fun."
19334,A2,education,4.600,5,4,5,,0,"natural, universal classroom scene",The teacher wrote on the board at the front of the room.
16468,A2,education,4.800,5,5,4,,0,natural school phrase,We don’t have classes on Thursday.
2815,A2,education,5.000,5,5,5,,0,,I do my best in class.
8737,A2,education,5.000,5,5,5,,0,,I study late at night.
10563,A2,education,5.000,5,5,5,,0,High utility encouragement phrase,You’ve improved so much!
330,A2,education,5.000,5,5,5,,0,,This is the right answer.
5783,A2,education,5.000,5,5,5,,0,,I’m learning English now.
343,A2,education,5.000,5,5,5,,0,,This book is easy to read.
2266,A2,education,5.000,5,5,5,,0,,He is such a good teacher.
6789,A2,education,5.000,5,5,5,,0,,They will find the answer.
10844,A2,education,5.000,5,5,5,,0,,Let’s try it one more time.
13582,A2,education,5.000,5,5,5,,0,,Tell me about your weekend.
17375,A2,education,5.000,5,5,5,,0,,Have you ever failed a test?
21015,A2,education,5.000,5,5,5,,0,,He is at school until 3 p.m.
3220,A2,education,5.000,5,5,5,,0,,I want to learn how to drive.
4713,A2,education,5.000,5,5,5,,0,,I can help you learn English.
20365,A2,education,5.000,5,5,5,,0,,Let's start at the beginning.
10521,A2,education,5.000,5,5,5,,0,,I’ll finish my homework later.
14315,A2,education,5.000,5,5,5,,0,Extremely useful language-learning sentence.,He speaks very little English.
20291,A2,education,5.000,5,5,5,,0,High utility for language learning context,Your pronunciation is correct!
9673,A2,education,5.000,5,5,5,,0,,I do my homework every evening.
14235,A2,education,5.000,5,5,5,,0,,I found a quiet place to study.
16257,A2,education,5.000,5,5,5,,0,,I walk to school every morning.
20165,A2,education,5.000,5,5,5,,0,Very common and practical borrowing request,Do you have a pen I can borrow?
1254,A2,education,5.000,5,5,5,,0,,I understand English better now.
19474,A2,education,5.000,5,5,5,,0,,Listen to the teacher carefully.
20199,A2,education,5.000,5,5,5,,0,,Will there be a lesson tomorrow?
9078,A2,education,5.000,5,5,5,,0,,Please put the book on the table.
11310,A2,education,5.000,5,5,5,,0,,"Yes, I have finished my homework."
17361,A2,education,5.000,5,5,5,,0,,She isn’t ready for the test yet.
12378,A2,education,5.000,5,5,5,,0,,Will you help me with my homework?
12799,A2,education,5.000,5,5,5,,0,,Feel free to ask me any questions.
13755,A2,education,5.000,5,5,5,,0,High-frequency polite clarification request.,"Hi, could you repeat that, please?"
19505,A2,education,5.000,5,5,5,,0,,She corrected her mistake quickly.
13505,A2,education,5.000,5,5,5,,0,,I know the answer to this question.
15553,A2,education,5.000,5,5,5,,0,,I will do my homework after dinner.
20760,A2,education,5.000,5,5,5,,0,,I take the bus to school every day.
21121,A2,education,5.000,5,5,5,,0,,How do you get to school every day?
3418,A2,education,5.000,5,5,5,,0,,I am interested in learning English.
15544,A2,education,5.000,5,5,5,,0,,Have you done your homework already?
18431,A2,education,5.000,5,5,5,,0,,She didn’t come to school yesterday.
18779,A2,education,5.000,5,5,5,,0,,I don’t know how to spell this word.
19631,A2,education,5.000,5,5,5,,0,,How many students are in your class?
1512,A2,education,5.000,5,5,5,,0,,He has a question about the homework.
9190,A2,education,5.000,5,5,5,,0,,He has already finished his homework.
10281,A2,education,5.000,5,5,5,,0,"natural, core classroom phrase",The teacher told us to read the book.
12287,A2,education,5.000,5,5,5,,0,,"If you don’t understand, just ask me."
16626,A2,education,5.000,5,5,5,,0,,They can help you with your homework.
17259,A2,education,5.000,5,5,5,,0,,I read a book every night before bed.
11025,A2,education,5.000,5,5,5,,0,,She decided to join the club at school.
11493,A2,education,5.000,5,5,5,,0,,He finished his homework before dinner.
11794,A2,education,5.000,5,5,5,,0,,Thanks for helping me with my homework!
12009,A2,education,5.000,5,5,5,,0,,I wish I had studied more for the exam.
13531,A2,education,5.000,5,5,5,,0,,I have a lot of homework to do tonight.
15154,A2,education,5.000,5,5,5,,0,,Try not to make the same mistake again.
18339,A2,education,5.000,5,5,5,,0,high utility scheduling phrase,The course starts next Monday at 9 a.m.
12658,A2,education,5.000,5,5,5,,0,,"Today, I learned something new in class."
12890,A2,education,5.000,5,5,5,,0,,Try harder if you want to pass the exam!
15988,A2,education,5.000,5,5,5,,0,practical classroom instruction,Draw a circle around the correct answer.
19402,A2,education,5.000,5,5,5,,0,,"Sure, I can help you with your homework."
21134,A2,education,5.000,5,5,5,,0,,I hope to get a good grade on this test.
10670,A2,education,5.000,5,5,5,,0,,I want to learn a new language this year.
16933,A2,education,5.000,5,5,5,,0,,She is happy because she passed her exam.
11768,A2,education,5.000,5,5,5,,0,natural classroom rule,Each student must bring a pencil to class.
12003,A2,education,5.000,5,5,5,,0,,He cheated during the exam and got caught.
13538,A2,education,5.000,5,5,5,,0,,I learned a lot from my teacher last year.
18355,A2,education,5.000,5,5,5,,0,high utility educational phrase,The course fee includes all the materials.
20296,A2,education,5.000,5,5,5,,0,"natural, high-utility feedback phrase",The teacher said my answer wasn’t correct.
9442,A2,education,5.000,5,5,5,,0,,There is no reason to worry about the test.
9651,A2,education,5.000,5,5,5,,0,"keep - natural, universal",The first day of school is always exciting.
12704,A2,education,5.000,5,5,5,,0,"extremely natural, universal classroom phrase",The teacher asked if we have any questions.
18165,A2,education,5.000,5,5,5,,0,,There are three ways to solve this problem.
15541,A2,education,5.000,5,5,5,,0,,I spent two hours on my homework last night.
10926,A2,education,5.000,5,5,5,,0,"natural, universal classroom experience",The teacher showed us a video in class today.
18970,A2,education,5.000,5,5,5,,0,,"Tomorrow, don’t forget to bring your homework."
19642,A2,education,5.000,5,5,5,,0,natural direct speech; high-utility school phrase,"The student said, 'I need help with this assignment.'"
1696,A2,civic,4.400,5,4,4,,0,natural cooking phrase,We need a little more milk for the recipe.
4740,A2,civic,4.400,5,4,4,,0,natural community/event phrase,We need volunteers to help with the event.
13255,A2,civic,4.400,5,4,4,,0,natural opinion phrase,Waiting in line at the store is so boring.
353,A2,civic,4.400,5,4,4,,0,,They did a great job organizing this event.
10777,A2,civic,4.400,5,4,4,,0,,I need to mail a package at the post office.
4357,A2,civic,4.400,5,4,4,,0,,Tie this string around your finger so you don't forget.
18981,A2,civic,4.500,5,5,5,10388,1,,"Please, close the window."
17134,A2,civic,4.500,5,5,5,18512,1,shop cluster surplus; near-dup of 18512,The shop is next to the bank.
20359,A2,civic,4.500,5,5,5,12048,1,,I don’t like waiting in long lines.
12010,A2,civic,4.500,5,5,5,11835,1,near-duplicate ID reminder,Don’t forget to bring your ID to the exam.
11835,A2,civic,4.500,5,5,5,10066,1,near-duplicate ID/travel reminder,Don’t forget to present your ID at the airport.
2201,A2,civic,4.600,5,4,5,,0,Very natural and broadly useful warning.,Do not play with fire.
2197,A2,civic,4.600,5,4,5,,0,,Please put out the fire.
17478,A2,civic,4.600,5,4,5,,0,,"Keep off the grass, please!"
18145,A2,civic,4.600,5,4,5,,0,,My city has a lot of parks.
3936,A2,civic,4.600,5,4,5,,0,"clear, natural",The criminal is now in jail.
2206,A2,civic,4.600,5,4,5,,0,Clear urgent instruction with practical value,Call the fire department now!
8230,A2,civic,4.600,5,4,5,,0,,There isn’t any time to wait.
15400,A2,civic,4.600,5,4,5,,0,,They got married last spring.
6845,A2,civic,4.600,5,4,5,,0,,Keep poison away from children.
8933,A2,civic,4.600,5,4,5,,0,"natural, visual",The flag is flying in the wind.
13937,A2,civic,4.600,5,4,5,,0,natural social phrase,Welcome to our community event!
13641,A2,civic,4.600,5,4,5,,0,Natural and broadly useful.,Did you see the news last night?
16829,A2,civic,4.600,5,4,5,,0,,I will send the letter tomorrow.
18493,A2,civic,4.600,5,4,5,,0,,The air in the city is polluted.
16390,A2,civic,4.600,5,4,5,,0,,There is a new museum in our city.
20049,A2,civic,4.600,5,4,5,,0,"natural, practical",The store opens early on weekends.
1346,A2,civic,4.600,5,4,5,,0,,The region is far from the capital.
3878,A2,civic,4.600,5,4,5,,0,,Smoking is banned in this building.
4471,A2,civic,4.600,5,4,5,,0,"natural, useful; keep for tournament cluster rep",The tournament is open to everyone.
14763,A2,civic,4.600,5,4,5,,0,Common navigation question.,Do you know the name of this street?
16399,A2,civic,4.600,5,4,5,,0,Useful directions phrase,Can you tell me where the museum is?
10132,A2,civic,4.600,5,4,5,,0,Common safety/rules phrase,Don’t ride your bike on the sidewalk!
18016,A2,civic,4.600,5,4,5,,0,Common sign/ticketing sentence.,Children under 12 can enter for free.
18191,A2,civic,4.600,5,4,5,,0,,The pool has been closed for repairs.
13962,A2,civic,4.600,5,4,5,,0,,He gave away all his money to charity.
14349,A2,civic,4.600,5,4,5,,0,,Keep out of this area; it’s dangerous.
18610,A2,civic,4.600,5,4,5,,0,,The cat was running across the street.
7122,A2,civic,4.600,5,4,5,,0,,The border separates the two countries.
14251,A2,civic,4.600,5,4,5,,0,Useful travel/safety advice,Don’t leave your bag in a public place.
2754,A2,civic,4.600,5,4,5,,0,,The city park is a great place to relax.
16292,A2,civic,4.600,5,4,5,,0,,I saw a child running across the street.
21172,A2,civic,4.600,5,4,5,,0,,The west gate was closed due to repairs.
15743,A2,civic,4.600,5,4,5,,0,Common parking instruction,Don’t park your car in front of the gate.
17742,A2,civic,4.600,5,4,5,,0,,The city is planning to build a new park.
17751,A2,civic,4.600,5,4,5,,0,,Please note that the store closes at 8 PM.
19968,A2,civic,4.600,5,4,5,,0,"natural, practical reliability phrase",The train is usually on time in this city.
11817,A2,civic,4.600,5,4,5,,0,,Thanks for explaining the rules so clearly.
11825,A2,civic,4.600,5,4,5,,0,,Please present your ticket at the entrance.
19112,A2,civic,4.600,5,4,5,,0,"natural, useful civic navigation",The town hall is in the center of the town.
17399,A2,civic,4.600,5,4,5,,0,"natural, practical retail phrase",The store has a special sale this week only.
9481,A2,civic,4.600,5,4,5,,0,natural hospitality phrase,Welcome to the city; I hope you enjoy it here!
10225,A2,civic,4.600,5,4,5,,0,Natural store-navigation question.,Could you tell me where to find the juice aisle?
13705,A2,civic,4.600,5,4,5,,0,,The west entrance is closed due to construction.
13101,A2,civic,4.600,5,4,5,,0,,Never trust a stranger with your personal information.
9906,A2,civic,4.800,5,5,4,,0,,This section of the road is closed for repairs.
16337,A2,civic,5.000,5,5,5,,1,shop cluster surplus,"The shop isn’t far, just walk straight ahead."
5782,A2,civic,5.000,5,5,5,,0,"Very common, broadly reusable phrase.",Can we leave now?
271,A2,civic,5.000,5,5,5,,0,,Throw the rubbish into the bin.
12670,A2,civic,5.000,5,5,5,,0,,I forgot to pay the bill today.
13303,A2,civic,5.000,5,5,5,,0,,His passport expired last month.
16731,A2,civic,5.000,5,5,5,,0,,The red light means we must stop.
19481,A2,civic,5.000,5,5,5,,0,,I listened to the news last night.
20764,A2,civic,5.000,5,5,5,,0,Core travel/navigation phrase.,Do you know where the bus stop is?
10424,A2,civic,5.000,5,5,5,,0,,No smoking is allowed in this area.
13313,A2,civic,5.000,5,5,5,,0,,I will renew my passport next week.
15253,A2,civic,5.000,5,5,5,,0,,Where is the nearest metro station?
15747,A2,civic,5.000,5,5,5,,0,,There isn’t any space to park here.
15753,A2,civic,5.000,5,5,5,,0,,Parking in this area is not allowed.
10786,A2,civic,5.000,5,5,5,,0,,The post office is closed on Sundays.
12843,A2,civic,5.000,5,5,5,,0,important safety rule for children,Don’t follow strangers in the street.
14517,A2,civic,5.000,5,5,5,,0,"natural, universal queue etiquette",Don’t cut the line; wait for your turn!
17949,A2,civic,5.000,5,5,5,,0,Practical directions phrase; distinct from nature phrases,The north entrance to the park is closed.
13315,A2,civic,5.000,5,5,5,,0,,The passport office is closed on weekends.
18484,A2,civic,5.000,5,5,5,,0,,I will call the police if there’s trouble.
7892,A2,civic,5.000,5,5,5,,0,"natural, high utility",The government sent aid after the earthquake.
14730,A2,civic,5.000,5,5,5,,0,,Look left and right before crossing the road.
20783,A2,civic,5.000,5,5,5,,0,,The bus was delayed because of heavy traffic.
15226,A2,civic,5.000,5,5,5,,0,,There is a strict rule about not smoking here.
18512,A2,civic,5.000,5,5,5,,0,,The shop is between the bank and the supermarket.
10843,A2,housing,4.200,4,4,5,,0,,It looks amazing in here!
19680,A2,housing,4.200,4,4,5,,0,natural family question,Does your mum live nearby?
16617,A2,housing,4.200,5,3,5,,0,Natural compliment,Your garden is so beautiful!
14407,A2,housing,4.200,4,4,5,,0,,They were late in paying the rent.
1654,A2,housing,4.200,4,4,5,,0,,I watch movies indoors with friends.
14751,A2,housing,4.200,4,4,5,,0,Useful real estate/economics phrase,The land around here is very expensive.
10853,A2,housing,4.200,4,4,5,,0,,He lives in a large city with many people.
4129,A2,housing,4.200,4,4,5,,0,,Let’s buy something practical for the house.
14142,A2,housing,4.200,5,3,5,,0,"Natural, present-perfect phrase with duration",The mouse has been living in the garage for weeks.
19758,A2,housing,4.400,5,4,4,,0,,I can’t stand the noise in this room.
2348,A2,housing,4.400,5,4,4,,0,,I need a ladder to reach the top shelf.
8444,A2,housing,4.400,5,4,4,,0,,I need help putting this chair together.
8438,A2,housing,4.400,5,4,4,,0,,They are going to install a new heating system.
315,A2,housing,4.600,5,4,5,,0,,This house is big.
2814,A2,housing,4.600,5,4,5,,0,Very common and easy to translate.,Do they live here?
19779,A2,housing,4.600,5,4,5,,0,practical everyday question,Do you own a house?
13920,A2,housing,4.600,5,4,5,,0,natural social phrase,Welcome to our new home!
2921,A2,housing,4.600,5,4,5,,0,,The office has a nice view.
10062,A2,housing,4.600,5,4,5,,0,"Common, useful compliment",Your house is so beautiful!
13563,A2,housing,4.600,5,4,5,,0,,This hotel is very expensive.
20362,A2,housing,4.600,5,4,5,,0,,I really like your new house!
6244,A2,housing,4.600,5,4,5,,0,,She hung her coat on the hook.
12166,A2,housing,4.600,5,4,5,,0,Common seasonal statement.,Heating bills are high in winter.
7094,A2,housing,4.600,5,4,5,,0,,The wall separates the two houses.
17425,A2,housing,4.600,5,4,5,,0,,He asked if the desk was for sale.
2347,A2,housing,4.600,5,4,5,,0,,He used a ladder to paint the wall.
15072,A2,housing,4.600,5,4,5,,0,"Common, clear request in daily life",Can you pass me a blanket? I'm cold.
9141,A2,housing,4.600,5,4,5,,0,,Have you talked to your landlord yet?
19784,A2,housing,4.600,5,4,5,,0,,They built their own house last year.
16206,A2,housing,4.600,5,4,5,,0,Common social invitation/request.,Can you come over to my house tonight?
17493,A2,housing,4.600,5,4,5,,0,,Have you ever bought furniture online?
19182,A2,housing,4.600,5,4,5,,0,,How much is the phone bill this month?
9390,A2,housing,4.600,5,4,5,,0,,There are four chairs around the table.
11749,A2,housing,4.600,5,4,5,,0,,They hope to buy a new house next year.
14719,A2,housing,4.600,5,4,5,,0,,I left my phone charging in the bedroom.
12030,A2,housing,4.600,5,4,5,,0,,There is no bath in this small apartment.
18198,A2,housing,4.600,5,4,5,,0,,The pool area is reserved for guests only.
13936,A2,housing,4.600,5,4,5,,0,,You’re welcome to stay as long as you like.
16900,A2,housing,4.600,5,4,5,,0,,The village is hidden behind a big mountain.
18510,A2,housing,4.600,5,4,5,,0,,There’s a big argument between the neighbors.
18406,A2,housing,4.800,5,5,4,,0,,Feel free to make yourself at home.
13265,A2,housing,4.800,5,5,4,,0,"very natural, practical","Wait, are you sure this is the right address?"
7148,A2,housing,5.000,5,5,5,,0,Essential travel phrase,The hotel is near the beach.
13750,A2,housing,5.000,5,5,5,,0,,"Hi, I’m looking for a hotel."
18481,A2,housing,5.000,5,5,5,,0,"Very natural, high utility",The house needs some repairs.
9703,A2,housing,5.000,5,5,5,,0,,"Turn on the lights, it’s dark."
15070,A2,housing,5.000,5,5,5,,0,"Very common, highly reusable, cleanly translatable.",Do you feel cold in this room?
20144,A2,housing,5.000,5,5,5,,0,,How much milk do we have left?
13762,A2,housing,5.000,5,5,5,,0,,"Hi, I heard you’re moving soon."
3826,A2,housing,5.000,5,5,5,,0,,I bought new furniture for my house.
15256,A2,housing,5.000,5,5,5,,0,"highly natural, essential navigation phrase",The station isn’t far from my house.
19568,A2,housing,5.000,5,5,5,,0,,His family lives in a small village.
20587,A2,housing,5.000,5,5,5,,0,natural modern texting request,Don’t forget to text me the address!
16018,A2,housing,5.000,5,5,5,,0,,"I’m fine staying home tonight, thanks."
21021,A2,housing,5.000,5,5,5,,0,highly natural travel phrase,We stayed at a nice hotel last weekend.
13309,A2,housing,5.000,5,5,5,,0,,I keep my passport in a safe place at home.
16578,A2,housing,5.000,5,5,5,,0,,They are staying with friends this weekend.
5594,B1,everyday,4.600,5,4,5,,0,,She suddenly started laughing.
6820,B1,everyday,4.600,5,4,5,,0,"Natural, relatable.",He needs to find some courage.
7523,B1,everyday,4.600,5,4,5,,0,,She baked warm cookies for us.
8977,B1,everyday,4.600,5,4,5,,0,,She beat her brother at chess.
9365,B1,everyday,4.600,5,4,5,,0,,I don’t buy expensive clothes.
14595,B1,everyday,4.600,5,4,5,,0,,"He’s rich, but he’s not happy."
17623,B1,everyday,4.600,5,4,5,,0,,The book costs thirty dollars.
19162,B1,everyday,4.600,5,4,5,,0,"Simple, natural, high-frequency.",Her story made everyone laugh.
19803,B1,everyday,4.600,5,4,5,,0,,My house is opposite the park.
1563,B1,everyday,4.600,5,4,5,,0,Good reflexive use.,He hid himself behind the door.
1566,B1,everyday,4.600,5,4,5,,0,,He stopped himself from crying.
2651,B1,everyday,4.600,5,4,5,,0,"Natural, distinct enough to keep.",His smile made me feel welcome.
5150,B1,everyday,4.600,5,4,5,,0,,He wrote her a romantic letter.
6317,B1,everyday,4.600,5,4,5,,0,,My crush always makes me smile.
11276,B1,everyday,4.600,5,4,5,,0,,That shoe looks amazing on you!
11634,B1,everyday,4.600,5,4,5,,0,,"He gave me a hard, angry stare."
12535,B1,everyday,4.600,5,4,5,,0,,I spilled soup on my new shirt!
14334,B1,everyday,4.600,5,4,5,,0,,She ran out of the room crying.
15636,B1,everyday,4.600,5,4,5,,0,,Do you remember our first date?
15827,B1,everyday,4.600,5,4,5,,0,"natural, highly relatable",The weekend went by so quickly.
16213,B1,everyday,4.600,5,4,5,,0,keep — distinct reassurance phrase,"Don’t worry, it’s all over now."
719,B1,everyday,4.600,5,4,5,,0,"Make a promise, practical.",He made a promise to be on time.
1018,B1,everyday,4.600,5,4,5,,0,,She finished preparing the meal.
1136,B1,everyday,4.600,5,4,5,,0,natural; dead/looks,The fish in the tank looks dead.
1369,B1,everyday,4.600,5,4,5,,0,,She grew up in a coastal region.
1496,B1,everyday,4.600,5,4,5,,0,,She doubts if she can trust him.
2333,B1,everyday,4.600,5,4,5,,0,,Money can cause a lot of stress.
2641,B1,everyday,4.600,5,4,5,,0,"Natural, emotionally relatable",A quick smile can show kindness.
7194,B1,everyday,4.600,5,4,5,,0,,He watches movies on his tablet.
7517,B1,everyday,4.600,5,4,5,,0,,"The coffee is warm, but not hot."
9024,B1,everyday,4.600,5,4,5,,0,,He beats everyone at card games.
9749,B1,everyday,4.600,5,4,5,,0,natural game/conversation phrase,Can you guess my favorite color?
10048,B1,everyday,4.600,5,4,5,,0,,She commented on my new haircut.
10524,B1,everyday,4.600,5,4,5,,0,keep — distinct scheduling reassurance,"Don’t worry, we can do it later."
11251,B1,everyday,4.600,5,4,5,,0,,He carried the bag with one arm.
13649,B1,everyday,4.600,5,4,5,,0,,Seeing her happy makes me smile.
13818,B1,everyday,4.600,5,4,5,,0,natural repair request,Can you fix this broken machine?
15214,B1,everyday,4.600,5,4,5,,0,,She asked me where I got my bag.
20541,B1,everyday,4.600,5,4,5,,0,,She spent half the day shopping.
1266,B1,everyday,4.600,5,4,5,,0,,She looks better with short hair.
1298,B1,everyday,4.600,5,4,5,,0,,She doesn't want to blame anyone.
1846,B1,everyday,4.600,5,4,5,,0,,That was a real nightmare for me.
2288,B1,everyday,4.600,5,4,5,,0,,He asked such a strange question.
2375,B1,everyday,4.600,5,4,5,,0,,She climbed the ladder carefully.
4911,B1,everyday,4.600,5,4,5,,0,,My family gathers every November.
5103,B1,everyday,4.600,5,4,5,,0,natural question with 'anywhere',Can we sit anywhere in this room?
5268,B1,everyday,4.600,5,4,5,,0,"natural, useful",Their favourite hobby is drawing.
6813,B1,everyday,4.600,5,4,5,,0,,She hopes to find true happiness.
7209,B1,everyday,4.600,5,4,5,,0,Natural shopping context.,He is looking for a cheap tablet.
9562,B1,everyday,4.600,5,4,5,,0,,Life can be hard without friends.
12789,B1,everyday,4.600,5,4,5,,0,natural tag question form,Don’t you feel cold in this room?
14567,B1,everyday,4.600,5,4,5,,0,,He always brings lunch from home.
15157,B1,everyday,4.600,5,4,5,,0,"Natural, sports/games context",A small mistake cost us the game.
15418,B1,everyday,4.600,5,4,5,,0,,I’m not ready to get married yet.
16277,B1,everyday,4.600,5,4,5,,0,,The baby is learning to walk now.
19014,B1,everyday,4.600,5,4,5,,0,,The rain ruined our picnic plans.
20088,B1,everyday,4.600,5,4,5,,0,,Maybe she forgot to call us back.
471,B1,everyday,4.600,4,5,5,,0,,Is it all right to call you later?
819,B1,everyday,4.600,5,4,5,,0,,Do you drink coffee every morning?
970,B1,everyday,4.600,5,4,5,,0,,He fully agrees with the decision.
1481,B1,everyday,4.600,5,4,5,,0,,I doubt he will come to the party.
2995,B1,everyday,4.600,5,4,5,,0,,The sheet of metal was very heavy.
3703,B1,everyday,4.600,5,4,5,,0,,He stirred his tea while thinking.
5897,B1,everyday,4.600,5,4,5,,0,"Natural, practical medical context.",He is in pain after the operation.
6277,B1,everyday,4.600,5,4,5,,0,,My friend told me about her crush.
7192,B1,everyday,4.600,5,4,5,,0,,She uses her tablet to read books.
7227,B1,everyday,4.600,5,4,5,,0,,My tablet helps me stay organized.
8047,B1,everyday,4.600,5,4,5,,0,Keep one — natural and relatable,A distant friend sent me a letter.
8497,B1,everyday,4.600,5,4,5,,0,"fun, natural, distinct",The couple wore matching sweaters.
8704,B1,everyday,4.600,5,4,5,,0,,He got drunk and missed his train.
11547,B1,everyday,4.600,5,4,5,,0,,Let’s wait until everyone arrives.
14936,B1,everyday,4.600,5,4,5,,0,,Do you know where I left my watch?
15050,B1,everyday,4.600,5,4,5,,0,Keep one 'pepper' rep; most natural,Pepper makes my food taste better.
16159,B1,everyday,4.600,5,4,5,,0,,He doesn’t like to repeat himself.
17236,B1,everyday,4.600,5,4,5,,0,,He doesn’t visit us every weekend.
17370,B1,everyday,4.600,5,4,5,,0,,Let’s test the new recipe tonight!
18361,B1,everyday,4.600,5,4,5,,0,,Life in the city can be very busy.
18654,B1,everyday,4.600,5,4,5,,0,,Do you wear glasses when you read?
19438,B1,everyday,4.600,5,4,5,,0,"Natural, casual.",His message made me feel so happy!
19476,B1,everyday,4.600,5,4,5,,0,,I don’t listen to the radio often.
19782,B1,everyday,4.600,5,4,5,,0,"household phrase, natural",Can you make your own lunch today?
20268,B1,everyday,4.600,5,4,5,,0,natural conversational question,Are you reading a novel right now?
20317,B1,everyday,4.600,5,4,5,,0,,She doesn’t meet her family often.
20696,B1,everyday,4.600,5,4,5,,0,,She looked down at her feet shyly.
20853,B1,everyday,4.600,5,4,5,,0,Natural,Sitting by the sea helps me relax.
481,B1,everyday,4.600,4,5,5,,0,,Is it all right to open the window?
849,B1,everyday,4.600,5,4,5,,0,,She drinks a cup of tea before bed.
2357,B1,everyday,4.600,5,4,5,,0,"safety imperative, common",Be careful when you use the ladder.
2996,B1,everyday,4.600,5,4,5,,0,,He covered the window with a sheet.
3253,B1,everyday,4.600,5,4,5,,0,,He drives a sports car on weekends.
3376,B1,everyday,4.600,5,4,5,,0,Different perspective; keep two,A loan can help in difficult times.
3550,B1,everyday,4.600,5,4,5,,0,Natural travel/transport phrase,A ferry leaves the port every hour.
3696,B1,everyday,4.600,5,4,5,,0,,She stirred the hot soup carefully.
3853,B1,everyday,4.600,5,4,5,,0,needs to be + past participle; polished,The furniture needs to be polished.
6267,B1,everyday,4.600,5,4,5,,0,,She is sewing a button on her coat.
7097,B1,everyday,4.600,5,4,5,,0,,Separate the papers into two piles.
8636,B1,everyday,4.600,5,4,5,,0,,She has a positive outlook on life.
8762,B1,everyday,4.600,5,4,5,,0,,The night train leaves at midnight.
11527,B1,everyday,4.600,5,4,5,,0,"highly natural, modern topic",Buying a dress online can be risky.
12479,B1,everyday,4.600,5,4,5,,0,,My daughter loves to draw pictures.
13207,B1,everyday,4.600,5,4,5,,0,,She said she lost her favorite hat.
13368,B1,everyday,4.600,5,4,5,,0,"Excellent: short, natural, emotionally resonant","She was sad, but she smiled anyway."
15313,B1,everyday,4.600,5,4,5,,0,,That film was absolutely fantastic!
15441,B1,everyday,4.600,5,4,5,,0,,She asked me to lend her my camera.
15904,B1,everyday,4.600,5,4,5,,0,"Natural, practical habitual keeps.",He keeps a list of his daily goals.
16431,B1,everyday,4.600,5,4,5,,0,,Have you tried this product before?
16934,B1,everyday,4.600,4,5,5,,0,core everyday phrase,We are late because of the traffic.
17548,B1,everyday,4.600,5,4,5,,0,,She glanced at the clock nervously.
20739,B1,everyday,4.600,5,4,5,,0,,This chair doesn’t match the table.
21468,B1,everyday,4.600,5,4,5,,0,,I didn’t believe the news at first.
1711,B1,everyday,4.600,5,4,5,,0,,She added a little salt to the soup.
1752,B1,everyday,4.600,5,4,5,,0,,He stood behind the counter smiling.
1852,B1,everyday,4.600,5,4,5,,0,,She screamed because of a nightmare.
3245,B1,everyday,4.600,5,4,5,,0,,She drives with a lot of confidence.
5706,B1,everyday,4.600,5,4,5,,0,,Let’s forget about the disagreement.
6019,B1,everyday,4.600,5,4,5,,0,,He’s actually very kind to everyone.
8474,B1,everyday,4.600,5,4,5,,0,,He has a matching tie for this suit.
8698,B1,everyday,4.600,5,4,5,,0,,The bar was full of drunk customers.
9974,B1,everyday,4.600,5,4,5,,0,,"He said, 'I’ll cook dinner tonight.'"
9988,B1,everyday,4.600,5,4,5,,0,,He doesn’t like living in the south.
10059,B1,everyday,4.600,5,4,5,,0,,I’m not sure if this is your jacket.
10223,B1,everyday,4.600,5,4,5,,0,,Let’s make some fresh juice at home.
11343,B1,everyday,4.600,5,4,5,,0,,My mom always cooks delicious meals.
12411,B1,everyday,4.600,5,4,5,,0,,The shower at the gym is very clean.
12942,B1,everyday,4.600,5,4,5,,0,,I’m tired because I went to the gym.
13583,B1,everyday,4.600,5,4,5,,0,,I’m thinking about my next vacation.
13616,B1,everyday,4.600,5,4,5,,0,Keep as 'painting' gerund rep,Painting a house can be very tiring.
14771,B1,everyday,4.600,5,4,5,,0,,She spoke of her childhood memories.
14805,B1,everyday,4.600,5,4,5,,0,,Let’s find out if the rumor is true.
15345,B1,everyday,4.600,5,4,5,,0,,He told me the same story yesterday.
15415,B1,everyday,4.600,5,4,5,,0,,He asked if I was married or single.
15578,B1,everyday,4.600,5,4,5,,0,,It's been a month since we last met!
19121,B1,everyday,4.600,5,4,5,,0,,"He said, 'I grew up in a tiny town.'"
20993,B1,everyday,4.600,5,4,5,,0,,The boy isn’t as tall as his father.
21160,B1,everyday,4.600,5,4,5,,0,,He shops for his family every month.
21230,B1,everyday,4.600,5,4,5,,0,Natural action sentence,She wrapped a scarf around her neck.
1534,B1,everyday,4.600,5,4,5,,0,"Reflexive lives by himself, natural.",He lives by himself in a small house.
2672,B1,everyday,4.600,5,4,5,,0,,She practises swimming every weekend.
3445,B1,everyday,4.600,5,4,5,,0,,He’s interested in technology trends.
4554,B1,everyday,4.600,5,4,5,,0,,She knows how to mix a good cocktail.
4587,B1,everyday,4.600,5,4,5,,0,,The cocktail had a bitter aftertaste.
5665,B1,everyday,4.600,5,4,5,,0,,Let’s solve this disagreement calmly.
5881,B1,everyday,4.600,5,4,5,,0,,He had a minor operation on his hand.
5903,B1,everyday,4.600,5,4,5,,0,,He returned home after the operation.
6188,B1,everyday,4.600,5,4,5,,0,,My brother was born in this hospital.
7385,B1,everyday,4.600,5,4,5,,0,,She loves the thrill of an adventure.
8074,B1,everyday,4.600,5,4,5,,0,,She takes care of her skin every day.
8183,B1,everyday,4.600,5,4,5,,0,,She chose a grey dress for the party.
8453,B1,everyday,4.600,5,4,5,,0,,He can install a new tire on the car.
8693,B1,everyday,4.600,5,4,5,,0,,He was drunk and said something rude.
10110,B1,everyday,4.600,5,4,5,,0,,Nobody understands me when I’m upset.
10308,B1,everyday,4.600,5,4,5,,0,natural anchor for 'after a long day' pattern,"After a long day, I’ll relax tonight."
12792,B1,everyday,4.600,5,4,5,,0,"participial clause structure, natural","Feeling tired, she went to bed early."
13448,B1,everyday,4.600,5,4,5,,0,,Nothing makes me happier than family.
14311,B1,everyday,4.600,5,4,5,,0,,She is a little girl with big dreams.
14463,B1,everyday,4.600,5,4,5,,0,,I don’t know who called me yesterday.
14503,B1,everyday,4.600,5,4,5,,0,natural health habit phrase,Eating dinner too late isn’t healthy.
15350,B1,everyday,4.600,5,4,5,,0,natural emotional/interpersonal phrase,Are you angry with me for being late?
15667,B1,everyday,4.600,5,4,5,,0,High utility health phrase,A healthy diet can improve your mood.
17127,B1,everyday,4.600,5,4,5,,0,,"She said, ‘I love this pink sweater!’"
20420,B1,everyday,4.600,5,4,5,,0,,"I’m not thirsty right now, thank you."
21479,B1,everyday,4.600,5,4,5,,0,,I’ve always believed in being honest.
67,B1,everyday,4.600,5,4,5,,0,Personal/natural; keep as rep,"Nowadays, I don’t have much free time."
1271,B1,everyday,4.600,5,4,5,,0,"Comparative structure, natural.",He is a better driver than his friend.
1871,B1,everyday,4.600,5,4,5,,0,,She described her nightmare in detail.
2332,B1,everyday,4.600,5,4,5,,0,,He wasted his money on useless things.
3546,B1,everyday,4.600,5,4,5,,0,,My uncle works as a guard at the port.
4120,B1,everyday,4.600,5,4,5,,0,,This backpack is practical for hiking.
4584,B1,everyday,4.600,5,4,5,,0,Natural restaurant/bar ordering.,He ordered a cocktail with extra lime.
5707,B1,everyday,4.600,5,4,5,,0,"Useful, natural phrasing",A disagreement shouldn’t ruin our day.
7535,B1,everyday,4.600,5,4,5,,0,,She spoke with a warm and gentle tone.
9550,B1,everyday,4.600,5,4,5,,0,,He tried hard but didn’t win the race.
9559,B1,everyday,4.600,5,4,5,,0,,He’s working hard to fix his computer.
10148,B1,everyday,4.600,5,4,5,,0,,The bike I ride every day is very old.
10437,B1,everyday,4.600,5,4,5,,0,,Having no friends nearby feels lonely.
10730,B1,everyday,4.600,5,4,5,,0,,"Now and then, I like to relax at home."
10759,B1,everyday,4.600,5,4,5,,0,"natural time expression, keep one Eight years phrase","Eight years ago, I moved to this city."
10965,B1,everyday,4.600,5,4,5,,0,"Natural, useful social phrase",A hobby can help you make new friends.
11463,B1,everyday,4.600,5,4,5,,0,"days of week, natural",Friday is my favorite day of the week.
12371,B1,everyday,4.600,5,4,5,,0,,Let’s ask if he prefers tea or coffee.
12429,B1,everyday,4.600,5,4,5,,0,,She didn’t laugh at my joke yesterday.
12457,B1,everyday,4.600,5,4,5,,0,,She feels bad about missing the party.
12828,B1,everyday,4.600,5,4,5,,0,concessive clause structure,"Even though he’s rich, he’s very kind."
13128,B1,everyday,4.600,5,4,5,,0,,She sprang up when she heard the news.
13663,B1,everyday,4.600,5,4,5,,0,,She ran downstairs to answer the door.
13773,B1,everyday,4.600,5,4,5,,0,,He said he could fix the broken chair.
14815,B1,everyday,4.600,5,4,5,,0,"Natural present continuous, practical.",He is sleeping on the couch right now.
14907,B1,everyday,4.600,5,4,5,,0,,He says his health is much better now.
15300,B1,everyday,4.600,5,4,5,,0,,She doesn’t enjoy horror films at all.
15371,B1,everyday,4.600,5,4,5,,0,natural emotional advice phrase,Feeling angry won’t solve the problem.
15435,B1,everyday,4.600,5,4,5,,0,"Present continuous + right now, natural.",He is fixing his old camera right now.
16398,B1,everyday,4.600,5,4,5,,0,,The museum was closed when we arrived.
16644,B1,everyday,4.600,5,4,5,,0,,They really know how to throw a party!
17164,B1,everyday,4.600,5,4,5,,0,,Let’s play a quick game before dinner!
18393,B1,everyday,4.600,5,4,5,,0,,He was a little surprised by the news.
19591,B1,everyday,4.600,5,4,5,,0,social behavior phrase,Giving compliments makes people happy.
19699,B1,everyday,4.600,5,4,5,,0,,My mum is better at cooking than I am.
21093,B1,everyday,4.600,5,4,5,,0,"natural, useful",The waiter forgot our order yesterday.
1538,B1,everyday,4.600,5,4,5,,0,"Reflexive + while clause, very natural.",He hurt himself while playing football.
1733,B1,everyday,4.600,5,4,5,,0,,He showed little respect for the rules.
2648,B1,everyday,4.600,5,4,5,,0,,He smiled awkwardly during the meeting.
3752,B1,everyday,4.600,5,4,5,,0,Different sense of 'tag'; keep,Tag the boxes so we know what’s inside.
4716,B1,everyday,4.600,5,4,5,,0,Classic help+infinitive structure.,He helped his neighbor paint the fence.
5119,B1,everyday,4.600,5,4,5,,0,,I’m not planning to move anywhere soon.
5286,B1,everyday,4.600,5,4,5,,0,,My favourite trip was to the mountains.
6145,B1,everyday,4.600,5,4,5,,0,keep; concessive 'but',The fox is a small but clever predator.
7371,B1,everyday,4.600,5,4,5,,0,,She told me about her latest adventure.
8116,B1,everyday,4.600,5,4,5,,0,"Natural, useful 'random guess'.",He made a random guess during the game.
8402,B1,everyday,4.600,5,4,5,,0,,He competes in amateur swimming events.
9566,B1,everyday,4.600,5,4,5,,0,,It was hard to hear him over the noise.
9664,B1,everyday,4.600,5,4,5,,0,,My first car was very old but reliable.
10015,B1,everyday,4.600,5,4,5,,0,,My partner loves cooking dinner for us.
11781,B1,everyday,4.600,5,4,5,,0,,She hugged each of her friends goodbye.
11918,B1,everyday,4.600,5,4,5,,0,,She only ate a quarter of her sandwich.
12862,B1,everyday,4.600,5,4,5,,0,,He didn’t notice me as he hurried past.
12955,B1,everyday,4.600,5,4,5,,0,"natural, high-frequency fitness lifestyle sentence","After the gym, I always feel energized."
13199,B1,everyday,4.600,5,4,5,,0,"natural, distinct object",Can you lend me your hat for the party?
13328,B1,everyday,4.600,5,4,5,,0,,It’s easy to get lost in this big city.
13627,B1,everyday,4.600,5,4,5,,0,Keep as specific 'painting the fence' rep,Painting the fence took us all weekend.
13662,B1,everyday,4.600,5,4,5,,0,natural household phrase,Can you come downstairs for dinner now?
13676,B1,everyday,4.600,5,4,5,,0,,She was downstairs when the phone rang.
14227,B1,everyday,4.600,5,4,5,,0,,I’m going to buy a lamp for my bedroom.
16677,B1,everyday,4.600,5,4,5,,0,,I’m not strong enough to lift this box.
18864,B1,everyday,4.600,5,4,5,,0,,He chopped a carrot to add to the stew.
19277,B1,everyday,4.600,5,4,5,,0,,Do you hear that strange sound outside?
20264,B1,everyday,4.600,5,4,5,,0,,"He said, 'I got your letter yesterday.'"
20272,B1,everyday,4.600,5,4,5,,0,,I’m not reading anything at the moment.
20339,B1,everyday,4.600,5,4,5,,0,natural emotional response sentence,"After meeting her, I felt much happier."
21338,B1,everyday,4.600,5,4,5,,0,natural social scenario,"After the party, everyone said goodbye."
21413,B1,everyday,4.600,5,4,5,,0,,She cooks a healthy meal every evening.
1191,B1,everyday,4.600,5,4,5,,0,natural indirect question,Can you calculate how long it will take?
1483,B1,everyday,4.600,5,4,5,,0,,She doubts her ability to pass the test.
3046,B1,everyday,4.600,5,4,5,,0,,The squirrel buried the nut in the soil.
3706,B1,everyday,4.600,5,4,5,,0,,She stirred the pot and added some salt.
5144,B1,everyday,4.600,5,4,5,,0,,She doesn’t feel safe anywhere at night.
5675,B1,everyday,4.600,5,4,5,,0,"Natural, universally relatable",A disagreement can happen in any family.
5736,B1,everyday,4.600,5,4,5,,0,despite; concessive structure,The event will proceed despite the rain.
8204,B1,everyday,4.600,5,4,5,,0,,He described the day as grey and boring.
9410,B1,everyday,4.600,5,4,5,,0,,He told me to wait at the table outside.
9994,B1,everyday,4.600,5,4,5,,0,,The southern part of town is very quiet.
11545,B1,everyday,4.600,5,4,5,,0,,Keep driving until you see the red sign.
11623,B1,everyday,4.600,5,4,5,,0,,It’s hard to believe that story is true.
11874,B1,everyday,4.600,5,4,5,,0,,She does her chores without complaining.
11945,B1,everyday,4.600,5,4,5,,0,,The player was injured during the match.
11955,B1,everyday,4.600,5,4,5,,0,,She is a better player than her brother.
12346,B1,everyday,4.600,5,4,5,,0,Natural everyday expression,A cup of soup is perfect for a cold day.
13041,B1,everyday,4.600,5,4,5,,0,,He bought a bottle of beer at the store.
13802,B1,everyday,4.600,5,4,5,,0,,She’s a real friend who always helps me.
13891,B1,everyday,4.600,5,4,5,,0,,"He said, ‘Look at this picture I found!’"
13996,B1,everyday,4.600,5,4,5,,0,,Moving to a new country changed my life.
14198,B1,everyday,4.600,5,4,5,,0,,Let’s travel light and avoid heavy bags.
14884,B1,everyday,4.600,5,4,5,,0,natural physical description,"After running, my face felt hot and red."
15372,B1,everyday,4.600,5,4,5,,0,,He became angry after waiting for hours.
15414,B1,everyday,4.600,5,4,5,,0,natural opinion phrase,Getting married in summer sounds lovely.
16899,B1,everyday,4.600,5,4,5,,0,,Can you show me the mountain on the map?
16909,B1,everyday,4.600,5,4,5,,0,natural errand request,Can you buy me a sandwich from the café?
17261,B1,everyday,4.600,5,4,5,,0,,"She doesn’t read magazines, only novels."
18199,B1,everyday,4.600,5,4,5,,0,natural leisure sentence,"After work, I like relaxing by the pool."
18534,B1,everyday,4.600,5,4,5,,0,Natural,Shopping for furniture can be expensive.
19271,B1,everyday,4.600,5,4,5,,0,,The person behind me paid for my coffee.
19328,B1,everyday,4.600,5,4,5,,0,,The car is parked in front of the house.
19831,B1,everyday,4.600,5,4,5,,0,Best of wore cluster — keep,She wore a dark blue dress to the party.
20876,B1,everyday,4.600,5,4,5,,0,keep,When will you finish painting the house?
21040,B1,everyday,4.600,4,5,5,,0,,Is it possible for you to call me later?
815,B1,everyday,4.600,5,4,5,,0,,She squeezed the stress ball in her palm.
1079,B1,everyday,4.600,5,4,5,,0,,I will pick some flowers from the garden.
1499,B1,everyday,4.600,5,4,5,,0,"Practical, natural.",He has doubts about moving to a new city.
2979,B1,everyday,4.600,5,4,5,,0,,The bed sheet smells fresh after washing.
5113,B1,everyday,4.600,5,4,5,,0,natural shopping question,Can you buy this product anywhere online?
7373,B1,everyday,4.600,5,4,5,,0,"Present continuous habitual, natural.",He is always looking for a new adventure.
7867,B1,everyday,4.600,5,4,5,,0,"evocative, natural disaster vocabulary","After the earthquake, the city was quiet."
8400,B1,everyday,4.600,5,4,5,,0,,I'm just getting started with this hobby.
8701,B1,everyday,4.600,5,4,5,,0,,She was drunk and couldn’t find her keys.
8991,B1,everyday,4.600,5,4,5,,0,,She beat the mixture until it was smooth.
9668,B1,everyday,4.600,5,4,5,,0,,He said his first priority is his family.
9738,B1,everyday,4.600,5,4,5,,0,,The afternoon traffic is always terrible.
9821,B1,everyday,4.600,5,4,5,,0,natural passive voice example,The vase was broken by the cat yesterday.
10174,B1,everyday,4.600,5,4,5,,0,,"I’ll take just one piece of cake, thanks."
10706,B1,everyday,4.600,5,4,5,,0,,I lost one shoe; have you seen the other?
11296,B1,everyday,4.600,5,4,5,,0,,Tea with lemon is good for a sore throat.
11421,B1,everyday,4.600,5,4,5,,0,,The recipe says to add one egg at a time.
12431,B1,everyday,4.600,5,4,5,,0,"natural, culturally universal",Don’t laugh when someone makes a mistake.
12860,B1,everyday,4.600,5,4,5,,0,,"The bus went past my stop, so I was late."
14646,B1,everyday,4.600,5,4,5,,0,,My favourite way to exercise is swimming.
14649,B1,everyday,4.600,5,4,5,,0,,My favourite memory is from my childhood.
15228,B1,everyday,4.600,5,4,5,,0,"consequence structure, natural","Follow the rule, or you’ll be in trouble."
17091,B1,everyday,4.600,5,4,5,,0,"natural, conversational",The worst thing happened to me yesterday.
17186,B1,everyday,4.600,5,4,5,,0,,I met an interesting person at the party.
20378,B1,everyday,4.600,5,4,5,,0,,He told me everything from the beginning.
1006,B1,everyday,4.600,5,4,5,,0,,She took part in the event wholeheartedly.
1116,B1,everyday,4.600,5,4,5,,0,,She needs to pick a partner for the dance.
2109,B1,everyday,4.600,5,4,5,,0,Practical health context.,He is trying to minimize his sugar intake.
2771,B1,everyday,4.600,5,4,5,,0,,My concentration improves in a quiet room.
4760,B1,everyday,4.600,5,4,5,,0,,They reached the beach just before sunset.
7312,B1,everyday,4.600,5,4,5,,0,,"The party was fun, but it left a big mess."
8647,B1,everyday,4.600,5,4,5,,0,Common motivational phrase,A positive attitude can change everything.
9161,B1,everyday,4.600,5,4,5,,0,"Negative present continuous + because, useful.",He isn’t cooking today because he’s tired.
9812,B1,everyday,4.600,5,4,5,,0,"highly natural, relatable",Breaking bad habits is really hard for me.
10121,B1,everyday,4.600,5,4,5,,0,,My neighbor helped me fix my broken chair.
11410,B1,everyday,4.600,5,4,5,,0,,I’ve been away from home since last month.
12495,B1,everyday,4.600,5,4,5,,0,,My daughter often talks about her friends.
13532,B1,everyday,4.600,5,4,5,,0,,Do you have a lot of friends in this city?
14702,B1,everyday,4.600,5,4,5,,0,,Living near the centre is very convenient.
14787,B1,everyday,4.600,5,4,5,,0,,It’s not true that I forgot your birthday.
15420,B1,everyday,4.600,5,4,5,,0,,Married life can be challenging sometimes.
15446,B1,everyday,4.600,5,4,5,,0,,"He said, ‘Bring your camera to the party.’"
15762,B1,everyday,4.600,5,4,5,,0,"natural, practical daily activity","After parking the car, we went for a walk."
16326,B1,everyday,4.600,5,4,5,,0,natural social outing sentence,"After the concert, we went out for dinner."
16611,B1,everyday,4.600,5,4,5,,0,,"She said, ‘Meet me in the garden at noon.’"
17720,B1,everyday,4.600,5,4,5,,0,Natural; frequency expression,"Once a year, we have a big family reunion."
18078,B1,everyday,4.600,5,4,5,,0,,Let’s change places so you can see better.
18079,B1,everyday,4.600,5,4,5,,0,,"She said, 'I want to change my hairstyle.'"
18330,B1,everyday,4.600,5,4,5,,0,,"He said, ‘I have some great news for you!’"
18369,B1,everyday,4.600,5,4,5,,0,,He told me that life is full of surprises.
18956,B1,everyday,4.600,5,4,5,,0,,I’m feeling pretty good after the workout.
19232,B1,everyday,4.600,5,4,5,,0,,Let’s park near the entrance to save time.
19332,B1,everyday,4.600,5,4,5,,0,Natural scene,She waved at me from the front of the bus.
769,B1,everyday,4.600,5,4,5,,0,,The baby touched my palm with tiny fingers.
5132,B1,everyday,4.600,5,4,5,,0,,She can’t find her favorite dress anywhere.
8670,B1,everyday,4.600,5,4,5,,0,,He felt drunk after drinking too much beer.
10689,B1,everyday,4.600,5,4,5,,0,,"He asked me, 'What language do you prefer?'"
11735,B1,everyday,4.600,5,4,5,,0,,"He said, ‘I can’t find my ticket anywhere!’"
12297,B1,everyday,4.600,5,4,5,,0,"distinct reflexive structure, practical",Ask yourself if this is the right decision.
12883,B1,everyday,4.600,5,4,5,,0,,She didn’t try hard enough to win the game.
13075,B1,everyday,4.600,5,4,5,,0,,Let’s complete this game before we go home.
13150,B1,everyday,4.600,5,4,5,,0,,"My son, who is very shy, doesn’t talk much."
13983,B1,everyday,4.600,5,4,5,,0,,Living in a new country can be challenging.
13998,B1,everyday,4.600,5,4,5,,0,natural request for clarification,Can you give me more detail about the trip?
14330,B1,everyday,4.600,5,4,5,,0,"natural, common decision-making expression","After a little thought, I made my decision."
14600,B1,everyday,4.600,5,4,5,,0,,"It’s a cheap phone, but it works perfectly."
14897,B1,everyday,4.600,5,4,5,,0,,She describes herself as a creative person.
15673,B1,everyday,4.600,5,4,5,,0,,She’s been eating healthy since last month.
15696,B1,everyday,4.600,5,4,5,,0,Natural gerund phrase,Packing for a trip always makes me excited.
16380,B1,everyday,4.600,5,4,5,,0,natural biographical phrase,Growing up with my brother was so much fun.
16614,B1,everyday,4.600,5,4,5,,0,natural after-dinner routine,"After dinner, we walked through the garden."
16616,B1,everyday,4.600,5,4,5,,0,,Maintaining a garden takes a lot of effort.
16921,B1,everyday,4.600,5,4,5,,0,,He was eating a sandwich while watching TV.
18531,B1,everyday,4.600,5,4,5,,0,"Natural, useful",Shopping during sales saves a lot of money.
19216,B1,everyday,4.600,5,4,5,,0,,The sentence she wrote made everyone laugh.
19818,B1,everyday,4.600,5,4,5,,0,,The opposite side of the street is quieter.
20969,B1,everyday,4.600,5,4,5,,0,,Seven of us are meeting for dinner tonight.
2370,B1,everyday,4.600,5,4,5,,0,,She stood on the ladder to hang the picture.
2426,B1,everyday,4.600,5,4,5,,0,,She walked alongside her dog in the evening.
4091,B1,everyday,4.600,5,4,5,,0,,Let’s make a practical plan for the weekend.
6144,B1,everyday,4.600,5,4,5,,0,"Vivid, distinct predator fact — keep",A predator can smell its prey from far away.
6190,B1,everyday,4.600,5,4,5,,0,,She volunteered at the hospital last summer.
6966,B1,everyday,4.600,5,4,5,,0,,My childhood was spent with my grandparents.
8936,B1,everyday,4.600,5,4,5,,0,keep one long-flight phrase,Flying to another country takes a long time.
9322,B1,everyday,4.600,5,4,5,,0,,I love drinking orange juice in the morning.
9336,B1,everyday,4.600,5,4,5,,0,,The orange car stood out in the parking lot.
9500,B1,everyday,4.600,5,4,5,,0,,I’m going to bake a chocolate cake tomorrow.
9917,B1,everyday,4.600,5,4,5,,0,,Let’s clean this section of the house first.
11827,B1,everyday,4.600,5,4,5,,0,,This book was a present from my best friend.
11899,B1,everyday,4.600,5,4,5,,0,natural,The water in the pool was surprisingly warm.
11909,B1,everyday,4.600,5,4,5,,0,"relatable, vivid","After a cold day, a warm bath feels amazing."
11941,B1,everyday,4.600,5,4,5,,0,,The player scored a goal in the last minute.
12313,B1,everyday,4.600,5,4,5,,0,,Living in the capital can be very expensive.
13612,B1,everyday,4.600,5,4,5,,0,,The painting in the living room is very old.
14151,B1,everyday,4.600,5,4,5,,0,,"He said, 'There’s a mouse behind the shelf!'"
14973,B1,everyday,4.600,5,4,5,,0,,"That man over there looks tired, doesn’t he?"
17270,B1,everyday,4.600,5,4,5,,0,,I love reading stories to my little brother.
19126,B1,everyday,4.600,4,5,5,,0,,I’m going to the town to buy some groceries.
19843,B1,everyday,4.600,5,4,5,,0,,It was so dark that I tripped on the stairs.
20110,B1,everyday,4.600,5,4,5,,0,,"Maybe next time, we’ll plan the trip better."
20492,B1,everyday,4.600,5,4,5,,0,,"My girlfriend was upset, but she’s okay now."
20797,B1,everyday,4.600,5,4,5,,0,,He found the key that was missing for weeks.
21327,B1,everyday,4.600,5,4,5,,0,,Saying goodbye to old friends is always sad.
2625,B1,everyday,4.600,5,4,5,,0,"Natural, different from warm smile; keep.",His smile disappeared when he heard the news.
5154,B1,everyday,4.600,5,4,5,,0,,He gave her a romantic gift for her birthday.
10467,B1,everyday,4.600,5,4,5,,0,"natural, helpful vocabulary in context",A teenager helped me carry my bags yesterday.
11091,B1,everyday,4.600,5,4,5,,0,,This cake tastes even better than I expected!
11416,B1,everyday,4.600,5,4,5,,0,natural past tense,The egg broke when I dropped it on the floor.
11959,B1,everyday,4.600,5,4,5,,0,,He told me that the player had left the team.
11985,B1,everyday,4.600,5,4,5,,0,Everyday experience; comparative,Opening the bottle was harder than I thought.
12450,B1,everyday,4.600,5,4,5,,0,,"She said, ‘Don’t laugh at me!’ when she fell."
14109,B1,everyday,4.600,5,4,5,,0,,Let’s change the subject of our conversation.
15286,B1,everyday,4.600,5,4,5,,0,,Let’s laugh together at this old photo of us!
16947,B1,everyday,4.600,5,4,5,,0,Natural cause-effect,She was upset because no one listened to her.
17978,B1,everyday,4.600,5,4,5,,0,"Good at + gerund, very useful.",He is good at building things with his hands.
18024,B1,everyday,4.600,5,4,5,,0,,"The price is under $50, which is a good deal."
19756,B1,everyday,4.600,5,4,5,,0,,"He stood by the door, waiting for his friend."
20263,B1,everyday,4.600,5,4,5,,0,natural narrative sentence,"After reading the letter, she started to cry."
20396,B1,everyday,4.600,5,4,5,,0,,He was very angry with his brother yesterday.
20490,B1,everyday,4.600,5,4,5,,0,,My girlfriend said she loves this restaurant.
21197,B1,everyday,4.600,5,4,5,,0,,Let’s part ways here and meet again tomorrow.
9310,B1,everyday,4.600,4,5,5,,0,,I asked him to show me the way to the station.
10136,B1,everyday,4.600,5,4,5,,0,,They will ride the train to the city tomorrow.
14445,B1,everyday,4.600,5,4,5,,0,,"He said, 'Let’s go to the restaurant tonight.'"
14451,B1,everyday,4.600,5,4,5,,0,,The restaurant staff were very friendly to us.
17232,B1,everyday,4.600,5,4,5,,0,natural personal growth sentence,"After joining the club, I felt more confident."
18536,B1,everyday,4.600,5,4,5,,0,,"She said, 'I hate shopping in crowded places.'"
18733,B1,everyday,4.600,5,4,5,,0,,I’m full of energy after a good night’s sleep.
19428,B1,everyday,4.600,5,4,5,,0,,He wrote a long message to explain everything.
20434,B1,everyday,4.600,5,4,5,,0,,She said she was thirsty and asked for a soda.
2404,B1,everyday,4.600,5,4,5,,0,,He stood alongside his teammates for the photo.
5376,B1,everyday,4.600,5,4,5,,0,,He fixed the electrical problem in the kitchen.
5895,B1,everyday,4.600,5,4,5,,0,,She stayed in the hospital after the operation.
9536,B1,everyday,4.600,5,4,5,,0,,She said she had a few problems with her phone.
9977,B1,everyday,4.600,5,4,5,,0,,She has been cooking all morning for the event.
10968,B1,everyday,4.600,5,4,5,,0,"wellness phrase, natural",Finding a hobby is important for stress relief.
10989,B1,everyday,4.600,5,4,5,,0,,The black tea tastes better than the green one.
12141,B1,everyday,4.600,5,4,5,,0,,He gets excited every time he talks about cars.
12445,B1,everyday,4.600,5,4,5,,0,,I wish I could laugh more often with my family.
12750,B1,everyday,4.600,5,4,5,,0,,There weren’t any clean towels in the bathroom.
15580,B1,everyday,4.600,5,4,5,,0,Natural narrative with progress,"A month ago, I didn’t know how to use this app."
15625,B1,everyday,4.600,5,4,5,,0,,I’m always hungry when I travel long distances.
15937,B1,everyday,4.600,5,4,5,,0,,"She said, 'This is my third attempt to fix it.'"
16607,B1,everyday,4.600,5,4,5,,0,,Let’s have a picnic in the garden this weekend!
16912,B1,everyday,4.600,5,4,5,,0,,Let’s share this sandwich because it’s too big.
17231,B1,everyday,4.600,5,4,5,,0,,The club is looking for new members this month.
19057,B1,everyday,4.600,5,4,5,,0,,She doesn’t swim because she’s afraid of water.
19346,B1,everyday,4.600,5,4,5,,0,,He tripped and fell right in front of everyone.
20016,B1,everyday,4.600,5,4,5,,0,,He gave me wrong information about the address.
20817,B1,everyday,4.600,5,4,5,,0,,Do you notice any difference in my new haircut?
2134,B1,everyday,4.600,5,4,5,,0,"Natural, practical context.",He is learning to minimize distractions at work.
8049,B1,everyday,4.600,5,4,5,,0,,She has a distant relationship with her brother.
9652,B1,everyday,4.600,5,4,5,,0,"Natural, ordinal construction",She was the first person to arrive at the party.
11990,B1,everyday,4.600,5,4,5,,0,,She asked me to buy a bottle of oil for cooking.
13621,B1,everyday,4.600,5,4,5,,0,Distinct result clause; keep,Painting the walls white made the room brighter.
14694,B1,everyday,4.600,5,4,5,,0,,Let’s place the table in the centre of the room.
14898,B1,everyday,4.600,5,4,5,,0,,Let’s describe our favorite foods to each other.
17823,B1,everyday,4.600,5,4,5,,0,,Salt is often added to water when boiling pasta.
20887,B1,everyday,4.600,5,4,5,,0,,He didn’t visit his friends during the holidays.
21077,B1,everyday,4.600,5,4,5,,0,,"He said, ‘Just wait in line like everyone else.’"
4288,B1,everyday,4.600,5,4,5,,0,,The ray of hope kept me going during tough times.
9610,B1,everyday,4.600,5,4,5,,0,,He said he would buy dinner for everyone tonight.
12144,B1,everyday,4.600,5,4,5,,0,,"My friend told me, ‘I’m excited to see you soon!’"
14452,B1,everyday,4.600,5,4,5,,0,,"Let’s try a different restaurant next time, okay?"
15412,B1,everyday,4.600,5,4,5,,0,,"If I get married, I’ll invite you to the wedding."
17165,B1,everyday,4.600,5,4,5,,0,,They will play a match against our team tomorrow.
18382,B1,everyday,4.600,5,4,5,,0,"evocative, natural life milestone","After retiring, he started a new life by the sea."
18521,B1,everyday,4.600,5,4,5,,0,,He asked me to choose between staying or leaving.
18871,B1,everyday,4.600,5,4,5,,0,,"She said, ‘I don’t want any carrots on my plate.’"
21489,B1,everyday,4.600,5,4,5,,0,,Don’t believe him; his story is completely false.
5305,B1,everyday,4.600,5,4,5,,0,,She felt a surge of anger when she heard the news.
10125,B1,everyday,4.600,5,4,5,,0,,Seeing that old photo reminded me of my childhood.
13682,B1,everyday,4.600,5,4,5,,0,,The noise from downstairs kept me awake all night.
14444,B1,everyday,4.600,5,4,5,,0,,"The restaurant was full, so we couldn’t eat there."
16559,B1,everyday,4.600,5,4,5,,0,Comparative; practical vocab,Ordering online is faster than going to the store.
17431,B1,everyday,4.600,5,4,5,,0,,Let’s move the desk to the other side of the room.
18843,B1,everyday,4.600,5,4,5,,0,,My brother’s main interest is playing video games.
19674,B1,everyday,4.600,5,4,5,,0,,"She said, ‘I don’t know what type of gift to buy.’"
8524,B1,everyday,4.600,5,4,5,,0,,My job is interesting because the tasks are varied.
11891,B1,everyday,4.600,5,4,5,,0,,The room feels warm after the heater was turned on.
13295,B1,everyday,4.600,5,4,5,,0,,"She said she’d be here in a second, but she’s late."
2381,B1,everyday,4.600,5,4,5,,0,,She balanced on the ladder to change the light bulb.
9631,B1,everyday,4.600,5,4,5,,0,,"If I had a thousand dollars, I would buy a new phone."
10474,B1,everyday,4.600,5,4,5,,0,distinct life-stage phrase,Being a teenager can be really challenging sometimes.
16955,B1,everyday,4.600,5,4,5,,0,,I didn’t tell her because I didn’t want to worry her.
18304,B1,everyday,4.600,5,4,5,,0,,Seeing the baby crawl for the first time was amazing.
18833,B1,everyday,4.600,5,4,5,,0,,My interest in technology started when I was a child.
21400,B1,everyday,4.600,5,4,5,,0,"practical travel sentence, distinct context","After a long trip, I just want to relax at the hotel."
10896,B1,everyday,4.600,5,4,5,,0,"Contrast but clause, natural.","He isn’t a professional dancer, but he loves to dance."
12425,B1,everyday,4.600,5,4,5,,0,"natural, relatable expression","After camping, I couldn’t wait to have a proper shower."
12564,B1,everyday,4.600,5,4,5,,0,,Let’s paint the walls purple to give the room a fresh new look.
11766,B1,everyday,4.800,5,5,4,,0,,I hope this works out!
7169,B1,everyday,4.800,5,5,4,,0,,I checked out of the hotel.
2335,B1,everyday,4.800,5,5,4,,0,,I’m short of money this month.
6181,B1,everyday,4.800,5,5,4,,0,,The hospital is open 24 hours.
3012,B1,everyday,4.800,5,5,4,,0,natural idiom (hard nut to crack),This nut is very hard to crack.
5606,B1,everyday,4.800,5,5,4,,0,Key idiom; important to teach,"Out of the blue, she called me."
10295,B1,everyday,4.800,5,5,4,,0,,"If you’re free, join us tonight."
13946,B1,everyday,4.800,5,5,4,,0,,I am going away for the weekend.
20926,B1,everyday,4.800,5,5,4,,0,Good phrasal verb 'come about'.,How did this problem come about?
10355,B1,everyday,4.800,5,5,4,,0,,I was dying to tell her the news.
15393,B1,everyday,4.800,5,5,4,,0,,I’ll call you back when I’m free.
4800,B1,everyday,4.800,5,5,4,,0,,I picked up a new hobby last week.
11165,B1,everyday,4.800,5,5,4,,0,idiom — keep,Time flies when you’re having fun.
11292,B1,everyday,4.800,5,5,4,,0,,"If you’re cold, have some hot tea."
11302,B1,everyday,4.800,5,5,4,,0,,I’ll make tea if you get the cups.
14396,B1,everyday,4.800,5,5,4,,0,,I’ll call you if I’m running late.
17092,B1,everyday,4.800,5,5,4,,0,,"If you need anything, just ask me."
18322,B1,everyday,4.800,5,5,4,,0,,"If you hear any news, let me know."
18359,B1,everyday,4.800,5,5,4,,0,Natural greeting follow-up.,How is your life going these days?
18942,B1,everyday,4.800,5,5,4,,0,"natural tag question, jewelry","This necklace is pretty, isn’t it?"
2512,B1,everyday,4.800,5,5,4,,0,"idiomatic expression, high utility",Follow your gut if you’re not sure.
14376,B1,everyday,4.800,5,5,4,,0,,The house on the right is for sale.
20249,B1,everyday,4.800,5,5,4,,0,,The letter on the table is for you.
7332,B1,everyday,4.800,5,5,4,,0,"natural, highly useful",The traffic was a mess this morning.
15370,B1,everyday,4.800,5,5,4,,0,,I’ve never seen her so angry before.
16683,B1,everyday,4.800,5,5,4,,0,,I’ve had enough of this noisy place!
21223,B1,everyday,4.800,5,5,4,,0,,I’ll be around if you need any help.
1503,B1,everyday,4.800,5,5,4,,0,"motivational, highly natural",Don’t let doubt stop you from trying.
5105,B1,everyday,4.800,5,5,4,,0,,Have you been anywhere nice recently?
9940,B1,everyday,4.800,5,5,4,,0,,"If you need help, I’ll be right here."
11453,B1,everyday,4.800,5,5,4,,0,,"If you know his name, please tell me."
17612,B1,everyday,4.800,5,5,4,,0,,I’ve got a lot on my mind these days.
19357,B1,everyday,4.800,5,5,4,,0,,Have you got any ideas for the party?
13513,B1,everyday,4.800,5,5,4,,0,,I’ve known her since we were children.
16970,B1,everyday,4.800,5,5,4,,0,,"If you don’t stop arguing, I’ll leave."
9220,B1,everyday,4.800,5,5,4,,0,,"If the train is delayed, I’ll call you."
10724,B1,everyday,4.800,5,5,4,,0,,"If you leave now, you’ll catch the bus."
15188,B1,everyday,4.800,5,5,4,,0,,Could you do something about the noise?
15669,B1,everyday,4.800,5,5,4,,0,,"If you eat well, you'll feel healthier."
16373,B1,everyday,4.800,5,5,4,,0,,"If my brother calls, tell him I’m busy."
12101,B1,everyday,4.800,5,5,4,,0,very common social phrase,Don’t worry about the price; it’s on me!
12487,B1,everyday,4.800,5,5,4,,0,,"If my daughter calls, tell her I’m busy."
11093,B1,everyday,4.800,5,5,4,,0,,I’d better call her before it’s too late.
476,B1,everyday,4.800,5,5,4,,0,,It's all right if you can't make it today.
20091,B1,everyday,4.800,5,5,4,,0,,"If you ask nicely, maybe they’ll help you."
9583,B1,everyday,4.800,5,5,4,,0,,She was all smiles when she heard the news.
14548,B1,everyday,4.800,5,5,4,,0,idiom/wisdom,"We can’t change the past, so let’s move on."
10583,B1,everyday,4.800,5,5,4,,0,natural idiom 'feeling up to',Are you feeling up to joining us for dinner?
18160,B1,everyday,4.800,5,5,4,,0,,There used to be a small shop on this street.
17220,B1,everyday,4.800,5,5,4,,0,,"If you join the club, you’ll make new friends."
18237,B1,everyday,4.800,5,5,4,,0,,The hospital called to confirm my appointment.
20798,B1,everyday,4.800,5,5,4,,0,,"If you lose the key, you can’t enter the room."
18071,B1,everyday,4.800,5,5,4,,0,,"If you change your diet, you might feel better."
18739,B1,everyday,4.800,5,5,4,,0,,"If the bus is full, we’ll wait for the next one."
5412,B1,everyday,4.800,5,5,4,,0,"natural contrast, practical",This chair is uncomfortable; I’ll take the other.
13054,B1,everyday,4.800,5,5,4,,0,,I shouldn’t drink beer because I’m driving later.
17756,B1,everyday,4.800,5,5,4,,0,,There’s a note on the door saying they’re closed.
9094,B1,everyday,4.800,5,5,4,,0,,"If you put the food in the fridge, it won’t spoil."
9659,B1,everyday,4.800,5,5,4,,0,,"If you arrive early, you can choose your seat first."
10700,B1,everyday,4.800,5,5,4,,0,"keep - hotel full, problem-solving","This hotel is full, so we’ll look for other options."
15617,B1,everyday,4.800,5,5,4,,0,,"If you’re hungry, there’s some fruit in the kitchen."
15832,B1,everyday,4.800,5,5,4,,0,excellent,The weekend is a great time to catch up with friends.
14718,B1,everyday,4.800,5,5,4,,0,,"If you had left earlier, you wouldn’t have missed the bus."
15261,B1,everyday,4.800,5,5,4,,0,,"If you miss the train, wait at the station for the next one."
16637,B1,everyday,5.000,5,5,5,,1,,"They were surprised by the news, weren’t they?"
4767,B1,everyday,5.000,5,5,5,,1,,They reached a decision after hours of discussion.
21274,B1,everyday,5.000,5,5,5,,0,,The song made me cry.
12179,B1,everyday,5.000,5,5,5,,0,,I think you are right.
21307,B1,everyday,5.000,5,5,5,,0,,I want you to be happy.
5801,B1,everyday,5.000,5,5,5,,0,,I’m shopping online now.
5807,B1,everyday,5.000,5,5,5,,0,Core comprehension idiom,Now I see what you mean.
8389,B1,everyday,5.000,5,5,5,,0,,She's new to this sport.
15402,B1,everyday,5.000,5,5,5,,0,,I got married last year.
7558,B1,everyday,5.000,5,5,5,,0,High-frequency tech phrase.,How do I update this app?
16182,B1,everyday,5.000,5,5,5,,0,,Let’s try again tomorrow.
20345,B1,everyday,5.000,5,5,5,,0,Canonical looks like comparison.,He looks like his father.
6796,B1,everyday,5.000,5,5,5,,0,,I need to find my glasses.
8004,B1,everyday,5.000,5,5,5,,0,,I refuse to waste my time.
11890,B1,everyday,5.000,5,5,5,,0,,Do you mind if I sit here?
16365,B1,everyday,5.000,5,5,5,,0,keep,Where is your brother now?
1486,B1,everyday,5.000,5,5,5,,0,,He doubts everything I say.
5391,B1,everyday,5.000,5,5,5,,0,"natural, practical product info",This toy runs on batteries.
6266,B1,everyday,5.000,5,5,5,,0,,The coat looks good on you.
7214,B1,everyday,5.000,5,5,5,,0,,I need to update my tablet.
9185,B1,everyday,5.000,5,5,5,,0,,He doesn’t like spicy food.
19608,B1,everyday,5.000,5,5,5,,0,keep,Why did she leave so early?
20446,B1,everyday,5.000,5,5,5,,0,Classic high-frequency question.,How does this machine work?
21009,B1,everyday,5.000,5,5,5,,0,,I am at the park right now.
105,B1,everyday,5.000,5,5,5,,0,essential health phrase,Exercise helps you stay fit.
1727,B1,everyday,5.000,5,5,5,,0,,She told me a little secret.
6225,B1,everyday,5.000,5,5,5,,0,keep,Where did you buy that coat?
6785,B1,everyday,5.000,5,5,5,,0,need to find a new house — essential,We need to find a new house.
6793,B1,everyday,5.000,5,5,5,,0,,He couldn’t find his wallet.
7327,B1,everyday,5.000,5,5,5,,0,idiomatic; high utility,The garage is always a mess.
7583,B1,everyday,5.000,5,5,5,,0,,The app is not working well.
9955,B1,everyday,5.000,5,5,5,,0,,I cook dinner every evening.
10211,B1,everyday,5.000,5,5,5,,0,keep,Where did you put the juice?
10432,B1,everyday,5.000,5,5,5,,0,,No way! That’s unbelievable!
11753,B1,everyday,5.000,5,5,5,,0,,"I hope so, but I’m not sure."
12418,B1,everyday,5.000,5,5,5,,0,,I prefer a shower to a bath.
12785,B1,everyday,5.000,5,5,5,,0,,She doesn’t feel well today.
14403,B1,everyday,5.000,5,5,5,,0,,He told me he would be late.
17135,B1,everyday,5.000,5,5,5,,0,keep,Who is standing next to you?
19425,B1,everyday,5.000,5,5,5,,0,keep,What does this message mean?
675,B1,everyday,5.000,5,5,5,,0,most natural and versatile,"The following day, it rained."
1075,B1,everyday,5.000,5,5,5,,0,Phrasal verb 'pick up'; everyday,Please pick up your toys now.
1553,B1,everyday,5.000,5,5,5,,0,,He told himself to stay calm.
1634,B1,everyday,5.000,5,5,5,,0,,I stay indoors when it rains.
2854,B1,everyday,5.000,5,5,5,,0,,He does everything with care.
3260,B1,everyday,5.000,5,5,5,,0,,I don’t drive if I feel sick.
7181,B1,everyday,5.000,5,5,5,,0,,I had a problem at the hotel.
10362,B1,everyday,5.000,5,5,5,,0,,I want to paint my room blue.
11449,B1,everyday,5.000,5,5,5,,0,,I will never forget her name.
13519,B1,everyday,5.000,5,5,5,,0,,I don’t know what to do next.
15030,B1,everyday,5.000,5,5,5,,0,,"They were late, weren’t they?"
16300,B1,everyday,5.000,5,5,5,,0,,I remember being a shy child.
18686,B1,everyday,5.000,5,5,5,,0,"Natural, distinct from other how-much questions.",How much longer will we wait?
20910,B1,everyday,5.000,5,5,5,,0,keep,When will you come back home?
21277,B1,everyday,5.000,5,5,5,,0,"natural, emotional resonance",This song reminds me of home.
21342,B1,everyday,5.000,5,5,5,,0,keep — distinct idiom from 21337,"Goodbye, let’s keep in touch!"
5098,B1,everyday,5.000,5,5,5,,0,,I can’t find my keys anywhere.
5573,B1,everyday,5.000,5,5,5,,0,,She suddenly changed her mind.
6263,B1,everyday,5.000,5,5,5,,0,,I saw a nice coat in the shop.
6816,B1,everyday,5.000,5,5,5,,0,"very natural, high frequency",Can you find a moment to talk?
7577,B1,everyday,5.000,5,5,5,,0,,The app updates automatically.
9063,B1,everyday,5.000,5,5,5,,0,,She used to live in a village.
9577,B1,everyday,5.000,5,5,5,,0,keep,Why did you buy all this food?
9716,B1,everyday,5.000,5,5,5,,0,,I’m focusing on my health now.
10096,B1,everyday,5.000,5,5,5,,0,,I would hate to lose my phone.
10163,B1,everyday,5.000,5,5,5,,0,natural shopping phrase,This is the one I want to buy.
10427,B1,everyday,5.000,5,5,5,,0,,There’s no reason to be upset.
10443,B1,everyday,5.000,5,5,5,,0,,She forgot her password again.
10519,B1,everyday,5.000,5,5,5,,0,,She said she would come later.
10532,B1,everyday,5.000,5,5,5,,0,,"Later, I realized I was wrong."
13966,B1,everyday,5.000,5,5,5,,0,,"She said, ‘Go away, I’m busy!’"
15663,B1,everyday,5.000,5,5,5,,0,,I want to live a healthy life.
20003,B1,everyday,5.000,5,5,5,,0,keep,Why can’t you be more patient?
20640,B1,everyday,5.000,5,5,5,,0,,He didn’t even try to help us.
2837,B1,everyday,5.000,5,5,5,,0,,Do you often visit your family?
5584,B1,everyday,5.000,5,5,5,,0,"barked loudly, natural",The dog suddenly barked loudly.
5795,B1,everyday,5.000,5,5,5,,0,,She’s talking on the phone now.
5810,B1,everyday,5.000,5,5,5,,0,Practical conversational phrase,Now is not a good time to talk.
7186,B1,everyday,5.000,5,5,5,,0,,I enjoyed my stay at the hotel.
10415,B1,everyday,5.000,5,5,5,,0,,I have no idea what to do next.
10523,B1,everyday,5.000,5,5,5,,0,,He arrived later than expected.
11297,B1,everyday,5.000,5,5,5,,0,,She asked if I wanted some tea.
11516,B1,everyday,5.000,5,5,5,,0,"natural, common clothing complaint",This dress is too small for me.
11775,B1,everyday,5.000,5,5,5,,0,,I gave each child a small gift.
12810,B1,everyday,5.000,5,5,5,,0,"Classic contrast, high utility.","He isn’t rich, but he is happy."
14402,B1,everyday,5.000,5,5,5,,0,,"She said, 'I’m sorry I’m late.'"
14760,B1,everyday,5.000,5,5,5,,0,"natural, family photo context",This is a picture of my family.
15029,B1,everyday,5.000,5,5,5,,0,,I hate being late for anything!
15605,B1,everyday,5.000,5,5,5,,0,,She told me to come on Tuesday.
19605,B1,everyday,5.000,5,5,5,,0,"Extremely common scenario, high utility.",He left his phone on the table.
20900,B1,everyday,5.000,5,5,5,,0,,"She said, 'Come visit me soon!'"
70,B1,everyday,5.000,5,5,5,,0,keep,We watch movies online nowadays.
1497,B1,everyday,5.000,5,5,5,,0,,I doubt this is the best choice.
1551,B1,everyday,5.000,5,5,5,,0,,He enjoyed himself at the party.
2336,B1,everyday,5.000,5,5,5,,0,,She manages her money very well.
2825,B1,everyday,5.000,5,5,5,,0,,He doesn't do his work properly.
3406,B1,everyday,5.000,5,5,5,,0,,She took a loan to buy a laptop.
3409,B1,everyday,5.000,5,5,5,,0,"Practical, high-utility financial vocabulary.",His loan was approved last week.
6818,B1,everyday,5.000,5,5,5,,0,,I couldn’t find the right words.
8986,B1,everyday,5.000,5,5,5,,0,,They beat us in the final match.
9681,B1,everyday,5.000,5,5,5,,0,,He will do anything to help you.
12387,B1,everyday,5.000,5,5,5,,0,,I think I will take a break now.
13151,B1,everyday,5.000,5,5,5,,0,,I told my son to clean his room.
16241,B1,everyday,5.000,5,5,5,,0,keep,Who else is coming to the party?
16834,B1,everyday,5.000,5,5,5,,0,,I forgot to send the invitation.
17485,B1,everyday,5.000,5,5,5,,0,,I often shop online for clothes.
17572,B1,everyday,5.000,5,5,5,,0,keep,When did you buy this new phone?
17882,B1,everyday,5.000,5,5,5,,0,,He’s probably at home right now.
19990,B1,everyday,5.000,5,5,5,,0,,They might be at home right now.
20172,B1,everyday,5.000,5,5,5,,0,,There’s a problem with my phone.
20805,B1,everyday,5.000,5,5,5,,0,,"She said, 'I can’t find my key!'"
466,B1,everyday,5.000,5,5,5,,0,natural safety/concern expression anchor,Are you all right after the fall?
738,B1,everyday,5.000,5,5,5,,0,,I promise to cook dinner tonight.
842,B1,everyday,5.000,5,5,5,,0,,They don’t drink coffee at night.
4705,B1,everyday,5.000,5,5,5,,0,,She helps her mom in the kitchen.
8625,B1,everyday,5.000,5,5,5,,0,,I feel positive about the future.
9952,B1,everyday,5.000,5,5,5,,0,,"He said, ‘Meet me here at 5 p.m.’"
10575,B1,everyday,5.000,5,5,5,,0,keep,Why are you feeling so sad today?
11062,B1,everyday,5.000,5,5,5,,0,,Let us know if you need any help.
11477,B1,everyday,5.000,5,5,5,,0,,She told me she’s free on Friday.
11636,B1,everyday,5.000,5,5,5,,0,,That was a hard decision to make!
12403,B1,everyday,5.000,5,5,5,,0,,She is taking a shower right now.
12469,B1,everyday,5.000,5,5,5,,0,Common idiomatic expression,A bad habit can be hard to break.
12687,B1,everyday,5.000,5,5,5,,0,,I have been sick since last week.
12696,B1,everyday,5.000,5,5,5,,0,,Having a pet can be a lot of fun.
12790,B1,everyday,5.000,5,5,5,,0,,I felt sad when I heard the news.
14157,B1,everyday,5.000,5,5,5,,0,,She isn’t as tall as her brother.
14713,B1,everyday,5.000,5,5,5,,0,,I haven’t left the house all day.
15357,B1,everyday,5.000,5,5,5,,0,,"I’m not angry, just disappointed."
15873,B1,everyday,5.000,5,5,5,,0,,It doesn’t cost much to eat here.
16001,B1,everyday,5.000,5,5,5,,0,,"She said she’s fine, don’t worry."
16470,B1,everyday,5.000,5,5,5,,0,keep,What are you doing this Thursday?
17392,B1,everyday,5.000,5,5,5,,0,keep,What do you plan to do next week?
18530,B1,everyday,5.000,5,5,5,,0,keep,Where do you usually go shopping?
18645,B1,everyday,5.000,5,5,5,,0,"As...as comparison, classic.",He is not as tall as his brother.
18814,B1,everyday,5.000,5,5,5,,0,practical connector phrase 'as a result',"As a result, we missed the train."
19396,B1,everyday,5.000,5,5,5,,0,ubiquitous confirmation phrase anchor,Are you sure about this decision?
19475,B1,everyday,5.000,5,5,5,,0,,Do you listen to music every day?
20337,B1,everyday,5.000,5,5,5,,0,,I didn’t expect to meet you here!
20356,B1,everyday,5.000,5,5,5,,0,High-utility compliment/comparison structure,People like her are hard to find.
20360,B1,everyday,5.000,5,5,5,,0,,He acts like he knows everything.
21464,B1,everyday,5.000,5,5,5,,0,,She doesn’t believe what he said.
480,B1,everyday,5.000,5,5,5,,0,,"She’s all right, just a bit tired."
1550,B1,everyday,5.000,5,5,5,,0,,He blamed himself for the mistake.
1565,B1,everyday,5.000,5,5,5,,0,,He convinced himself to try again.
3158,B1,everyday,5.000,5,5,5,,0,,I recognized her name immediately.
3407,B1,everyday,5.000,5,5,5,,0,,The bank offers loans to students.
3431,B1,everyday,5.000,5,5,5,,0,,I’m interested in trying new food.
5100,B1,everyday,5.000,5,5,5,,0,,I don’t want to go anywhere today.
7376,B1,everyday,5.000,5,5,5,,0,,I want an adventure far from home.
9206,B1,everyday,5.000,5,5,5,,0,,He should take care of his health.
9557,B1,everyday,5.000,5,5,5,,0,,It’s hard for me to wake up early.
10216,B1,everyday,5.000,5,5,5,,0,,I’ll have juice instead of coffee.
11024,B1,everyday,5.000,5,5,5,,0,Social invitation; high utility,Please join us for dinner tonight.
12185,B1,everyday,5.000,5,5,5,,0,,I’m glad you joined us for dinner.
12233,B1,everyday,5.000,5,5,5,,0,,I usually go to bed at 11 o'clock.
13333,B1,everyday,5.000,5,5,5,,0,,I wish life were always this easy!
13591,B1,everyday,5.000,5,5,5,,0,,Can you tell me about your family?
14323,B1,everyday,5.000,5,5,5,,0,,I’m feeling a little better today.
14473,B1,everyday,5.000,5,5,5,,0,keep,Who can help me with this problem?
15354,B1,everyday,5.000,5,5,5,,0,,Don’t get angry over small things.
15387,B1,everyday,5.000,5,5,5,,0,,I was cooking when the phone rang.
15888,B1,everyday,5.000,5,5,5,,0,"Very practical, common phrase.",How much will it cost to fix this?
17554,B1,everyday,5.000,5,5,5,,0,,The clock says it’s already 3 p.m.
17991,B1,everyday,5.000,5,5,5,,0,,He broke a glass dish by accident.
18038,B1,everyday,5.000,5,5,5,,0,Classic everyday scenario.,He lost his wallet at the airport.
18612,B1,everyday,5.000,5,5,5,,0,,My cat has been sick for two days.
18807,B1,everyday,5.000,5,5,5,,0,,The result wasn’t what I expected.
19748,B1,everyday,5.000,5,5,5,,0,,He didn’t take the news very well.
19988,B1,everyday,5.000,5,5,5,,0,,He used to be very shy as a child.
20883,B1,everyday,5.000,5,5,5,,0,,She visits her doctor every month.
21124,B1,everyday,5.000,5,5,5,,0,,Let’s get some coffee after class.
21386,B1,everyday,5.000,5,5,5,,0,,I booked a hotel for our vacation.
1138,B1,everyday,5.000,5,5,5,,0,,My phone went dead during the call.
1524,B1,everyday,5.000,5,5,5,,0,,I have no doubt that you are right.
1561,B1,everyday,5.000,5,5,5,,0,,He forced himself to wake up early.
1690,B1,everyday,5.000,5,5,5,,0,have little time to finish — essential urgency,We have little time to finish this.
1702,B1,everyday,5.000,5,5,5,,0,,She is a little shy with strangers.
1730,B1,everyday,5.000,5,5,5,,0,,I’m a little surprised by the news.
2339,B1,everyday,5.000,5,5,5,,0,,I’m saving money for a big holiday.
7003,B1,everyday,5.000,5,5,5,,0,,I didn’t notice the error at first.
7130,B1,everyday,5.000,5,5,5,,0,,They were separated during the war.
7234,B1,everyday,5.000,5,5,5,,0,,I saved all my photos on my tablet.
8015,B1,everyday,5.000,5,5,5,,0,,She seems distant when she’s upset.
8031,B1,everyday,5.000,5,5,5,,0,,He grew distant after the argument.
10409,B1,everyday,5.000,5,5,5,,0,"keep — idiomatic, high utility",We were close to missing the train.
10711,B1,everyday,5.000,5,5,5,,0,'Other than' expression; practical,"Other than coffee, do you have tea?"
11607,B1,everyday,5.000,5,5,5,,0,"ran after ball, essential",The dog ran quickly after the ball.
11798,B1,everyday,5.000,5,5,5,,0,,"Thanks, but I can manage on my own."
12525,B1,everyday,5.000,5,5,5,,0,,I made a delicious soup for dinner.
12701,B1,everyday,5.000,5,5,5,,0,,I wish I could have more free time.
12710,B1,everyday,5.000,5,5,5,,0,keep,Where can I find today’s newspaper?
12783,B1,everyday,5.000,5,5,5,,0,,I feel happy when I see my friends.
12825,B1,everyday,5.000,5,5,5,,0,,He dreams of becoming rich one day.
13224,B1,everyday,5.000,5,5,5,,0,,I’m planning a trip for next month.
13804,B1,everyday,5.000,5,5,5,,0,"natural contrast, fake vs real",This isn't real leather; it's fake.
14090,B1,everyday,5.000,5,5,5,,0,natural cooking phrase,This dish tastes better with onion.
14264,B1,everyday,5.000,5,5,5,,0,,She runs in the park every morning.
14476,B1,everyday,5.000,5,5,5,,0,,She’s the one who told me the news.
14761,B1,everyday,5.000,5,5,5,,0,,I’m thinking of buying a new phone.
14830,B1,everyday,5.000,5,5,5,,0,,I often sleep with the window open.
15204,B1,everyday,5.000,5,5,5,,0,,The bag is too small for my laptop.
15390,B1,everyday,5.000,5,5,5,,0,keep,"When I’m tired, I like to watch TV."
15652,B1,everyday,5.000,5,5,5,,0,"ticket date incorrect, natural",The date on my ticket is incorrect.
16593,B1,everyday,5.000,5,5,5,,0,,She told me to stay out of trouble.
17462,B1,everyday,5.000,5,5,5,,0,"phrasal verb, very natural",Can you drop me off at the station?
17829,B1,everyday,5.000,5,5,5,,0,,I find cooking difficult sometimes.
17994,B1,everyday,5.000,5,5,5,,0,"natural, conversational",The dish that she made was amazing.
18261,B1,everyday,5.000,5,5,5,,0,,"If I cook chicken, will you eat it?"
18313,B1,everyday,5.000,5,5,5,,0,keep,What’s the news from your hometown?
18589,B1,everyday,5.000,5,5,5,,0,,Have you ever used this app before?
19009,B1,everyday,5.000,5,5,5,,0,,Do you think it will rain tomorrow?
19095,B1,everyday,5.000,5,5,5,,0,very high frequency,Can you explain how this app works?
19384,B1,everyday,5.000,5,5,5,,0,,I asked them to join us for dinner.
19730,B1,everyday,5.000,5,5,5,,0,keep,"Well, I’m not sure about that idea."
19749,B1,everyday,5.000,5,5,5,,0,keep,"Well, I’ll try my best to help you."
19885,B1,everyday,5.000,5,5,5,,0,,I was very young when I moved here.
20012,B1,everyday,5.000,5,5,5,,0,keep,Where did you get that information?
21295,B1,everyday,5.000,5,5,5,,0,keep,What do you want for your birthday?
21302,B1,everyday,5.000,5,5,5,,0,,"I wanted to call you, but I forgot."
21337,B1,everyday,5.000,5,5,5,,0,essential farewell phrase,"Goodbye, I hope we meet again soon."
86,B1,everyday,5.000,5,5,5,,0,,I don't watch TV very much nowadays.
1574,B1,everyday,5.000,5,5,5,,0,,He found himself in a strange place.
5205,B1,everyday,5.000,5,5,5,,0,excellent travel phrase,The train was delayed by 30 minutes.
7593,B1,everyday,5.000,5,5,5,,0,,The app supports multiple languages.
9084,B1,everyday,5.000,5,5,5,,0,,He put on his jacket before leaving.
10011,B1,everyday,5.000,5,5,5,,0,,My partner isn’t feeling well today.
10106,B1,everyday,5.000,5,5,5,,0,,"This book belongs to me, not to him."
10441,B1,everyday,5.000,5,5,5,,0,,Did you forget to call me yesterday?
12127,B1,everyday,5.000,5,5,5,,0,keep,Why are you so excited this morning?
12804,B1,everyday,5.000,5,5,5,,0,,The sudden news took us by surprise.
13258,B1,everyday,5.000,5,5,5,,0,,"I waited for hours, but no one came."
13297,B1,everyday,5.000,5,5,5,,0,,I need my passport to travel abroad.
13650,B1,everyday,5.000,5,5,5,,0,,"If you see him, tell him to call me."
13909,B1,everyday,5.000,5,5,5,,0,Keep as main 'planning' rep,Planning a holiday can be stressful.
13965,B1,everyday,5.000,5,5,5,,0,,I was away when the package arrived.
13978,B1,everyday,5.000,5,5,5,,0,,I want to travel to another country.
14860,B1,everyday,5.000,5,5,5,,0,,"She told me, ‘Don’t be so negative!’"
14865,B1,everyday,5.000,5,5,5,,0,"natural, practical daily phrase",This coffee is too hot to drink now.
14918,B1,everyday,5.000,5,5,5,,0,"Classic present continuous, high frequency.",He is watching a football match now.
15180,B1,everyday,5.000,5,5,5,,0,,He always has something nice to say.
15432,B1,everyday,5.000,5,5,5,,0,,Can you take a photo with my camera?
16088,B1,everyday,5.000,5,5,5,,0,,She said she would call me tomorrow.
16108,B1,everyday,5.000,5,5,5,,0,Common aspiration phrase,"One day, I want to travel the world."
16307,B1,everyday,5.000,5,5,5,,0,"natural, universal childhood memory expression","As a child, I loved playing outside."
17461,B1,everyday,5.000,5,5,5,,0,,I took the day off to relax at home.
17596,B1,everyday,5.000,5,5,5,,0,,There’s too much noise in this room.
19141,B1,everyday,5.000,5,5,5,,0,,She loves taking care of her health.
20536,B1,everyday,5.000,5,5,5,,0,,Let me know if you change your mind.
20573,B1,everyday,5.000,5,5,5,,0,,There are no seats left on this bus.
20990,B1,everyday,5.000,5,5,5,,0,,I saw a boy running down the street.
1088,B1,everyday,5.000,5,5,5,,0,,I need to pick a new hobby this year.
10075,B1,everyday,5.000,5,5,5,,0,"Natural, seasonal health imperative",Take care of your health this winter.
10172,B1,everyday,5.000,5,5,5,,0,,That’s the one I’ve been looking for!
10624,B1,everyday,5.000,5,5,5,,0,,Let me help you first before I leave.
10997,B1,everyday,5.000,5,5,5,,0,"natural safety, road dangerous at night",This road is very dangerous at night.
11010,B1,everyday,5.000,5,5,5,,0,Core health sentence,Smoking is dangerous for your health.
11037,B1,everyday,5.000,5,5,5,,0,,He asked me to join him for a coffee.
11289,B1,everyday,5.000,5,5,5,,0,keep,Where can I buy good tea around here?
12128,B1,everyday,5.000,5,5,5,,0,,He was excited to hear the good news.
13250,B1,everyday,5.000,5,5,5,,0,High-frequency practical question.,How long did you wait for the doctor?
13713,B1,everyday,5.000,5,5,5,,0,idiomatic connector,The fact is that I don’t like coffee.
14468,B1,everyday,5.000,5,5,5,,0,keep,Who was that man you were talking to?
14475,B1,everyday,5.000,5,5,5,,0,keep,Who would like to join us for dinner?
14514,B1,everyday,5.000,5,5,5,,0,,I cut my finger while cooking dinner.
14639,B1,everyday,5.000,5,5,5,,0,,Isn’t this your favourite restaurant?
14813,B1,everyday,5.000,5,5,5,,0,keep,Where did you sleep during your trip?
14828,B1,everyday,5.000,5,5,5,,0,,He said he couldn’t sleep last night.
15349,B1,everyday,5.000,5,5,5,,0,,I feel angry when someone lies to me.
15411,B1,everyday,5.000,5,5,5,,0,,"She said she was married, didn’t she?"
15457,B1,everyday,5.000,5,5,5,,0,,Can you tell me if anything is wrong?
15497,B1,everyday,5.000,5,5,5,,0,,She loves her dog more than anything.
15560,B1,everyday,5.000,5,5,5,,0,haven't seen each other in months — essential greeting,We haven’t seen each other in months!
17479,B1,everyday,5.000,5,5,5,,0,,She told me off for being late again.
18289,B1,everyday,5.000,5,5,5,,0,,She is taking care of her baby alone.
18508,B1,everyday,5.000,5,5,5,,0,,She sat between her two best friends.
19233,B1,everyday,5.000,5,5,5,,0,,I will meet you at the park at 5 p.m.
19597,B1,everyday,5.000,5,5,5,,0,,They gave us directions to the hotel.
20574,B1,everyday,5.000,5,5,5,,0,,"No, I haven’t seen your bag anywhere."
21109,B1,everyday,5.000,5,5,5,,0,core restaurant phrase,The waiter asked if we wanted coffee.
21131,B1,everyday,5.000,5,5,5,,0,stuck in traffic — essential phrase,We got stuck in traffic this morning.
3589,B1,everyday,5.000,5,5,5,,0,,I don’t like crowded public transport.
4300,B1,everyday,5.000,5,5,5,,0,Idiomatic — keep,A ray of hope is all I need right now.
7555,B1,everyday,5.000,5,5,5,,0,,I deleted the app because it was slow.
9253,B1,everyday,5.000,5,5,5,,0,,"I’ve been calling, but no one answers."
9570,B1,everyday,5.000,5,5,5,,0,,I invited all my friends to the party.
9970,B1,everyday,5.000,5,5,5,,0,,I wish I could cook as well as my mom.
10434,B1,everyday,5.000,5,5,5,,0,,"There’s no need to hurry, we’re early."
10558,B1,everyday,5.000,5,5,5,,0,"Natural, practical.",How much time do we need to get there?
12391,B1,everyday,5.000,5,5,5,,0,,I will try to fix the computer myself.
12408,B1,everyday,5.000,5,5,5,,0,Excellent natural sentence,Taking a cold shower helps me wake up.
13350,B1,everyday,5.000,5,5,5,,0,,She looked sad after hearing the news.
13593,B1,everyday,5.000,5,5,5,,0,keep,What are you thinking about right now?
14280,B1,everyday,5.000,5,5,5,,0,,I usually read the news every morning.
14592,B1,everyday,5.000,5,5,5,,0,,"I was going to call you, but I forgot."
15689,B1,everyday,5.000,5,5,5,,0,Natural travel vocabulary.,How long will your trip to Japan take?
16473,B1,everyday,5.000,5,5,5,,0,very high frequency social phrase,Can you come to the party on Thursday?
17028,B1,everyday,5.000,5,5,5,,0,,I enjoy reading books in my free time.
17315,B1,everyday,5.000,5,5,5,,0,keep,Where can I find a cheap place to eat?
17512,B1,everyday,5.000,5,5,5,,0,,I have everything I need for the trip.
17879,B1,everyday,5.000,5,5,5,,0,,I will probably go to the store later.
18540,B1,everyday,5.000,5,5,5,,0,,I need to go shopping for a new phone.
18912,B1,everyday,5.000,5,5,5,,0,,I don’t have enough money in the bank.
19169,B1,everyday,5.000,5,5,5,,0,,She shared a story from her childhood.
19198,B1,everyday,5.000,5,5,5,,0,,Have you ever forgotten to pay a bill?
19381,B1,everyday,5.000,5,5,5,,0,,"They were tired, so I drove them home."
19891,B1,everyday,5.000,5,5,5,,0,excellent,The young man helped me carry my bags.
20181,B1,everyday,5.000,5,5,5,,0,,"I don’t have a car, so I walk to work."
20297,B1,everyday,5.000,5,5,5,,0,"Natural, very useful.",How do I know if my choice is correct?
21106,B1,everyday,5.000,5,5,5,,0,core restaurant phrase,The waiter didn’t understand my order.
21191,B1,everyday,5.000,5,5,5,,0,keep,Which part of the city do you live in?
1118,B1,everyday,5.000,5,5,5,,0,,He will pick up the kids from the park.
1704,B1,everyday,5.000,5,5,5,,0,,There is a little problem with the car.
3855,B1,everyday,5.000,5,5,5,,0,practical; doesn't fit,The furniture doesn’t fit in this room.
4778,B1,everyday,5.000,5,5,5,,0,keep,We will reach home before it gets dark.
4805,B1,everyday,5.000,5,5,5,,0,"Phrasal pick up, very natural, high utility.",He picked up a pen and started writing.
8249,B1,everyday,5.000,5,5,5,,0,,Do you have any suggestions for dinner?
8992,B1,everyday,5.000,5,5,5,,0,,My heart beats faster when I'm nervous.
9168,B1,everyday,5.000,5,5,5,,0,,"She said, 'I’m cooking dinner tonight.'"
9195,B1,everyday,5.000,5,5,5,,0,"Very natural, high utility.",He loves to travel during the holidays.
9208,B1,everyday,5.000,5,5,5,,0,,I take the train to work every morning.
10159,B1,everyday,5.000,5,5,5,,0,,She is the one who helped me yesterday.
10458,B1,everyday,5.000,5,5,5,,0,,I often forget what I was going to say.
10874,B1,everyday,5.000,5,5,5,,0,Question tag; food preference,"Pizza is your favourite dish, isn’t it?"
13011,B1,everyday,5.000,5,5,5,,0,"natural superlative, food context",This is the best cake I’ve ever tasted!
13401,B1,everyday,5.000,5,5,5,,0,,I enjoy outdoor activities like hiking.
14192,B1,everyday,5.000,5,5,5,,0,,I prefer a light breakfast before work.
14244,B1,everyday,5.000,5,5,5,,0,,Let’s meet at the usual place tomorrow.
14477,B1,everyday,5.000,5,5,5,,0,keep,Who forgot to lock the door last night?
14498,B1,everyday,5.000,5,5,5,,0,,I forgot to buy ingredients for dinner.
15303,B1,everyday,5.000,5,5,5,,0,,Can you recommend a good film to watch?
15462,B1,everyday,5.000,5,5,5,,0,,I haven’t eaten anything since morning.
15577,B1,everyday,5.000,5,5,5,,0,,I haven’t been to the doctor in months.
15666,B1,everyday,5.000,5,5,5,,0,,He doesn’t eat healthy food very often.
15675,B1,everyday,5.000,5,5,5,,0,,I’m learning how to cook healthy meals.
16635,B1,everyday,5.000,5,5,5,,0,,I wonder what they are doing right now.
17838,B1,everyday,5.000,5,5,5,,0,,He finds it difficult to wake up early.
18042,B1,everyday,5.000,5,5,5,,0,,Have you ever lost something important?
18169,B1,everyday,5.000,5,5,5,,0,,Is there anything I can do to help you?
18662,B1,everyday,5.000,5,5,5,,0,,She is wearing a beautiful dress today.
19124,B1,everyday,5.000,5,5,5,,0,,Let’s meet in the town square at 3 p.m.
19959,B1,everyday,5.000,5,5,5,,0,,She usually goes to the gym after work.
20092,B1,everyday,5.000,5,5,5,,0,,Maybe I’ll join you for dinner tonight.
20532,B1,everyday,5.000,5,5,5,,0,,She asked if I could meet her tomorrow.
20577,B1,everyday,5.000,5,5,5,,0,,No one knows what will happen tomorrow.
20763,B1,everyday,5.000,5,5,5,,0,missed the bus and had to walk — essential,We missed the bus and had to walk home.
473,B1,everyday,5.000,5,5,5,,0,,"Don’t cry, everything will be all right."
1492,B1,everyday,5.000,5,5,5,,0,,I doubt whether he is telling the truth.
5117,B1,everyday,5.000,5,5,5,,0,,I don’t think I left my wallet anywhere.
5221,B1,everyday,5.000,5,5,5,,0,,She delayed her trip because of illness.
6604,B1,everyday,5.000,5,5,5,,0,,She was completely absorbed in her book.
7296,B1,everyday,5.000,5,5,5,,0,,The room is such a mess after the party.
8578,B1,everyday,5.000,5,5,5,,0,,He fell to the ground and hurt his knee.
9292,B1,everyday,5.000,5,5,5,,0,,Could you show me where the bathroom is?
9422,B1,everyday,5.000,5,5,5,,0,,She lives in the capital of her country.
9931,B1,everyday,5.000,5,5,5,,0,,"Come here, I want to show you something."
10105,B1,everyday,5.000,5,5,5,,0,,Don’t forget to call me when you arrive.
11288,B1,everyday,5.000,5,5,5,,0,"Classic offer scenario, very natural.",He offered me a cup of tea after dinner.
11469,B1,everyday,5.000,5,5,5,,0,,I have a doctor’s appointment on Friday.
11566,B1,everyday,5.000,5,5,5,,0,,Do you prepare your own meals every day?
11723,B1,everyday,5.000,5,5,5,,0,,He forgot to buy a ticket for the train.
11750,B1,everyday,5.000,5,5,5,,0,universal motivational phrase,Don’t lose hope; things will get better.
11803,B1,everyday,5.000,5,5,5,,0,,Thanks for the advice; it really helped.
12103,B1,everyday,5.000,5,5,5,,0,,Can you tell me the price of the ticket?
12351,B1,everyday,5.000,5,5,5,,0,,I prefer tea over coffee in the morning.
12415,B1,everyday,5.000,5,5,5,,0,,I was in the shower when the phone rang.
13546,B1,everyday,5.000,5,5,5,,0,,He’s changed a lot since I last saw him.
14579,B1,everyday,5.000,5,5,5,,0,highly natural daily routine expression,"After lunch, I usually take a short nap."
14665,B1,everyday,5.000,5,5,5,,0,natural restaurant phrase,Can we order the same food as last time?
15250,B1,everyday,5.000,5,5,5,,0,core travel phrase,The train station is very crowded today.
15671,B1,everyday,5.000,5,5,5,,0,,My doctor said I need a healthy routine.
17693,B1,everyday,5.000,5,5,5,,0,,She was baking a cake when I called her.
18206,B1,everyday,5.000,5,5,5,,0,,The store is just opposite the bus stop.
18526,B1,everyday,5.000,5,5,5,,0,,She is shopping for groceries right now.
18539,B1,everyday,5.000,5,5,5,,0,,The shopping center was very busy today.
18665,B1,everyday,5.000,5,5,5,,0,,I can’t wear this shirt; it’s too small.
18992,B1,everyday,5.000,5,5,5,,0,Offer of help; essential phrase,Please let me know if you need any help.
19021,B1,everyday,5.000,5,5,5,,0,,I wish it wouldn’t rain during our trip.
19137,B1,everyday,5.000,5,5,5,,0,,I’d love to join you for dinner tonight.
20270,B1,everyday,5.000,5,5,5,,0,Natural personal statement; high utility,Reading helps me relax after a long day.
21140,B1,everyday,5.000,5,5,5,,0,,Do you like to shop online or in stores?
750,B1,everyday,5.000,5,5,5,,0,,"I broke a promise, and now I feel guilty."
2095,B1,everyday,5.000,5,5,5,,0,,She wants to minimize stress in her life.
7569,B1,everyday,5.000,5,5,5,,0,,The app works on both phones and tablets.
9440,B1,everyday,5.000,5,5,5,,0,keep,What is the reason for your late arrival?
9745,B1,everyday,5.000,5,5,5,,0,,The package should arrive this afternoon.
10761,B1,everyday,5.000,5,5,5,,0,,The store closes at eight in the evening.
10839,B1,everyday,5.000,5,5,5,,0,,She said it was the best day of her life.
11216,B1,everyday,5.000,5,5,5,,0,,I’m not sure how to answer that question.
11492,B1,everyday,5.000,5,5,5,,0,highly natural request phrase,"Before you go, can you help me with this?"
11559,B1,everyday,5.000,5,5,5,,0,,I won’t believe it until I see it myself.
14249,B1,everyday,5.000,5,5,5,,0,,Is this the place you were talking about?
14707,B1,everyday,5.000,5,5,5,,0,,She left the room without saying goodbye.
14867,B1,everyday,5.000,5,5,5,,0,excellent practical phrase,The water in the shower isn’t hot enough.
15315,B1,everyday,5.000,5,5,5,,0,,I’d rather read a book than watch a film.
15640,B1,everyday,5.000,5,5,5,,0,practical; everyday,The expiry date on this milk is tomorrow.
15738,B1,everyday,5.000,5,5,5,,0,,I like to walk in the park every morning.
17933,B1,everyday,5.000,5,5,5,,0,,I live in a small town north of the city.
18636,B1,everyday,5.000,5,5,5,,0,"natural, directional navigation",This is not the right way to the airport.
20600,B1,everyday,5.000,5,5,5,,0,"High-frequency, very relatable.",I accidentally deleted an important text.
21102,B1,everyday,5.000,5,5,5,,0,excellent,The waiter told us the soup was sold out.
21411,B1,everyday,5.000,5,5,5,,0,,I had a delicious meal at the restaurant.
1077,B1,everyday,5.000,5,5,5,,0,,He forgot to pick up his bag from the car.
1869,B1,everyday,5.000,5,5,5,,0,,I often have nightmares when I’m stressed.
4783,B1,everyday,5.000,5,5,5,,0,,She reached for her phone to call someone.
5880,B1,everyday,5.000,5,5,5,,0,,The operation is scheduled for next month.
9612,B1,everyday,5.000,5,5,5,,0,,I bought this bag while I was on vacation.
9669,B1,everyday,5.000,5,5,5,,0,,I remember my first trip abroad very well.
9968,B1,everyday,5.000,5,5,5,,0,,She is cooking a big meal for her friends.
10080,B1,everyday,5.000,5,5,5,,0,,They hate waiting for the bus in the rain.
10873,B1,everyday,5.000,5,5,5,,0,"High-frequency, natural.",Her favourite place to relax is the beach.
11520,B1,everyday,5.000,5,5,5,,0,"stunning dress, natural",The dress she wore yesterday was stunning.
11764,B1,everyday,5.000,5,5,5,,0,,I hope you can join us for dinner tonight.
12109,B1,everyday,5.000,5,5,5,,0,,She asked about the price before deciding.
12118,B1,everyday,5.000,5,5,5,,0,,Knowing the price helps me plan my budget.
12271,B1,everyday,5.000,5,5,5,,0,,He took off his jacket because it was hot.
13506,B1,everyday,5.000,5,5,5,,0,,Do you know where the nearest bus stop is?
13523,B1,everyday,5.000,5,5,5,,0,,He asked if I knew the way to the station.
14488,B1,everyday,5.000,5,5,5,,0,,I am having dinner with my family tonight.
15031,B1,everyday,5.000,5,5,5,,0,,She said she might be late due to traffic.
15034,B1,everyday,5.000,5,5,5,,0,,I’ll be late if the bus doesn’t come soon.
16375,B1,everyday,5.000,5,5,5,,0,,I wish my brother could come to the party.
16504,B1,everyday,5.000,5,5,5,,0,,I enjoy spending time with my grandfather.
16549,B1,everyday,5.000,5,5,5,,0,,I didn’t order anything from the menu yet.
17095,B1,everyday,5.000,5,5,5,,0,"natural, device malfunction",This thing isn’t working properly anymore.
18509,B1,everyday,5.000,5,5,5,,0,,Let’s keep this secret between you and me.
18588,B1,everyday,5.000,5,5,5,,0,,That was the worst mistake I’ve ever made.
20043,B1,everyday,5.000,5,5,5,,0,core productivity phrase,Getting up early helps me stay productive.
20770,B1,everyday,5.000,5,5,5,,0,,Can you tell me when the next bus arrives?
20868,B1,everyday,5.000,5,5,5,,0,keep,"When you’re sick, you should see a doctor."
21290,B1,everyday,5.000,5,5,5,,0,keep,"When I’m sad, I listen to a cheerful song."
681,B1,everyday,5.000,5,5,5,,0,natural 'following' usage in news context,Are you following the news about the storm?
5248,B1,everyday,5.000,5,5,5,,0,"misunderstanding, useful",The delay was caused by a misunderstanding.
7066,B1,everyday,5.000,5,5,5,,0,"Excellent, natural, highly useful.",Her confidence will increase with practice.
7228,B1,everyday,5.000,5,5,5,,0,,I read the news on my tablet every morning.
9945,B1,everyday,5.000,5,5,5,,0,,She told me to wait here until she returns.
10539,B1,everyday,5.000,5,5,5,,0,,Let’s not decide now; think about it later.
10570,B1,everyday,5.000,5,5,5,,0,,"She isn’t feeling well, so she stayed home."
11267,B1,everyday,5.000,5,5,5,,0,,The shoe that I bought is very comfortable.
12698,B1,everyday,5.000,5,5,5,,0,,They have lived in this city for ten years.
12868,B1,everyday,5.000,5,5,5,,0,,I saw a friend while walking past the café.
13236,B1,everyday,5.000,5,5,5,,0,,"Next time, please call me before you visit."
13253,B1,everyday,5.000,5,5,5,,0,,I’m tired of waiting for the bus every day.
13677,B1,everyday,5.000,5,5,5,,0,,I forgot my keys downstairs in the kitchen.
13768,B1,everyday,5.000,5,5,5,,0,,She could run very fast when she was young.
14952,B1,everyday,5.000,5,5,5,,0,,She told me that success requires patience.
16508,B1,everyday,5.000,5,5,5,,0,,My grandmother always gives me good advice.
16686,B1,everyday,5.000,5,5,5,,0,,She’s old enough to make her own decisions.
16922,B1,everyday,5.000,5,5,5,,0,,I’ll have a sandwich instead of a big meal.
18402,B1,everyday,5.000,5,5,5,,0,,"That’s a little expensive, don’t you think?"
18963,B1,everyday,5.000,5,5,5,,0,,I can’t join you tomorrow because I’m busy.
19024,B1,everyday,5.000,5,5,5,,0,high utility; weather,The forecast says rain is expected tonight.
19385,B1,everyday,5.000,5,5,5,,0,,"They lost their phone, so I lent them mine."
20414,B1,everyday,5.000,5,5,5,,0,,Let me know if you need help with anything.
6215,B1,everyday,5.000,5,5,5,,0,,I read a book while waiting at the hospital.
8050,B1,everyday,5.000,5,5,5,,0,motivational; give up,"The goal feels distant, but I won’t give up."
9165,B1,everyday,5.000,5,5,5,,0,keep,Why are you cooking so early in the morning?
9755,B1,everyday,5.000,5,5,5,,0,,I guess we should leave before it gets dark.
10446,B1,everyday,5.000,5,5,5,,0,,He forgot to take his medicine this morning.
10507,B1,everyday,5.000,5,5,5,,0,,The shop is just fifty metres down the road.
10827,B1,everyday,5.000,5,5,5,,0,,I bought a new phone because it was on sale.
11544,B1,everyday,5.000,5,5,5,,0,,I didn’t know about the problem until today.
14365,B1,everyday,5.000,5,5,5,,0,,He didn’t feel right after eating that food.
15076,B1,everyday,5.000,5,5,5,,0,"natural, soup gone cold request",This soup has gone cold; can you heat it up?
16372,B1,everyday,5.000,5,5,5,,0,,My brother and I went to the park yesterday.
17590,B1,everyday,5.000,5,5,5,,0,,There’s not much I can do to help right now.
18228,B1,everyday,5.000,5,5,5,,0,,I need to go to the hospital for a check-up.
18297,B1,everyday,5.000,5,5,5,,0,Natural — keep; slightly more specific,Taking care of a baby is hard but rewarding.
19436,B1,everyday,5.000,5,5,5,,0,,She sent a message to everyone in the group.
20286,B1,everyday,5.000,5,5,5,,0,,I have been reading this book for two weeks.
20325,B1,everyday,5.000,5,5,5,,0,,I met an old friend on the street yesterday.
20881,B1,everyday,5.000,5,5,5,,0,,I want to visit my grandmother this weekend.
761,B1,everyday,5.000,5,5,5,,0,,I promise to be more responsible from now on.
7628,B1,everyday,5.000,5,5,5,,0,,He switched his opinion after the discussion.
9408,B1,everyday,5.000,5,5,5,,0,"Natural, universal",Sitting at the table for hours hurts my back.
10104,B1,everyday,5.000,5,5,5,,0,,My friend gave me a beautiful gift yesterday.
10175,B1,everyday,5.000,5,5,5,,0,'One way to' structure; high utility,One way to stay healthy is to exercise daily.
12414,B1,everyday,5.000,5,5,5,,0,"Very natural, widely relatable",A hot shower is so relaxing after a long day.
13113,B1,everyday,5.000,5,5,5,,0,,Never underestimate the power of a kind word.
14599,B1,everyday,5.000,5,5,5,,0,,"I was tired, but I couldn’t sleep last night."
14839,B1,everyday,5.000,5,5,5,,0,,Don’t be so negative; things will get better!
15646,B1,everyday,5.000,5,5,5,,0,,I forgot the date of my doctor’s appointment.
15897,B1,everyday,5.000,5,5,5,,0,,She checked her shopping list before leaving.
17734,B1,everyday,5.000,5,5,5,,0,Distinct; 'planning ahead' idiom,Planning ahead can save you a lot of trouble.
19192,B1,everyday,5.000,5,5,5,,0,Practical financial phrase,Paying the bill on time avoids extra charges.
19200,B1,everyday,5.000,5,5,5,,0,highly practical restaurant/finance vocabulary,"After checking the bill, I noticed a mistake."
19366,B1,everyday,5.000,5,5,5,,0,,"I haven’t had any coffee today, so I’m tired."
19967,B1,everyday,5.000,5,5,5,,0,,I usually forget to charge my phone at night.
20161,B1,everyday,5.000,5,5,5,,0,,I will buy milk when I go to the supermarket.
20244,B1,everyday,5.000,5,5,5,,0,,She is reading a letter from her grandmother.
21216,B1,everyday,5.000,5,5,5,,0,,She looked around but couldn’t find her keys.
9912,B1,everyday,5.000,5,5,5,,0,directional; shopping vocab,The fruit section at the market is over there.
10029,B1,everyday,5.000,5,5,5,,0,,I’m meeting my partner at the café after work.
13024,B1,everyday,5.000,5,5,5,,0,,The best way to save money is to cook at home.
14588,B1,everyday,5.000,5,5,5,,0,,"I like coffee, but I don’t drink it every day."
15656,B1,everyday,5.000,5,5,5,,0,,She keeps a diary to remember important dates.
16554,B1,everyday,5.000,5,5,5,,0,,Let’s order some food before the movie starts.
17081,B1,everyday,5.000,5,5,5,,0,keep,What is the most important thing in your life?
20485,B1,everyday,5.000,5,5,5,,0,,I want to surprise my girlfriend with flowers.
20863,B1,everyday,5.000,5,5,5,,0,keep,When are you going to visit your grandparents?
1787,B1,everyday,5.000,5,5,5,,0,"natural, practical phone vocab",The default setting on my phone is silent mode.
5136,B1,everyday,5.000,5,5,5,,0,,Have you traveled anywhere outside the country?
9201,B1,everyday,5.000,5,5,5,,0,,He wishes he could visit his family more often.
10576,B1,everyday,5.000,5,5,5,,0,,I’ve been feeling sick since yesterday morning.
11565,B1,everyday,5.000,5,5,5,,0,,I need to prepare dinner for my family tonight.
12413,B1,everyday,5.000,5,5,5,,0,,"If I don’t take a shower, I feel uncomfortable."
13021,B1,everyday,5.000,5,5,5,,0,keep,Which restaurant serves the best pizza in town?
13022,B1,everyday,5.000,5,5,5,,0,,I’m not feeling my best today; I might be sick.
15686,B1,everyday,5.000,5,5,5,,0,,I am planning a trip to the beach next weekend.
16118,B1,everyday,5.000,5,5,5,,0,"moving house excitement, vivid",The day I moved into my new house was exciting.
19201,B1,everyday,5.000,5,5,5,,0,,Let’s settle the bill before we leave the cafe.
20423,B1,everyday,5.000,5,5,5,,0,,"He was thirsty, so he bought a bottle of water."
21243,B1,everyday,5.000,5,5,5,,0,,I had a wonderful time at the party last night.
12363,B1,everyday,5.000,5,5,5,,0,,I prefer walking to work because it’s healthier.
14275,B1,everyday,5.000,5,5,5,,0,core daily routine phrase,Drinking coffee in the morning helps me wake up.
16945,B1,everyday,5.000,5,5,5,,0,hurry because train is leaving — essential travel,We must hurry because the train is leaving soon.
18399,B1,everyday,5.000,5,5,5,,0,,He’s feeling a little better after the medicine.
20283,B1,everyday,5.000,5,5,5,,0,Adverb + gerund; practical,Reading the instructions carefully is important.
9167,B1,everyday,5.000,5,5,5,,0,,"If I have time, I will try cooking something new."
10633,B1,everyday,5.000,5,5,5,,0,first time + past; high utility,"The first time I used a computer, I was confused."
13037,B1,everyday,5.000,5,5,5,,0,,I like to drink beer with my friends on weekends.
13845,B1,everyday,5.000,5,5,5,,0,core travel phrase,The tourist asked me for directions to the hotel.
14458,B1,everyday,5.000,5,5,5,,0,practical; cooked perfectly,The food at that restaurant was cooked perfectly.
15266,B1,everyday,5.000,5,5,5,,0,,I’m not sure which station we need to get off at.
16527,B1,everyday,5.000,5,5,5,,0,"vivid, natural",The conversation turned into an argument quickly.
16535,B1,everyday,5.000,5,5,5,,0,,I’m not in the mood for a conversation right now.
18245,B1,everyday,5.000,5,5,5,,0,"Modal might, practical health scenario.",He might need to stay in the hospital for a week.
12367,B1,everyday,5.000,5,5,5,,0,,I prefer saving money rather than spending it all.
14606,B1,everyday,5.000,5,5,5,,0,,"I’m not a professional, but I can try to help you."
15618,B1,everyday,5.000,5,5,5,,0,,I was so hungry that I ate everything on my plate.
18106,B1,everyday,5.000,5,5,5,,0,,Do you have room for one more person at the table?
18913,B1,everyday,5.000,5,5,5,,0,"very natural, practical",Can you lend me some cash until I get to the bank?
19400,B1,everyday,5.000,5,5,5,,0,practical navigation phrase,Are you sure this is the right way to the airport?
19479,B1,everyday,5.000,5,5,5,,0,,She listens to her favorite podcast every morning.
20104,B1,everyday,5.000,5,5,5,,0,,Maybe the problem is with the internet connection.
9371,B1,everyday,5.000,5,5,5,,0,,Don’t choose the expensive one; we can’t afford it.
14022,B1,everyday,5.000,5,5,5,,0,,She asked me to explain the details of the problem.
14188,B1,everyday,5.000,5,5,5,,0,,Don’t forget to switch off the light before you go.
16517,B1,everyday,5.000,5,5,5,,0,,I had a nice conversation with my friend yesterday.
16628,B1,everyday,5.000,5,5,5,,0,,They were playing football when it started raining.
16689,B1,everyday,5.000,5,5,5,,0,,There isn’t enough space in this car for all of us.
17283,B1,everyday,5.000,5,5,5,,0,,Could you read the menu aloud? I forgot my glasses.
20836,B1,everyday,5.000,5,5,5,,0,"natural, elegant",The difference was so small that no one noticed it.
14268,B1,everyday,5.000,5,5,5,,0,,"I don’t like waking up early in the morning, do you?"
19193,B1,everyday,5.000,5,5,5,,0,,He asked for the bill as soon as we finished eating.
20631,B1,everyday,5.000,5,5,5,,0,,I remember my father teaching me how to ride a bike.
8430,B1,everyday,5.000,5,5,5,,0,,"I’m trying to install this app, but it’s not working."
18599,B1,everyday,5.000,5,5,5,,0,,Have you ever wanted to change something in your life?
20090,B1,everyday,5.000,5,5,5,,0,,Maybe we should take a different route to avoid traffic.
17005,B1,everyday,5.000,5,5,5,,0,,"He apologized for being late; however, I was still upset."
16519,B1,everyday,5.000,5,5,5,,0,,She started a conversation with a stranger at the bus stop.
13310,B1,everyday,5.000,5,5,5,,0,,Having a valid passport is important for international trips.
12705,B1,education,4.500,5,5,5,10415,1,,I have no idea how to solve this problem.
20387,B1,education,4.500,5,5,5,9873,1,Let's begin/start cluster — keep 9873,"She said, ‘Let’s start at the beginning.’"
564,B1,education,4.500,5,5,5,593,1,,She is happy to graduate with good grades.
10622,B1,education,4.500,5,5,5,9656,1,'the first X is to Y' pattern dup,The first step is to read the instructions.
17517,B1,education,4.500,5,5,5,15768,1,,I don’t understand everything in this book.
9420,B1,education,4.500,5,5,5,12307,1,near-dup pattern with 12307; keep 2 of 3 country-capital entries,The capital of Italy isn’t Milan; it’s Rome.
18383,B1,education,4.500,5,5,5,4708,1,near-dup of 4708 (help me understand/with this),Can you give me a little help with this task?
19354,B1,education,4.500,5,5,5,12735,1,near-dup of 12735 (advice on X),Can you give me any advice on learning English?
15539,B1,education,4.500,5,5,5,12413,1,,"If I don’t do my homework, I will fail the test."
12353,B1,education,4.500,5,5,5,8752,1,prefers cluster — keep 2-3; this is near-dup of 8752,She prefers to study alone rather than in a group.
19936,B1,education,4.500,5,5,5,15768,1,,I don’t understand this paragraph; can you help me?
20205,B1,education,4.500,5,5,5,11510,1,,I wish I had paid more attention during the lesson.
16521,B1,education,4.500,5,5,5,4389,1,,I didn’t understand the conversation because it was too fast.
12004,B1,education,4.600,5,4,5,,1,cluster trim; least informative,The exam room was very quiet.
584,B1,education,4.600,5,4,5,,1,,They will celebrate when they graduate.
10629,B1,education,4.600,5,4,5,,1,cluster trim,The first chapter of the book was boring.
18135,B1,education,4.600,5,4,5,,0,,Is this my pen or yours?
19206,B1,education,4.600,5,4,5,,0,,Is this sentence correct?
12681,B1,education,4.600,5,4,5,,0,,I have a new book to read.
4922,B1,education,4.600,5,4,5,,0,,My exams start in November.
2290,B1,education,4.600,5,4,5,,0,,She’s such a polite student.
988,B1,education,4.600,5,4,5,,0,,He fully respects his teacher.
2761,B1,education,4.600,5,4,5,,0,,Noise breaks my concentration.
16107,B1,education,4.600,5,4,5,,0,,It was a tiring day at school.
3135,B1,education,4.600,5,4,5,,0,,She changed her name last year.
9132,B1,education,4.600,5,4,5,,0,,She doesn’t talk much in class.
20622,B1,education,4.600,5,4,5,,0,,My father used to be a teacher.
6825,B1,education,4.600,5,4,5,,0,,He will find the test difficult.
9710,B1,education,4.600,5,4,5,,0,"Classic simple past, highly usable",She wrote her name on the paper.
17905,B1,education,4.600,5,4,5,,0,,I have many friends in my class.
18781,B1,education,4.600,5,4,5,,0,,She can spell better than I can.
20618,B1,education,4.600,5,4,5,,0,,My father told me to study hard.
1487,B1,education,4.600,4,5,5,,0,,I'm not sure about this question.
2260,B1,education,4.600,5,4,5,,0,,He’s such a hard-working student.
3241,B1,education,4.600,5,4,5,,0,,He taught me how to drive safely.
8306,B1,education,4.600,5,4,5,,0,,She sketched a simple map for us.
10179,B1,education,4.600,5,4,5,,0,keep one Geography phrase,Geography is my favorite subject.
17938,B1,education,4.600,5,4,5,,0,,North is at the top of most maps.
20545,B1,education,4.600,5,4,5,,0,"Natural, practical school context.",He only did half of his homework.
20645,B1,education,4.600,5,4,5,,0,,I didn’t even notice the mistake.
472,B1,education,4.600,5,4,5,,0,,He seems all right after the test.
8286,B1,education,4.600,5,4,5,,0,,He studied the map before leaving.
8294,B1,education,4.600,5,4,5,,0,,He explained the map to the group.
11045,B1,education,4.600,5,4,5,,0,,Joining a new school can be scary.
13589,B1,education,4.600,5,4,5,,0,,I don’t know much about computers.
14615,B1,education,4.600,5,4,5,,0,,He always sits behind me in class.
19789,B1,education,4.600,5,4,5,,0,,She has her own style of teaching.
20124,B1,education,4.600,5,4,5,,0,,It’s ok to ask for help sometimes.
749,B1,education,4.600,5,4,5,,0,,She promises to improve her grades.
6809,B1,education,4.600,5,4,5,,0,,He can find the information online.
19709,B1,education,4.600,5,4,5,,0,keep,We welcome new students every year.
573,B1,education,4.600,5,4,5,,0,,Did your sister graduate last month?
1000,B1,education,4.600,5,4,5,,0,,She is fully focused on her studies.
3433,B1,education,4.600,5,4,5,,0,,He’s not interested in studying now.
5718,B1,education,4.600,5,4,5,,0,natural classroom/meeting phrase,Can we proceed to the next question?
6363,B1,education,4.600,5,4,5,,0,,The reform changed the school rules.
10674,B1,education,4.600,5,4,5,,0,,Learning a language is fun but hard.
11695,B1,education,4.600,5,4,5,,0,,My friend studies art at university.
11779,B1,education,4.600,5,4,5,,0,natural classroom request,Can you check each answer carefully?
16015,B1,education,4.600,5,4,5,,0,,It’s fine to ask questions in class.
17752,B1,education,4.600,5,4,5,,0,,She always takes notes during class.
21046,B1,education,4.600,5,4,5,,0,natural motivational idiom,Anything is possible with hard work.
598,B1,education,4.600,5,4,5,,0,,He didn’t graduate on time last year.
2662,B1,education,4.600,5,4,5,,0,Practical school context.,He needs to practise his math skills.
14638,B1,education,4.600,5,4,5,,0,,My favourite teacher helped me a lot.
15152,B1,education,4.600,5,4,5,,0,,Making a mistake can teach you a lot.
15227,B1,education,4.600,5,4,5,,0,,She broke the rule and got a warning.
17371,B1,education,4.600,5,4,5,,0,,That test was harder than I expected!
20370,B1,education,4.600,5,4,5,,0,,Let’s start from the beginning again.
1017,B1,education,4.600,5,4,5,,0,,They understood the lesson completely.
2968,B1,education,4.600,5,4,5,,0,,He drew a picture on a sheet of paper.
2993,B1,education,4.600,5,4,5,,0,,She handed me a sheet with directions.
4355,B1,education,4.600,5,4,5,,0,,My dad taught me how to tie a necktie.
19534,B1,education,4.600,5,4,5,,0,distinct topic; keep up to 3 help-me variants,Can you help me choose a good college?
20061,B1,education,4.600,5,4,5,,0,,Science helps us understand the world.
582,B1,education,4.600,5,4,5,,0,,She didn’t expect to graduate so early.
7834,B1,education,4.600,5,4,5,,0,,He earns a scholarship for his studies.
12795,B1,education,4.600,5,4,5,,0,,She felt embarrassed after the mistake.
12838,B1,education,4.600,5,4,5,,0,,She didn’t follow the teacher’s advice.
14119,B1,education,4.600,5,4,5,,0,,Learning a new subject can be exciting.
15533,B1,education,4.600,5,4,5,,0,Natural school context.,How much homework do you get every day?
16243,B1,education,4.600,5,4,5,,0,,Let’s see what else we can find online.
17211,B1,education,4.600,5,4,5,,0,,She is the president of the chess club.
19910,B1,education,4.600,5,4,5,,0,"Modern, natural present continuous.",He is designing a new app for students.
578,B1,education,4.600,5,4,5,,0,keep,When will you graduate from this course?
2759,B1,education,4.600,5,4,5,,0,"Able to + adverb, practical.",He is able to concentrate well in class.
9251,B1,education,4.600,5,4,5,,0,,He was called to the principal’s office.
9355,B1,education,4.600,5,4,5,,0,,Have you seen my grey notebook anywhere?
11206,B1,education,4.600,5,4,5,,0,,She asked a difficult question in class.
12278,B1,education,4.600,5,4,5,,0,,Don’t ask me about the test results yet.
13163,B1,education,4.600,5,4,5,,0,,My son was praised by his teacher today.
13980,B1,education,4.600,5,4,5,,0,,He doesn’t know much about this country.
15340,B1,education,4.600,5,4,5,,0,,She asked the same question three times.
17339,B1,education,4.600,5,4,5,,0,,I’m watching a documentary about nature.
18647,B1,education,4.600,4,5,5,,0,,I could not understand the instructions.
20892,B1,education,4.600,5,4,5,,0,,They visited their old school last week.
21031,B1,education,4.600,5,4,5,,0,natural connective phrase,"At first, I didn’t understand the rules."
11996,B1,education,4.600,5,4,5,,0,universal experience,The exam was very difficult for everyone.
12015,B1,education,4.600,5,4,5,,0,"Modern, natural",Taking an exam online is very convenient.
12016,B1,education,4.600,5,4,5,,0,canceled; practical,The exam was canceled due to bad weather.
12490,B1,education,4.600,5,4,5,,0,,Helping my daughter with homework is fun.
13326,B1,education,4.600,5,4,5,,0,natural pedagogical phrase,Can you find an easy way to explain this?
13384,B1,education,4.600,5,4,5,,0,keep,What title did you choose for your essay?
17508,B1,education,4.600,5,4,5,,0,Personal experience; distinct context,Online classes were hard for me at first.
4093,B1,education,4.600,5,4,5,,0,,He gave me practical advice about driving.
10325,B1,education,4.600,5,4,5,,0,,She said that sport is important for kids.
11922,B1,education,4.600,5,4,5,,0,"Fraction vocabulary, natural",A quarter of the students failed the test.
14126,B1,education,4.600,5,4,5,,0,,He asked about the subject of the lecture.
14690,B1,education,4.600,5,4,5,,0,,She studies at a language centre downtown.
16254,B1,education,4.600,5,4,5,,0,natural comparison phrase,Everyone else finished the test before me.
21067,B1,education,4.600,5,4,5,,0,,She read every line of the book carefully.
592,B1,education,4.600,5,4,5,,0,,They want to graduate before moving abroad.
2559,B1,education,4.600,5,4,5,,0,Keep as primary outline example.,He outlined the steps to solve the problem.
4819,B1,education,4.600,5,4,5,,0,"Natural, practical speech/class context.",He picked a difficult topic for his speech.
12740,B1,education,4.600,5,4,5,,0,,She doesn’t want any help with her project.
13079,B1,education,4.600,5,4,5,,0,"natural, relatable emotion","After completing the test, I felt relieved."
13352,B1,education,4.600,5,4,5,,0,"Even though concessive, useful.","He isn’t sad, even though he lost the game."
14941,B1,education,4.600,5,4,5,,0,"Natural, clear.",Her success in the exam surprised everyone.
15548,B1,education,4.600,5,4,5,,0,,My brother never does his homework on time.
16650,B1,education,4.600,5,4,5,,0,,The scientist isn’t sure about the results.
594,B1,education,4.600,5,4,5,,0,,He will graduate after completing his exams.
9203,B1,education,4.600,5,4,5,,0,"Cleft emphasis structure, useful.",He is the one who helped me with my project.
12824,B1,education,4.600,5,4,5,,0,"Meta-learning phrase, relevant to Corpan context",A rich vocabulary helps in learning English.
15116,B1,education,4.600,5,4,5,,0,,This app has a short tutorial for beginners.
15911,B1,education,4.600,5,4,5,,0,,Let me list the steps to solve this problem.
17364,B1,education,4.600,5,4,5,,0,,Don’t forget to bring a pencil for the test.
20973,B1,education,4.600,5,4,5,,0,,Seven students were absent from class today.
4243,B1,education,4.600,5,4,5,,0,,She has no experience whatsoever in teaching.
7876,B1,education,4.600,5,4,5,,0,,Scientists study earthquakes to predict them.
11148,B1,education,4.600,5,4,5,,0,natural perseverance expression,"After sixteen attempts, he finally succeeded."
12930,B1,education,4.600,5,4,5,,0,,I’m learning how to ride a horse this summer.
15513,B1,education,4.600,5,4,5,,0,"old but useful, natural",The dictionary I have is very old but useful.
1197,B1,education,4.600,5,4,5,,0,"Natural, practical school context.",He learned to calculate percentages in school.
2768,B1,education,4.600,5,4,5,,0,"Natural, practical.",He needs better concentration to win the game.
9666,B1,education,4.600,5,4,5,,0,natural; meta-learning relevance,"At first, I thought learning English was hard."
15187,B1,education,4.600,5,4,5,,0,"Natural, open-ended",Something unexpected happened at school today.
15754,B1,education,4.600,5,4,5,,0,,I love sitting in the park and reading a book.
18343,B1,education,4.600,5,4,5,,0,"clear, practical",The course was canceled due to low enrollment.
20280,B1,education,4.600,5,4,5,,0,,She spends hours reading about history online.
2781,B1,education,4.600,5,4,5,,0,"Natural, practical.",He lost his concentration because of the music.
10408,B1,education,4.600,5,4,5,,0,,He asked me to close the laptop after using it.
11097,B1,education,4.600,5,4,5,,0,"motivational, natural language-learning sentiment","After practicing, my writing has become better."
12242,B1,education,4.600,5,4,5,,0,future perfect tense example,"By 3 o'clock, I will have finished my homework."
13941,B1,education,4.600,5,4,5,,0,keep,Welcome to the discussion; what’s your opinion?
17282,B1,education,4.600,5,4,5,,0,,The book I read last week was really inspiring.
17770,B1,education,4.600,5,4,5,,0,Common school scenario,A note from the teacher explained the homework.
20572,B1,education,4.600,5,4,5,,0,,She told me no when I asked to borrow her book.
13278,B1,education,4.600,5,4,5,,0,,The second chapter of the book is very exciting.
15515,B1,education,4.600,5,4,5,,0,,My teacher told me to buy an English dictionary.
15525,B1,education,4.600,5,4,5,,0,Relevant to language learning context,A dictionary is essential for language learners.
17263,B1,education,4.600,5,4,5,,0,,He read an interesting article online yesterday.
580,B1,education,4.600,5,4,5,,0,,My friend will graduate with a degree in science.
12769,B1,education,4.600,5,4,5,,0,,This book teaches children about animal habitats.
15850,B1,education,4.600,5,4,5,,0,,The reader has been studying this book for hours.
16662,B1,education,4.600,5,4,5,,0,keep; solo,The formula was created by a brilliant scientist.
20212,B1,education,4.600,5,4,5,,0,,Let’s review the lesson before the test tomorrow.
10693,B1,education,4.600,4,5,5,,0,,I will study a language before my trip next month.
15284,B1,education,4.600,5,4,5,,0,,Laughing at someone’s mistake can be very hurtful.
17223,B1,education,4.600,5,4,5,,0,,Joining a club is a great way to learn new skills.
17562,B1,education,4.600,5,4,5,,0,,"Seeing the clock, I realized I was late for class."
18347,B1,education,4.600,5,4,5,,0,natural first-person,The course that I took last year was very helpful.
19482,B1,education,4.600,5,4,5,,0,,"Listen carefully, or you’ll miss the instructions."
10714,B1,education,4.600,5,4,5,,0,,The other students finished their homework already.
17619,B1,education,4.600,5,4,5,,0,natural language-learning experience,"After studying a lot, I finally understood the topic."
14902,B1,education,4.600,5,4,5,,0,meta-learning relevance,Can you describe the app you use for learning English?
20207,B1,education,4.600,5,4,5,,0,natural learning context,"After the lesson, we discussed the topic with friends."
16529,B1,education,4.600,5,4,5,,0,,Let’s have a quick conversation before the class starts.
9950,B1,education,4.800,5,5,4,,0,"Natural, practical.",Here’s a tip: always save your work.
18048,B1,education,4.800,5,5,4,,0,,I lost track of time while studying.
9837,B1,education,4.800,5,5,4,,0,,"If you go past the school, turn left."
21118,B1,education,4.800,5,5,4,,0,,I don’t get why this is so difficult.
10527,B1,education,4.800,5,5,4,,0,,"If you’re tired, rest now and study later."
21500,B1,education,4.800,5,5,4,,0,,The idea that money buys happiness is false.
20202,B1,education,4.800,5,5,4,,0,,"If you miss the lesson, you’ll need to catch up."
12266,B1,education,4.800,5,5,4,,0,classic procrastination idiom,Don’t put off your homework until the last minute.
20352,B1,education,5.000,5,5,5,,1,6th 'He doesn't like X' — excess repetition,He doesn’t like being late for class.
20575,B1,education,5.000,5,5,5,,1,,I wish there were no exams this week.
350,B1,education,5.000,5,5,5,,0,"natural, universal",This is a challenging task.
184,B1,education,5.000,5,5,5,,0,,I fell asleep in class once.
18630,B1,education,5.000,5,5,5,,0,,He does not know the answer.
20063,B1,education,5.000,5,5,5,,0,,She is very good at science.
332,B1,education,5.000,5,5,5,,0,"natural, universal",This is a difficult question.
9777,B1,education,5.000,5,5,5,,0,,Don’t give up on your dreams!
13560,B1,education,5.000,5,5,5,,0,,She speaks English very well.
17362,B1,education,5.000,5,5,5,,0,Natural school question.,How was your math test today?
8752,B1,education,5.000,5,5,5,,0,,She prefers studying at night.
10669,B1,education,5.000,5,5,5,,0,Highly relevant for language learners.,He is learning a new language.
12517,B1,education,5.000,5,5,5,,0,,"He’s a fast learner, isn’t he?"
12788,B1,education,5.000,5,5,5,,0,,He feels nervous before exams.
17363,B1,education,5.000,5,5,5,,0,keep,We will have a test on Friday.
17373,B1,education,5.000,5,5,5,,0,,I hope I did well on the test.
19983,B1,education,5.000,5,5,5,,0,,I want to be a doctor someday.
528,B1,education,5.000,5,5,5,,0,,I pray for my exams to go well.
3226,B1,education,5.000,5,5,5,,0,,She learned to drive last year.
7815,B1,education,5.000,5,5,5,,0,,He earns good grades in school.
9682,B1,education,5.000,5,5,5,,0,,I’m doing a project for school.
13339,B1,education,5.000,5,5,5,,0,,She made the task look so easy.
20298,B1,education,5.000,5,5,5,,0,Key humility/conversation phrase,Please correct me if I’m wrong.
357,B1,education,5.000,5,5,5,,0,"highly natural, universal phrase",This experience taught me a lot.
4708,B1,education,5.000,5,5,5,,0,extremely high frequency,Can you help me understand this?
5808,B1,education,5.000,5,5,5,,0,,He’s preparing for the exam now.
7007,B1,education,5.000,5,5,5,,0,,She made an error in her speech.
9720,B1,education,5.000,5,5,5,,0,,I read about it on the internet.
11393,B1,education,5.000,5,5,5,,0,,I learned a lot from my teacher.
15146,B1,education,5.000,5,5,5,,0,,I made a mistake on my homework.
19764,B1,education,5.000,5,5,5,,0,keep,What does this symbol stand for?
21136,B1,education,5.000,5,5,5,,0,,Do you get nervous before exams?
2961,B1,education,5.000,5,5,5,,0,"very natural, high frequency",Can you give me a sheet of paper?
5693,B1,education,5.000,5,5,5,,0,"easy to fix, natural resolution",The disagreement was easy to fix.
9573,B1,education,5.000,5,5,5,,0,natural celebratory announcement,All the students passed the exam!
15645,B1,education,5.000,5,5,5,,0,"exam date changed, useful",The date of the exam has changed.
20641,B1,education,5.000,5,5,5,,0,core motivational phrase,"Even if I fail, I will try again."
1001,B1,education,5.000,5,5,5,,0,,He fully understands the question.
1242,B1,education,5.000,5,5,5,,0,,I think I can do better next time.
1502,B1,education,5.000,5,5,5,,0,,I have a question about the rules.
4726,B1,education,5.000,5,5,5,,0,"very natural, distinct from 4708",Can you help me improve my skills?
9564,B1,education,5.000,5,5,5,,0,,She’s been studying hard all week.
9675,B1,education,5.000,5,5,5,,0,,Do your best in the exam tomorrow!
11993,B1,education,5.000,5,5,5,,0,,I have an important exam tomorrow.
16192,B1,education,5.000,5,5,5,,0,core useful phrase,Don’t make the same mistake again.
19766,B1,education,5.000,5,5,5,,0,,She stood up to the bully bravely.
20173,B1,education,5.000,5,5,5,,0,,She’s a student at the university.
4711,B1,education,5.000,5,5,5,,0,"Very natural, very high utility.",He needs help solving this problem.
8283,B1,education,5.000,5,5,5,,0,,She marked the location on the map.
12006,B1,education,5.000,5,5,5,,0,,"She said, 'I’m ready for the exam.'"
19504,B1,education,5.000,5,5,5,,0,,That’s not correct; let me explain.
19507,B1,education,5.000,5,5,5,,0,,"If I’m not correct, please tell me."
4697,B1,education,5.000,5,5,5,,0,,She asked for help with her project.
8242,B1,education,5.000,5,5,5,,0,,I don’t have any experience in this.
11997,B1,education,5.000,5,5,5,,0,High-frequency question.,How did you do in your English exam?
12011,B1,education,5.000,5,5,5,,0,"natural invitation, very common social phrase","After the exam, let’s go for coffee."
12494,B1,education,5.000,5,5,5,,0,,I hope my daughter passes her exams.
12903,B1,education,5.000,5,5,5,,0,,She told me to try harder next time.
13518,B1,education,5.000,5,5,5,,0,,She knows how to solve this problem.
15163,B1,education,5.000,5,5,5,,0,,I learned from my mistake last time.
15964,B1,education,5.000,5,5,5,,0,,He asked for help with his homework.
19543,B1,education,5.000,5,5,5,,0,,"She said, 'College changed my life.'"
1536,B1,education,5.000,5,5,5,,0,,He taught himself how to play guitar.
2331,B1,education,5.000,5,5,5,,0,,I’m trying to save money for college.
9856,B1,education,5.000,5,5,5,,0,,She began learning English last year.
11998,B1,education,5.000,5,5,5,,0,,"I didn’t study, so I failed the exam."
12051,B1,education,5.000,5,5,5,,0,,He finished his homework really fast.
12886,B1,education,5.000,5,5,5,,0,Highly relevant for language learners.,He is trying to learn Spanish online.
13109,B1,education,5.000,5,5,5,,0,,She never stops talking during class.
14729,B1,education,5.000,5,5,5,,0,"Very natural, high utility.",He left his hometown to study abroad.
15543,B1,education,5.000,5,5,5,,0,,"I hate homework, but I have to do it."
15776,B1,education,5.000,5,5,5,,0,"natural, phrase comprehension",This phrase doesn’t make sense to me.
18990,B1,education,5.000,5,5,5,,0,Core imperative; semicolon structure,Please be quiet; I’m trying to study.
19544,B1,education,5.000,5,5,5,,0,"aspiration phrase, high utility",Going to college is my biggest dream.
19700,B1,education,5.000,5,5,5,,0,,I told my mum that I passed the exam.
20872,B1,education,5.000,5,5,5,,0,keep,"When studying, I prefer a quiet room."
607,B1,education,5.000,5,5,5,,0,"Natural, high utility.",He is studying hard to graduate early.
1717,B1,education,5.000,5,5,5,,0,,I’m a little confused about the rules.
3607,B1,education,5.000,5,5,5,,0,Essential civic/daily vocabulary,Public transport is free for students.
9803,B1,education,5.000,5,5,5,,0,,Don’t break the rules during the game.
9863,B1,education,5.000,5,5,5,,0,,I’m beginning to understand the rules.
10130,B1,education,5.000,5,5,5,,0,,She rides the bus to school every day.
10834,B1,education,5.000,5,5,5,,0,,It isn’t easy to learn a new language.
14103,B1,education,5.000,5,5,5,,0,,My favorite subject in school is math.
14166,B1,education,5.000,5,5,5,,0,,She’s taller than anyone in her class.
14485,B1,education,5.000,5,5,5,,0,keep,Who knows the answer to this question?
15768,B1,education,5.000,5,5,5,,0,,I don’t understand this phrase at all.
16113,B1,education,5.000,5,5,5,,0,"exam stress, natural",The day before the exam was stressful.
17357,B1,education,5.000,5,5,5,,0,,I need to study for the test tomorrow.
17486,B1,education,5.000,5,5,5,,0,,Do you study online or in a classroom?
18804,B1,education,5.000,5,5,5,,0,,The result of the test was surprising.
19215,B1,education,5.000,5,5,5,,0,,Could you explain this sentence to me?
19632,B1,education,5.000,5,5,5,,0,,The student forgot to do his homework.
20373,B1,education,5.000,5,5,5,,0,natural clarification request,Can you explain it from the beginning?
10328,B1,education,5.000,5,5,5,,0,Keep — different message; team vocabulary,Sport teaches us how to work as a team.
12013,B1,education,5.000,5,5,5,,0,natural; high utility,The exam results will be out next week.
15535,B1,education,5.000,5,5,5,,0,,I forgot to bring my homework to class.
17247,B1,education,5.000,5,5,5,,0,,I try to learn something new every day.
18333,B1,education,5.000,5,5,5,,0,practical education vocabulary,Are you enrolled in any online courses?
18738,B1,education,5.000,5,5,5,,0,,"The class was full, so I couldn’t join."
19565,B1,education,5.000,5,5,5,,0,,"If he studies, his grades will improve."
7758,B1,education,5.000,5,5,5,,0,practical; easy mode,The game has an easy mode for beginners.
11995,B1,education,5.000,5,5,5,,0,,She is studying hard for her final exam.
12285,B1,education,5.000,5,5,5,,0,natural learning philosophy statement,Asking questions is a good way to learn.
13341,B1,education,5.000,5,5,5,,0,,I found an easy solution to the problem.
14104,B1,education,5.000,5,5,5,,0,keep,What is your best subject at university?
16154,B1,education,5.000,5,5,5,,0,,I don’t want to repeat the same mistake.
18983,B1,education,5.000,5,5,5,,0,,Can you please help me with my homework?
1620,B1,education,5.000,5,5,5,,0,,The software comes with a basic tutorial.
9544,B1,education,5.000,5,5,5,,0,,Learning a new language is hard at first.
11479,B1,education,5.000,5,5,5,,0,,I was sick last Friday and missed school.
15536,B1,education,5.000,5,5,5,,0,"very natural, high frequency","Can you help me with my homework, please?"
15890,B1,education,5.000,5,5,5,,0,,She asked how much the course would cost.
15954,B1,education,5.000,5,5,5,,0,,He’s been studying for the exam all week.
16371,B1,education,5.000,5,5,5,,0,,I’m helping my brother with his homework.
16545,B1,education,5.000,5,5,5,,0,,She placed an order for new books online.
17700,B1,education,5.000,5,5,5,,0,Conditional future; high utility,"Once I finish my homework, I’ll watch TV."
19980,B1,education,5.000,5,5,5,,0,,I usually feel nervous before a big exam.
1600,B1,education,5.000,5,5,5,,0,,He has a basic understanding of the topic.
1732,B1,education,5.000,5,5,5,,0,,She made a little progress in her studies.
2758,B1,education,5.000,5,5,5,,0,,Concentration is important when you study.
6041,B1,education,5.000,5,5,5,,0,"Natural, 'actually' usage, very practical.",I actually didn’t understand the question.
9554,B1,education,5.000,5,5,5,,0,,"If you study hard, you will pass the exam."
10273,B1,education,5.000,5,5,5,,0,,Have you told your parents about the test?
11510,B1,education,5.000,5,5,5,,0,,I wish I had studied more before the test.
11679,B1,education,5.000,5,5,5,,0,high-frequency meeting phrase,Can you meet me near the library tomorrow?
11744,B1,education,5.000,5,5,5,,0,,She hopes to get a good grade on the test.
12310,B1,education,5.000,5,5,5,,0,,"The capital of Canada is Ottawa, isn’t it?"
14642,B1,education,5.000,5,5,5,,0,,She said her favourite subject is history.
16164,B1,education,5.000,5,5,5,,0,,I had to repeat the test because I failed.
16209,B1,education,5.000,5,5,5,,0,,She looked over her notes before the exam.
16867,B1,education,5.000,5,5,5,,0,excellent,The university offers many online courses.
17365,B1,education,5.000,5,5,5,,0,,"If I fail this test, I will be very upset."
18092,B1,education,5.000,5,5,5,,0,,I need a quiet room to study for my exams.
18159,B1,education,5.000,5,5,5,,0,Classic school question.,How many students are there in your class?
18423,B1,education,5.000,5,5,5,,0,,Have you ever taught yourself a new skill?
19937,B1,education,5.000,5,5,5,,0,,She read the paragraph aloud to the class.
21312,B1,education,5.000,5,5,5,,0,,Do you want me to help with your homework?
593,B1,education,5.000,5,5,5,,0,,She is excited to graduate from university.
2757,B1,education,5.000,5,5,5,,0,,She lost her concentration during the test.
9204,B1,education,5.000,5,5,5,,0,High utility perseverance phrase.,He keeps trying even though it’s difficult.
11600,B1,education,5.000,5,5,5,,0,,She quickly learned how to use the new app.
16374,B1,education,5.000,5,5,5,,0,,My brother has been studying for his exams.
16857,B1,education,5.000,5,5,5,,0,,My brother will start university next year.
638,B1,education,5.000,5,5,5,,0,high utility; provides/free,The facility provides free classes for kids.
1106,B1,education,5.000,5,5,5,,0,,He will pick up some skills at the workshop.
9531,B1,education,5.000,5,5,5,,0,,"If you try a few times, you’ll get it right."
11800,B1,education,5.000,5,5,5,,0,,"Thanks, could you repeat that one more time?"
16682,B1,education,5.000,5,5,5,,0,practical health/daily life phrase,Are you feeling well enough to go to school?
16876,B1,education,5.000,5,5,5,,0,"goal-setting phrase, high utility",Getting a university degree is my main goal.
17924,B1,education,5.000,5,5,5,,0,,She said that many students failed the test.
18341,B1,education,5.000,5,5,5,,0,keep,Which course do you recommend for beginners?
18592,B1,education,5.000,5,5,5,,0,,Have you ever thought about studying abroad?
11813,B1,education,5.000,5,5,5,,0,,Thanks for your patience; I’m still learning.
13409,B1,education,5.000,5,5,5,,0,,This activity is too difficult for beginners.
14589,B1,education,5.000,5,5,5,,0,,"He studied hard, but he didn’t pass the exam."
15545,B1,education,5.000,5,5,5,,0,,She said she had finished her homework early.
16865,B1,education,5.000,5,5,5,,0,Highly natural and useful,Studying at university can be very expensive.
17273,B1,education,5.000,5,5,5,,0,"Present perfect neg + future plans, very useful.","He hasn’t read the book yet, but he plans to."
19629,B1,education,5.000,5,5,5,,0,,The student is reading a book in the library.
20874,B1,education,5.000,5,5,5,,0,keep,"When using a computer, always save your work."
699,B1,education,5.000,5,5,5,,0,,They are following the instructions carefully.
2571,B1,education,5.000,5,5,5,,0,,The article outlines the benefits of exercise.
9527,B1,education,5.000,5,5,5,,0,'Only a few' quantifier; high utility,Only a few students passed the difficult exam.
11573,B1,education,5.000,5,5,5,,0,,I have been preparing for this exam for weeks.
17013,B1,education,5.000,5,5,5,,0,,I can’t stop thinking about the exam tomorrow.
19714,B1,education,5.000,5,5,5,,0,,He welcomed the chance to learn something new.
10687,B1,education,5.000,5,5,5,,0,,I wish I could speak another language fluently.
11567,B1,education,5.000,5,5,5,,0,,"She didn’t prepare for the test, so she failed."
13015,B1,education,5.000,5,5,5,,0,,"She isn’t the best at math, but she works hard."
13020,B1,education,5.000,5,5,5,,0,,Doing your best is more important than winning.
15643,B1,education,5.000,5,5,5,,0,Classroom instruction; essential,Please write the date at the top of your paper.
16666,B1,education,5.000,5,5,5,,0,,The scientist has been studying this for years.
16872,B1,education,5.000,5,5,5,,0,excellent,The university is located near the city center.
17274,B1,education,5.000,5,5,5,,0,,I read somewhere that exercise improves memory.
17276,B1,education,5.000,5,5,5,,0,Study habit phrase; natural,Reading in a quiet place helps me focus better.
18047,B1,education,5.000,5,5,5,,0,,She lost her confidence after failing the exam.
19503,B1,education,5.000,5,5,5,,0,,Can you tell me if my pronunciation is correct?
10462,B1,education,5.000,5,5,5,,0,universal digital frustration phrase,Forgetting to save your work can be frustrating.
11586,B1,education,5.000,5,5,5,,0,,The app helps students prepare for exams easily.
13456,B1,education,5.000,5,5,5,,0,Student instruction; high utility,Please check your homework before submitting it.
18353,B1,education,5.000,5,5,5,,0,practical education sentence,"After finishing the course, I got a certificate."
18717,B1,education,5.000,5,5,5,,0,,The students marched to raise money for charity.
20593,B1,education,5.000,5,5,5,,0,"natural, reading difficulty",This text is too difficult for me to understand.
21365,B1,education,5.000,5,5,5,,0,,I only understood half of what the teacher said.
15522,B1,education,5.000,5,5,5,,0,,"She said, ‘Bring a dictionary to class tomorrow.’"
18344,B1,education,5.000,5,5,5,,0,Meta-language; high utility,Taking a language course helped me travel abroad.
9658,B1,education,5.000,5,5,5,,0,keep,What was your first impression of the new teacher?
10572,B1,education,5.000,5,5,5,,0,,I’m not feeling confident about the exam tomorrow.
15777,B1,education,5.000,5,5,5,,0,,She repeated the phrase to make sure I understood.
20208,B1,education,5.000,5,5,5,,0,Different from 18344 — private lesson is specific,Taking a private lesson helped me improve quickly.
13012,B1,education,5.000,5,5,5,,0,keep,Who do you think is the best teacher in our school?
10680,B1,education,5.000,5,5,5,,0,,"If I learn a new language, I can travel more easily."
12499,B1,education,5.000,5,5,5,,0,,My daughter has been learning English for two years.
13722,B1,education,5.000,5,5,5,,0,keep,What is the most interesting fact you learned today?
19630,B1,education,5.000,5,5,5,,0,,She isn’t a student anymore; she graduated last year.
17870,B1,education,5.000,5,5,5,,0,,"My teacher said, 'It’s important to do your homework.'"
19648,B1,education,5.000,5,5,5,,0,,The student has been working on the project for weeks.
20814,B1,education,5.000,5,5,5,,0,,I don’t understand the difference between these words.
16985,B1,education,5.000,5,5,5,,0,,"She studied hard for the exam; however, she didn’t pass."
16520,B1,education,5.000,5,5,5,,0,serious conversation about grades — essential parenting/school,We need to have a serious conversation about your grades.
11189,B1,culture,4.200,4,4,5,,0,,"If you sell your ticket, let me know."
19596,B1,culture,4.200,5,4,3,,0,,I gave the waiter a tip after dinner.
2899,B1,culture,4.200,5,3,5,,0,,She doesn’t like stories about murder.
4217,B1,culture,4.200,4,4,5,,0,,The biography was published last year.
6953,B1,culture,4.200,4,4,5,,0,Useful comparison structure.,Her childhood was different from mine.
6980,B1,culture,4.200,4,4,5,,0,"Natural, good vocabulary.",His childhood memories are very clear.
15772,B1,culture,4.200,4,4,5,,0,,Isn’t this phrase a bit old-fashioned?
5822,B1,culture,4.200,5,3,5,,0,,He collects rocks from different places.
4162,B1,culture,4.200,4,4,5,,0,Best of museum worker pair,She works as a historian in a big museum.
17213,B1,culture,4.200,4,4,5,,0,,Is there a photography club in this city?
19106,B1,culture,4.200,4,4,5,,0,,Is this town famous for anything special?
2862,B1,culture,4.200,4,4,5,,0,,She cried when she heard about the murder.
3085,B1,culture,4.200,4,4,5,,0,social vocab; inclusion/equality,The event promotes inclusion and equality.
3364,B1,culture,4.200,4,4,5,,0,,She observes the traditions of her family.
4453,B1,culture,4.200,4,4,5,,0,,She is nervous about the dance tournament.
10982,B1,culture,4.200,4,4,5,,0,,She loves wearing black dresses to events.
1614,B1,culture,4.200,4,4,5,,0,,She knows the basic history of her country.
7109,B1,culture,4.200,4,4,5,,0,,The book is divided into separate chapters.
17349,B1,culture,4.200,4,4,5,,0,,"If you watch closely, you’ll see the trick."
2410,B1,culture,4.200,4,4,5,,0,,She jogged alongside her friend in the park.
4158,B1,culture,4.200,5,3,5,,0,Keep one historian — vocabulary utility,A historian can explain why events happened.
15735,B1,culture,4.200,4,4,5,,0,,"In my culture, a white bird means good luck."
17679,B1,culture,4.200,4,4,5,,0,,The cake was eaten by everyone at the wedding.
19449,B1,culture,4.200,4,4,5,,0,,Is there a festival in your town this weekend?
21107,B1,culture,4.200,5,3,5,,0,Different context from merchant; keep,A friendly waiter makes dining more enjoyable.
5297,B1,culture,4.200,4,4,5,,0,,She loves her favourite painting in the museum.
9248,B1,culture,4.200,4,4,5,,0,,It can be rude to call someone without warning.
18278,B1,culture,4.200,4,4,5,,0,,"In my culture, chicken is served on special occasions."
18677,B1,culture,4.200,4,4,5,,0,,"In some cultures, people wear special clothes for weddings."
19971,B1,culture,4.200,4,4,5,,0,,"In my country, people usually celebrate this festival with family."
7544,B1,culture,4.400,5,4,4,,1,templated warm cluster,The warm welcome made me feel at home.
14933,B1,culture,4.400,5,4,4,,1,,I wish I could watch the concert live.
20527,B1,culture,4.400,5,4,4,,0,,If only I could speak French!
1580,B1,culture,4.400,5,4,4,,0,"Idiomatic reflexive, worth keeping.",He lost himself in a good book.
1923,B1,culture,4.400,5,4,4,,0,Social commentary; keep,Pop culture is always changing.
1996,B1,culture,4.400,5,4,4,,0,,I don’t like movies about ghosts.
2014,B1,culture,4.400,5,4,4,,0,,I don’t believe in ghosts at all.
549,B1,culture,4.400,5,4,4,,0,,I pray for a chance to start over.
4807,B1,culture,4.400,5,4,4,,0,,Can you pick a song for the dance?
4887,B1,culture,4.400,5,4,4,,0,"natural, conversational",The way they argued was hilarious.
8963,B1,culture,4.400,5,4,4,,0,,I saw a bat flying around at night.
12803,B1,culture,4.400,5,4,4,,0,,She feels at home in this city now.
16851,B1,culture,4.400,5,4,4,,0,,Sending a thank-you note is polite.
12908,B1,culture,4.400,5,4,4,,0,,Have you ever gone horseback riding?
1260,B1,culture,4.400,5,4,4,,0,,He speaks French better than Spanish.
6955,B1,culture,4.400,5,4,4,,0,,Childhood friends are hard to forget.
16313,B1,culture,4.400,5,4,4,,0,,Have you ever been to a rock concert?
17083,B1,culture,4.400,5,4,4,,0,natural 'really into' collocation,Are you really into adventure sports?
10677,B1,culture,4.400,5,4,4,,0,,Can you teach me your native language?
10957,B1,culture,4.400,5,4,4,,0,,Dancing as a hobby helps her stay fit.
1141,B1,culture,4.400,5,4,4,,0,,The party was dead; no one was dancing.
1157,B1,culture,4.400,5,4,4,,0,,The city center is dead after midnight.
4868,B1,culture,4.400,5,4,4,,0,,I read a hilarious review of the movie.
5191,B1,culture,4.400,5,4,4,,0,,He always has romantic ideas for dates.
504,B1,culture,4.400,5,4,4,,0,,"The book was all right, but not amazing."
2859,B1,culture,4.400,5,4,4,,0,,I read a book about a mysterious murder.
4869,B1,culture,4.400,5,4,4,,0,,The kids put on a hilarious play for us.
12817,B1,culture,4.400,5,4,4,,0,,The rich history of this city amazes me.
21339,B1,culture,4.400,5,4,4,,0,,Saying goodbye to my hometown was tough.
2870,B1,culture,4.400,5,4,4,,0,"Engaging, keep",She wrote a story about a murder mystery.
5500,B1,culture,4.400,5,4,4,,0,,The hollow sound echoed through the hall.
6543,B1,culture,4.400,5,4,4,,0,,She feels comfortable with her sexuality.
7351,B1,culture,4.400,5,4,4,,0,,I read a book about a pirate's adventure.
11409,B1,culture,4.400,5,4,4,,0,,She quoted a line from her favorite poem.
17471,B1,culture,4.400,5,4,4,,0,phrasal 'kicked off',The event kicked off with a great speech.
6127,B1,culture,4.400,5,4,4,,0,,I saw a documentary about predators on TV.
11702,B1,culture,4.400,5,4,4,,0,,"I’m not good at drawing, but I admire art."
10959,B1,culture,4.400,5,4,4,,0,,Having a hobby like knitting is so calming.
12609,B1,culture,4.400,5,4,4,,0,,I don’t enjoy the theatre; I prefer movies.
16410,B1,culture,4.400,5,4,4,,0,,The museum near my house is free on Sundays.
17591,B1,culture,4.400,5,4,4,,0,,"I’m not much of a reader, but I like comics."
18173,B1,culture,4.400,5,4,4,,0,,There was once a time when life was simpler.
18240,B1,culture,4.400,5,4,4,,0,,The hospital where I was born is still open.
19168,B1,culture,4.400,5,4,4,,0,,There’s a story that this forest is haunted.
20928,B1,culture,4.400,5,4,4,,0,,Coming to this city was a big change for me.
5428,B1,culture,4.400,5,4,4,,0,,"I read one book, but I didn’t like the other."
14643,B1,culture,4.400,5,4,4,,0,,Choosing a favourite movie is so hard for me!
15880,B1,culture,4.400,5,4,4,,0,,Can you tell me how much this painting costs?
19263,B1,culture,4.400,5,4,4,,0,,She’s the kind of person who loves adventure.
19763,B1,culture,4.400,5,4,4,,0,,I stood in line for two hours to buy tickets.
11491,B1,culture,4.400,5,4,4,,0,,I had never seen this movie before last night.
12853,B1,culture,4.400,5,4,4,,0,,I’ve been following this TV series for months.
8325,B1,culture,4.400,5,4,4,,0,"natural, idiomatic",The vibrant pattern on the shirt caught my eye.
9512,B1,culture,4.400,5,4,4,,0,,Chocolate is often used in desserts and sweets.
13390,B1,culture,4.400,5,4,4,,0,,Choosing a good title is important for a story.
14905,B1,culture,4.400,5,4,4,,0,,Describe what you saw on your last trip abroad.
6871,B1,culture,4.400,5,4,4,,0,,She read a story about poison in a mystery book.
17599,B1,culture,4.400,5,4,4,,0,,"I didn’t expect much, but the event was amazing!"
10688,B1,culture,4.400,5,4,4,,0,,The language in this movie is hard to understand.
21082,B1,culture,4.400,5,4,4,,0,,I need to memorize this line for the school play.
14942,B1,culture,4.400,5,4,4,,0,,Did you hear about his success at the competition?
17681,B1,culture,4.400,5,4,4,,0,,Cutting the cake is a special moment at birthdays.
18838,B1,culture,4.400,5,4,4,,0,"Natural, richer context than simple interest statement.",Her interest in cooking grew after taking a class.
12569,B1,culture,4.400,5,4,4,,0,Color/culture; useful passive 'associated with',Purple is often associated with royalty and luxury.
12728,B1,culture,4.400,5,4,4,,0,,The newspaper reported a big accident on the highway.
16807,B1,culture,4.400,5,4,4,,0,,"Did you see the game last night? Yeah, it was amazing!"
13460,B1,culture,4.400,5,4,4,,0,,Check the recipe to see if we have all the ingredients.
16315,B1,culture,4.400,5,4,4,,0,"vivid, translatable",The concert was so loud that I couldn’t hear anything after.
20909,B1,culture,4.500,5,5,5,11386,1,,I come from a small village.
9205,B1,culture,4.500,5,5,5,6946,1,near-dup of 6946 (grew up in X),He grew up in a small village.
21280,B1,culture,4.500,5,5,5,17013,1,,I can’t stop listening to this song.
11657,B1,culture,4.500,5,5,5,8242,1,,I don't have much experience in cooking.
20888,B1,culture,4.500,5,5,5,9167,1,,"If I have time, I will visit the old castle."
16402,B1,culture,4.500,5,5,5,9167,1,,"If I have time, I’ll visit the museum this weekend."
15698,B1,culture,4.500,5,5,5,13405,1,,The school organized a trip to the museum for students.
2003,B1,culture,4.600,5,4,5,,1,cluster trim,The ghost made a strange noise.
2025,B1,culture,4.600,5,4,5,,1,cluster trim,The ghost only comes out at night.
16306,B1,culture,4.600,5,4,5,,1,child cluster pruning,The child grew up in a small village.
13940,B1,culture,4.600,5,4,5,,1,"near-dup Feeling cluster, excess",Feeling welcome in a new place is important.
9488,B1,culture,4.600,5,4,5,,1,,They welcomed us with open arms at the event.
17224,B1,culture,4.600,5,4,5,,1,club cluster pruning,The club was founded in 1995 by a group of students.
5814,B1,culture,4.600,5,4,5,,0,,She collects old coins.
5052,B1,culture,4.600,5,4,5,,0,"Natural, useful vocabulary.",He loves extreme sports.
8978,B1,culture,4.600,5,4,5,,0,,He beat the drum loudly.
1992,B1,culture,4.600,5,4,5,,0,,Do you believe in ghosts?
4843,B1,culture,4.600,5,4,5,,0,,That movie was hilarious!
8366,B1,culture,4.600,5,4,5,,0,"Short, natural, good 'amateur' usage.",He is an amateur painter.
2310,B1,culture,4.600,5,4,5,,0,,Money can’t buy happiness.
910,B1,culture,4.600,5,4,5,,0,"simple, high-frequency",Black is my favorite color.
21273,B1,culture,4.600,5,4,5,,0,,He wrote a song about love.
15863,B1,culture,4.600,5,4,5,,0,Simple declarative; keep,Reading is a relaxing hobby.
18366,B1,culture,4.600,5,4,5,,0,,Life was harder in the past.
2030,B1,culture,4.600,5,4,5,,0,"Natural, engaging",She wrote a book about ghosts.
4406,B1,culture,4.600,5,4,5,,0,keep,What do you think of the plot?
8373,B1,culture,4.600,5,4,5,,0,,She sings in an amateur choir.
17778,B1,culture,4.600,5,4,5,,0,,She isn’t a famous writer yet.
19265,B1,culture,4.600,5,4,5,,0,keep,What a talented person she is!
2011,B1,culture,4.600,5,4,5,,0,shiver; emotional response,The ghost story made me shiver.
2255,B1,culture,4.600,5,4,5,,0,"'Such a' emphatic, natural.",He is such a talented musician.
4390,B1,culture,4.600,5,4,5,,0,"natural, distinct context (story/plot)",Can you explain the plot to me?
14467,B1,culture,4.600,5,4,5,,0,,I wonder who will win the game.
19294,B1,culture,4.600,5,4,5,,0,,She said the party sounded fun.
2005,B1,culture,4.600,5,4,5,,0,,Have you ever seen a real ghost?
5166,B1,culture,4.600,5,4,5,,0,,He sang a romantic song for her.
10318,B1,culture,4.600,5,4,5,,0,"Natural, good modal use",Sport can bring people together.
16389,B1,culture,4.600,5,4,5,,0,,Do you like going to the museum?
19727,B1,culture,4.600,5,4,5,,0,,She sings very well for her age.
1999,B1,culture,4.600,5,4,5,,0,,He told me a story about a ghost.
4214,B1,culture,4.600,5,4,5,,0,,He gave me a biography as a gift.
5152,B1,culture,4.600,5,4,5,,0,,She loves reading romantic books.
5159,B1,culture,4.600,5,4,5,,0,,She smiled at his romantic words.
9963,B1,culture,4.600,5,4,5,,0,,Have you ever cooked Indian food?
10370,B1,culture,4.600,5,4,5,,0,,Have you ever painted a portrait?
14737,B1,culture,4.600,5,4,5,,0,,The spaceship landed on the moon.
2019,B1,culture,4.600,5,4,5,,0,haunted; core ghost vocab,The ghost haunted the old mansion.
4218,B1,culture,4.600,5,4,5,,0,,She reads a biography every month.
4880,B1,culture,4.600,5,4,5,,0,hilarious; strong adj,The game show on TV was hilarious.
7354,B1,culture,4.600,5,4,5,,0,,My brother loves adventure movies.
10367,B1,culture,4.600,5,4,5,,0,,He doesn’t know how to paint well.
11651,B1,culture,4.600,5,4,5,,0,,She has little interest in sports.
288,B1,culture,4.600,5,4,5,,0,,He discarded the outdated magazine.
10268,B1,culture,4.600,5,4,5,,0,,He told a funny story at the party.
15499,B1,culture,4.600,5,4,5,,0,,He told me that he loves this book.
17163,B1,culture,4.600,5,4,5,,0,,He plays in a band at local events.
19571,B1,culture,4.600,5,4,5,,0,,He was upset because his team lost.
20005,B1,culture,4.600,5,4,5,,0,,That has to be the best movie ever!
20632,B1,culture,4.600,5,4,5,,0,,"My father said, 'Always be honest.'"
2151,B1,culture,4.600,5,4,5,,0,excellent,The villagers harvest rice together.
4404,B1,culture,4.600,5,4,5,,0,,I didn’t like the plot of that film.
7124,B1,culture,4.600,5,4,5,,0,Sorting instruction; distinct verb 'separate',Please separate the books by author.
12874,B1,culture,4.600,5,4,5,,0,,The river flows past the old castle.
15650,B1,culture,4.600,5,4,5,,0,,He told me the date of the festival.
15811,B1,culture,4.600,5,4,5,,0,"Natural exclamation, sports context",Six goals in one game is incredible!
16394,B1,culture,4.600,5,4,5,,0,,I didn’t enjoy the museum very much.
18149,B1,culture,4.600,5,4,5,,0,,My culture values family traditions.
1857,B1,culture,4.600,5,4,5,,0,,That scary story gave me a nightmare.
6951,B1,culture,4.600,5,4,5,,0,"Natural, good passive structure.",His childhood was spent near the sea.
6977,B1,culture,4.600,5,4,5,,0,,She often dreams about her childhood.
8764,B1,culture,4.600,5,4,5,,0,,"Last night, we watched a scary movie."
9553,B1,culture,4.600,5,4,5,,0,,I don’t think it’s hard to cook rice.
11700,B1,culture,4.600,5,4,5,,0,"Relative clause, good vocabulary.",He is an artist who loves street art.
12749,B1,culture,4.600,5,4,5,,0,natural lending request,Can you lend me any books on history?
17252,B1,culture,4.600,5,4,5,,0,natural Every year pattern,"Every year, the festival gets bigger."
550,B1,culture,4.600,5,4,5,,0,,She prays for hope in difficult times.
1575,B1,culture,4.600,5,4,5,,0,"Reflexive, natural idiom.",He laughed at himself for being silly.
4062,B1,culture,4.600,5,4,5,,0,,This album changed the music industry.
7542,B1,culture,4.600,5,4,5,,0,"natural, concrete, vivid",The warm sand felt good under my feet.
11398,B1,culture,4.600,5,4,5,,0,keep,We walked from the park to the museum.
11761,B1,culture,4.600,5,4,5,,0,"Hope + that clause, useful.",He hopes that his team wins the match.
19163,B1,culture,4.600,5,4,5,,0,,I’m writing a story for a competition.
433,B1,culture,4.600,5,4,5,,0,,The pastor led the prayer this morning.
1345,B1,culture,4.600,5,4,5,,0,,She studies the culture of this region.
3872,B1,culture,4.600,5,4,5,,0,antique; good vocab,The furniture in this house is antique.
5161,B1,culture,4.600,5,4,5,,0,,He planned a romantic surprise for her.
8331,B1,culture,4.600,5,4,5,,0,,She painted her room in vibrant colors.
12365,B1,culture,4.600,5,4,5,,0,,He prefers books that are easy to read.
14775,B1,culture,4.600,5,4,5,,0,Common everyday sentence,A group of students visited the museum.
15308,B1,culture,4.600,5,4,5,,0,relative clause; award vocab,The film that won the award is amazing.
20051,B1,culture,4.600,5,5,3,,0,"idiom, useful even if translation varies","The early bird catches the worm, right?"
2016,B1,culture,4.600,5,4,5,,0,,They told a ghost story by the campfire.
6936,B1,culture,4.600,5,4,5,,0,,I spent my childhood in a small village.
9883,B1,culture,4.600,5,4,5,,0,excellent,The young actor won an award last night.
12649,B1,culture,4.600,5,4,5,,0,"Natural, cultural",Summer festivals are popular in my town.
16270,B1,culture,4.600,5,4,5,,0,,Let’s walk through the city and explore.
17260,B1,culture,4.600,5,4,5,,0,,Do you read the newspaper every morning?
17658,B1,culture,4.600,5,4,5,,0,,I’m looking forward to Saturday’s party.
17926,B1,culture,4.600,5,4,5,,0,,"Many years ago, life was very different."
21287,B1,culture,4.600,5,4,5,,0,,The song was written by a famous artist.
4066,B1,culture,4.600,5,4,5,,0,,The album was recorded in a small studio.
5167,B1,culture,4.600,5,4,5,,0,,The restaurant has a romantic atmosphere.
9459,B1,culture,4.600,5,4,5,,0,,The reason for the party is her birthday.
10165,B1,culture,4.600,5,4,5,,0,,"If I had one wish, I would ask for peace."
10993,B1,culture,4.600,5,4,5,,0,,She was dressed in black for the funeral.
11776,B1,culture,4.600,5,4,5,,0,keep — distinct Each time structure,"Each time I visit, I learn something new."
14770,B1,culture,4.600,5,4,5,,0,,The city of Paris is beautiful in spring.
15259,B1,culture,4.600,5,4,5,,0,,The station was built over 100 years ago.
15409,B1,culture,4.600,5,4,5,,0,,My parents got married in a small church.
16291,B1,culture,4.600,5,4,5,,0,,The child can draw very well for his age.
16938,B1,culture,4.600,5,4,5,,0,natural causal question,Are you crying because the movie was sad?
18557,B1,culture,4.600,5,4,5,,0,keep; different tense/time,The wall was built hundreds of years ago.
19517,B1,culture,4.600,5,4,5,,0,,She asked if her translation was correct.
4824,B1,culture,4.600,5,4,5,,0,,He picked up his guitar and played a song.
6948,B1,culture,4.600,5,4,5,,0,,She had a happy childhood with her family.
11960,B1,culture,4.600,5,4,5,,0,,The player was chosen as the team captain.
12139,B1,culture,4.600,5,4,5,,0,,She said she was excited to join the club.
13213,B1,culture,4.600,5,4,5,,0,,That old hat reminds me of my grandfather.
13411,B1,culture,4.600,5,4,5,,0,,The activity that I love most is painting.
16597,B1,culture,4.600,5,4,5,,0,,She grows beautiful flowers in her garden.
17181,B1,culture,4.600,5,4,5,,0,"Natural narrative, everyday scenario",A song played on the radio while we drove.
19154,B1,culture,4.600,5,4,5,,0,,The story in this book is really exciting.
19462,B1,culture,4.600,5,4,5,,0,,He told me that the festival was canceled.
5189,B1,culture,4.600,5,4,5,,0,"Natural, engaging",She wrote a romantic note to her boyfriend.
9848,B1,culture,4.600,5,4,5,,0,,Looking at old photos brings back the past.
10859,B1,culture,4.600,5,4,5,,0,Common event description,A large crowd gathered to watch the parade.
11701,B1,culture,4.600,5,4,5,,0,"thoughtful, natural artistic statement",Art can express feelings that words cannot.
13908,B1,culture,4.600,5,4,5,,0,core holiday phrase,"During the holiday, we visited many places."
17019,B1,culture,4.600,5,4,5,,0,,Have you ever stopped to admire the sunset?
17610,B1,culture,4.600,5,4,5,,0,,He said he had a lot of fun at the concert.
17636,B1,culture,4.600,5,4,5,,0,"natural, emotional time-gap narrative","After thirty years, they finally met again."
17787,B1,culture,4.600,5,4,5,,0,excellent passive,The writer was interviewed on TV yesterday.
453,B1,culture,4.600,5,4,5,,0,,The pastor’s message was clear and powerful.
2001,B1,culture,4.600,5,4,5,,0,Reporting speech; engaging topic,People say a ghost haunts that old building.
5186,B1,culture,4.600,5,4,5,,0,evocative; moonlight vocab,The garden looked romantic in the moonlight.
5283,B1,culture,4.600,5,4,5,,0,,She reads her favourite magazine every week.
8911,B1,culture,4.600,5,4,5,,0,"Persuade + inf, natural social context.",He persuaded his girlfriend to go on a date.
9540,B1,culture,4.600,5,4,5,,0,"Natural narrative, useful time expression","A few years ago, I lived in a small village."
10635,B1,culture,4.600,5,4,5,,0,,My first impression of the city was amazing.
11842,B1,culture,4.600,5,4,5,,0,Common event/ceremony phrase,A special award was presented to the winner.
12861,B1,culture,4.600,5,4,5,,0,,Have you ever walked past a famous landmark?
14016,B1,culture,4.600,5,4,5,,0,,He described the event in such great detail!
16297,B1,culture,4.600,5,4,5,,0,,The child’s drawing was displayed at school.
20773,B1,culture,4.600,5,4,5,,0,,The bus broke down on the way to the museum.
21261,B1,culture,4.600,5,4,5,,0,"clean, natural",The concert last night was simply wonderful.
9507,B1,culture,4.600,5,4,5,,0,,The chocolate factory we visited was amazing.
9636,B1,culture,4.600,5,4,5,,0,distinct use of thousand in historical context,"A thousand years ago, this city didn’t exist."
11637,B1,culture,4.600,5,4,5,,0,,She told me it’s hard to learn a new culture.
15488,B1,culture,4.600,5,4,5,,0,,She has loved painting since she was a child.
17814,B1,culture,4.600,5,4,5,,0,,Salt was once used as money in ancient times.
20284,B1,culture,4.600,5,4,5,,0,,He told me he enjoys reading science fiction.
4845,B1,culture,4.600,5,4,5,,0,,My friend always makes me laugh when he talks.
7356,B1,culture,4.600,5,4,5,,0,,Her adventure in the forest was unforgettable.
10631,B1,culture,4.600,5,4,5,,0,"cooking instruction, natural","First, make sure you have all the ingredients."
10694,B1,culture,4.600,5,4,5,,0,,Language barriers can make travel challenging.
14205,B1,culture,4.600,5,4,5,,0,,The painting looks different in natural light.
15322,B1,culture,4.600,5,4,5,,0,Natural media/entertainment phrase,A new film about nature will be released soon.
16319,B1,culture,4.600,5,4,5,,0,,Don’t forget to buy your concert ticket early!
17951,B1,culture,4.600,5,4,5,,0,Linguistics context; practical,People in the north speak a different dialect.
19005,B1,culture,4.600,5,4,5,,0,Cultural sensitivity phrase,Please respect the traditions of this culture.
19450,B1,culture,4.600,5,4,5,,0,visual vocab; colorful,The festival was full of colorful decorations.
10407,B1,culture,4.600,5,4,5,,0,,The race was so close; I couldn’t tell who won.
11594,B1,culture,4.600,5,4,5,,0,,They walked quickly through the crowded market.
12979,B1,culture,4.600,5,4,5,,0,excellent present perfect,The tree has been standing there for centuries.
13545,B1,culture,4.600,5,4,5,,0,Keep one tourist sentence,A lot of tourists visit this museum every year.
14908,B1,culture,4.600,5,4,5,,0,,She described the movie as boring and too long.
15748,B1,culture,4.600,5,4,5,,0,,"The park is beautiful, but it's always crowded."
15852,B1,culture,4.600,5,4,5,,0,,The reader isn’t interested in science fiction.
16332,B1,culture,4.600,5,4,5,,0,,He told me that the concert had been postponed.
18832,B1,culture,4.600,5,4,5,,0,,She showed no interest in the movie we watched.
9608,B1,culture,4.600,5,4,5,,0,,She bought a beautiful painting at the art fair.
13003,B1,culture,4.600,5,4,5,,0,excellent,The wind carries the smell of flowers in spring.
13615,B1,culture,4.600,5,4,5,,0,,I don’t understand the meaning of this painting.
13619,B1,culture,4.600,5,4,5,,0,,The children are painting pictures in art class.
13631,B1,culture,4.600,5,4,5,,0,,The artist spent years perfecting this painting.
14648,B1,culture,4.600,5,4,5,,0,,He told me that his favourite hobby is painting.
15142,B1,culture,4.600,5,4,5,,0,,She said she grew up in the east of the country.
18380,B1,culture,4.600,5,4,5,,0,,My grandfather often talks about his early life.
4205,B1,culture,4.600,5,4,5,,0,,The biography explains her struggles and success.
9877,B1,culture,4.600,5,4,5,,0,,The actor performed brilliantly in the new movie.
12736,B1,culture,4.600,5,4,5,,0,,I didn’t see any interesting movies last weekend.
16407,B1,culture,4.600,5,4,5,,0,natural cultural activity sentence,"After visiting the museum, we felt very inspired."
17901,B1,culture,4.600,5,4,5,,0,probably; adverb of probability,The festival will probably attract many tourists.
18007,B1,culture,4.600,5,4,5,,0,,The chef recommended this dish to all the guests.
19493,B1,culture,4.600,5,4,5,,0,,I love listening to stories from my grandparents.
1859,B1,culture,4.600,5,4,5,,0,,She had a nightmare after watching a horror movie.
7352,B1,culture,4.600,5,4,5,,0,,They went on an adventure to find hidden treasure.
9628,B1,culture,4.600,5,4,5,,0,"natural, high-frequency scenario",A thousand people attended the concert last night.
13243,B1,culture,4.600,5,4,5,,0,,I’m excited to see what happens next in the story.
11197,B1,culture,4.600,5,4,5,,0,,They sold out of tickets for the concert yesterday.
15293,B1,culture,4.600,5,4,5,,0,,The audience laughed at the comedian’s clever joke.
16608,B1,culture,4.600,5,4,5,,0,,My grandmother loves telling stories in the garden.
16741,B1,culture,4.600,5,4,5,,0,,She said she wanted a red balloon for her birthday.
9772,B1,culture,4.600,5,4,5,,0,,He guessed the movie title before the trailer ended.
9898,B1,culture,4.600,5,4,5,,0,,He told me that he wanted to be an actor as a child.
11736,B1,culture,4.600,5,4,5,,0,natural hyperbole phrase,Getting a ticket to that event is almost impossible.
12318,B1,culture,4.600,5,4,5,,0,,Many tourists visit the capital during the holidays.
19470,B1,culture,4.600,5,4,5,,0,natural festival phrase,"During the festival, the streets are always crowded."
12126,B1,culture,4.600,5,4,5,,0,,The children were excited when they saw the presents.
12614,B1,culture,4.600,5,4,5,,0,,"My friend, who loves acting, performs at the theatre."
13264,B1,culture,4.600,5,4,5,,0,,They were waiting patiently for the concert to start.
15987,B1,culture,4.600,5,4,5,,0,,The artist attracted a crowd with his amazing skills.
13618,B1,culture,4.600,5,4,5,,0,keep,"What kind of painting do you prefer, modern or classic?"
18545,B1,culture,4.600,5,4,5,,0,Specific and natural; keep,Shopping for souvenirs is my favorite part of traveling.
17868,B1,culture,4.600,5,4,5,,0,,Learning about other cultures is important when you travel.
12624,B1,culture,4.600,5,4,5,,0,"natural, culturally rich sentence","After the show, we waited outside the theatre to meet the actors."
13105,B1,culture,4.800,5,5,4,,0,,I’ve never been good at cooking.
9866,B1,culture,4.800,5,5,4,,0,tag question; present perfect,"The game hasn’t begun yet, has it?"
19025,B1,culture,4.800,5,5,4,,0,Idiom 'rain or shine'; high utility,"Rain or shine, the event will happen."
1251,B1,culture,4.800,5,5,4,,0,,I think this color looks better on you.
18515,B1,culture,4.800,5,5,4,,0,,There’s a thin line between love and hate.
21078,B1,culture,4.800,5,5,4,,0,,There’s a fine line between being funny and rude.
522,B1,culture,5.000,5,5,5,,0,,I pray when I feel sad.
10894,B1,culture,5.000,5,5,5,,0,,She is a talented dancer.
17581,B1,culture,5.000,5,5,5,,0,keep,When does the museum open?
2009,B1,culture,5.000,5,5,5,,0,,I read a book about ghosts.
2612,B1,culture,5.000,5,5,5,,0,,She smiled when she saw me.
5259,B1,culture,5.000,5,5,5,,0,keep,What’s your favourite game?
9058,B1,culture,5.000,5,5,5,,0,,She used to sing in a choir.
12187,B1,culture,5.000,5,5,5,,0,,Have you ever been to Japan?
12685,B1,culture,5.000,5,5,5,,0,,Have you ever visited Paris?
1010,B1,culture,5.000,5,5,5,,0,,I really enjoyed my vacation.
3432,B1,culture,5.000,5,5,5,,0,,She is interested in fashion.
12302,B1,culture,5.000,5,5,5,,0,keep,What is the capital of Japan?
5263,B1,culture,5.000,5,5,5,,0,"High-frequency, classic.",His favourite subject is math.
9070,B1,culture,5.000,5,5,5,,0,,He used to like reading books.
18646,B1,culture,5.000,5,5,5,,0,,Not everyone likes spicy food.
4398,B1,culture,5.000,5,5,5,,0,,I love movies with a good plot.
6810,B1,culture,5.000,5,5,5,,0,keep,We will find a good restaurant.
14767,B1,culture,5.000,5,5,5,,0,keep,What kind of music do you like?
10364,B1,culture,5.000,5,5,5,,0,,She paints beautiful landscapes.
17160,B1,culture,5.000,5,5,5,,0,,She plays the piano beautifully.
1577,B1,culture,5.000,5,5,5,,0,,He expressed himself through art.
2319,B1,culture,5.000,5,5,5,,0,,I don’t like talking about money.
9785,B1,culture,5.000,5,5,5,,0,,She made up a funny story for us.
10280,B1,culture,5.000,5,5,5,,0,,Tell me more about your hometown.
12885,B1,culture,5.000,5,5,5,,0,,Have you ever tried sushi before?
13584,B1,culture,5.000,5,5,5,,0,keep,What do you know about this city?
1229,B1,culture,5.000,5,5,5,,0,,I think tea is better than coffee.
4738,B1,culture,5.000,5,5,5,,0,,Help me decide which book to read.
12373,B1,culture,5.000,5,5,5,,0,,I really like this new restaurant!
20322,B1,culture,5.000,5,5,5,,0,,Have you ever met a famous person?
13139,B1,culture,5.000,5,5,5,,0,seasonal; natural,The garden looks amazing in spring.
18951,B1,culture,5.000,5,5,5,,0,,"She sings pretty well, doesn’t she?"
21209,B1,culture,5.000,5,5,5,,0,"natural, puzzle context",This part of the puzzle is missing.
1078,B1,culture,5.000,5,5,5,,0,,Let’s pick a movie to watch tonight.
9872,B1,culture,5.000,5,5,5,,0,,The story begins in a small village.
11786,B1,culture,5.000,5,5,5,,0,core cultural awareness phrase,Each country has its own traditions.
17159,B1,culture,5.000,5,5,5,,0,,Do you play any musical instruments?
20658,B1,culture,5.000,5,5,5,,0,universal wisdom phrase,Even the best players make mistakes.
20870,B1,culture,5.000,5,5,5,,0,keep,"When I travel, I always take photos."
853,B1,culture,5.000,5,5,5,,0,,I like to drink coffee while reading.
4061,B1,culture,5.000,5,5,5,,0,,The album reminds me of my childhood.
4233,B1,culture,5.000,5,5,5,,0,,The biography changed my perspective.
9879,B1,culture,5.000,5,5,5,,0,,She wants to become an actor one day.
10875,B1,culture,5.000,5,5,5,,0,,Tell me about your favourite holiday.
14252,B1,culture,5.000,5,5,5,,0,"natural, place reminder of home",This place reminds me of my hometown.
4827,B1,culture,5.000,5,5,5,,0,,She picked a challenging book to read.
8656,B1,culture,5.000,5,5,5,,0,,He has a positive influence on others.
13718,B1,culture,5.000,5,5,5,,0,,Tell me a fun fact about your country!
14792,B1,culture,5.000,5,5,5,,0,,The story he told was absolutely true.
1245,B1,culture,5.000,5,5,5,,0,,I like this shirt better than that one.
3449,B1,culture,5.000,5,5,5,,0,,She’s interested in different cultures.
4844,B1,culture,5.000,5,5,5,,0,,She told a hilarious joke at the party.
10461,B1,culture,5.000,5,5,5,,0,,I’ll never forget my first trip abroad.
12742,B1,culture,5.000,5,5,5,,0,,Did you buy any souvenirs on your trip?
16310,B1,culture,5.000,5,5,5,,0,,Do you want to go to a concert with me?
17578,B1,culture,5.000,5,5,5,,0,,Things were different when I was young.
21122,B1,culture,5.000,5,5,5,,0,,They got married in a beautiful church.
6935,B1,culture,5.000,5,5,5,,0,,My childhood was full of happy memories.
17032,B1,culture,5.000,5,5,5,,0,,He enjoys watching movies late at night.
20093,B1,culture,5.000,5,5,5,,0,,She said maybe she’ll come to the party.
20183,B1,culture,5.000,5,5,5,,0,,She told me a story about her childhood.
21203,B1,culture,5.000,5,5,5,,0,keep,What part of the book did you like best?
4389,B1,culture,5.000,5,5,5,,0,,I didn’t understand the plot of the book.
9171,B1,culture,5.000,5,5,5,,0,"Present perfect continuous, very useful.",He has been cooking since he was a child.
10897,B1,culture,5.000,5,5,5,,0,"performed on stage, natural",The dancer performed on stage last night.
15316,B1,culture,5.000,5,5,5,,0,"natural, childhood memory",This old film reminds me of my childhood.
1585,B1,culture,5.000,5,5,5,,0,,She taught me some basic words in Spanish.
4815,B1,culture,5.000,5,5,5,,0,,She picked the best dress for the wedding.
9164,B1,culture,5.000,5,5,5,,0,,I learned how to cook from my grandmother.
13240,B1,culture,5.000,5,5,5,,0,,"Next year, I want to learn a new language."
6962,B1,culture,5.000,5,5,5,,0,"Natural, high utility.",He often tells stories about his childhood.
10716,B1,culture,5.000,5,5,5,,0,,Have you heard the other side of the story?
15085,B1,culture,5.000,5,5,5,,0,,She was cold towards me after our argument.
19453,B1,culture,5.000,5,5,5,,0,keep,What kind of festival do you like the most?
4356,B1,culture,5.000,5,5,5,,0,,The score was a tie at the end of the match.
6956,B1,culture,5.000,5,5,5,,0,,I learned to ride a bike when I was a child.
9411,B1,culture,5.000,5,5,5,,0,"natural, family heirloom",This table has been in our family for years.
10117,B1,culture,5.000,5,5,5,,0,,They invited me to their wedding next month.
15380,B1,culture,5.000,5,5,5,,0,keep,"When I was a child, I loved playing outside."
17192,B1,culture,5.000,5,5,5,,0,,Tell me about an interesting place to visit.
18825,B1,culture,5.000,5,5,5,,0,,The result depends on how much you practice.
9609,B1,culture,5.000,5,5,5,,0,,Let’s buy some snacks before the movie starts.
12642,B1,culture,5.000,5,5,5,,0,,The summer I spent in Italy was unforgettable.
12846,B1,culture,5.000,5,5,5,,0,,I’m following a new recipe for dinner tonight.
3885,B1,culture,5.000,5,5,5,,0,,They banned him from the club for bad behavior.
18367,B1,culture,5.000,5,5,5,,0,keep,What do you think about life in another country?
219,B1,culture,5.000,5,5,5,,0,,The official language of this country is English.
688,B1,culture,5.000,5,5,5,,0,,She is following a famous singer on social media.
13866,B1,culture,5.000,5,5,5,,0,practical cultural sensitivity vocabulary,"As a tourist, you must respect the local customs."
11718,B1,culture,5.000,5,5,5,,0,,She lost her ticket and couldn’t enter the museum.
17195,B1,culture,5.000,5,5,5,,0,"nature documentary, natural",The documentary about nature was very interesting.
18797,B1,culture,5.000,5,5,5,,0,Meta-language; high utility for learners,Spelling is harder in English than in my language.
19356,B1,culture,5.000,5,5,5,,0,,Do you know any good places to visit in this city?
13609,B1,culture,5.000,5,5,5,,0,,I saw a beautiful painting at the museum yesterday.
17717,B1,culture,5.000,5,5,5,,0,Temporal 'once' clause; core grammar,"Once he explained the rules, I understood the game."
10585,B1,culture,5.000,5,5,5,,0,"universal sentiment, high utility",Feeling grateful for small things makes life better.
12307,B1,culture,5.000,5,5,5,,0,,"The capital of Australia isn’t Sydney, it’s Canberra."
16997,B1,culture,5.000,5,5,5,,0,,"I don’t like spicy food; however, I’ll try this dish."
13849,B1,culture,5.000,5,5,5,,0,"excellent, keep",The tourist guide explained the history of the castle.
20729,B1,culture,5.000,5,5,5,,0,,"If you turn right, you’ll see the museum on your left."
19230,B1,environment,4.100,5,4,5,1996,1,,I don’t like going to the park when it’s raining.
21253,B1,environment,4.100,5,4,5,7371,1,,She told me about her wonderful trip to the mountains.
5860,B1,environment,4.200,5,3,5,,1,4th 'He collects X' variant — excess repetition,He collects seeds to plant later.
7511,B1,environment,4.200,5,3,5,,1,templated warm cluster,The warm wind blew through the trees.
9353,B1,environment,4.200,5,3,5,,1,cluster trim,The grey mountains looked amazing at sunset.
18124,B1,environment,4.200,5,3,5,,0,Natural descriptive sentence,A brown bird landed on my window.
1403,B1,environment,4.200,4,4,5,,0,,They protect the coastal wildlife.
19032,B1,environment,4.200,4,4,5,,0,,Is the north colder than the south?
3324,B1,environment,4.200,4,4,5,,0,,She observes the animals in the zoo.
18374,B1,environment,4.200,5,3,5,,0,,Life on a farm sounds peaceful to me.
21358,B1,environment,4.200,4,4,5,,0,,"In the north, winters are very harsh."
525,B1,environment,4.200,4,4,5,,0,,They pray for rain during the drought.
14305,B1,environment,4.200,4,4,5,,0,,The apple was grown without chemicals.
16791,B1,environment,4.200,4,4,5,,0,,I always help my aunt with her garden.
117,B1,environment,4.200,4,4,5,,0,"health phrase, natural",Fresh air is beneficial for your lungs.
11868,B1,environment,4.200,5,3,5,,0,,Seeing a sheep in the city is quite rare.
15680,B1,environment,4.200,5,3,5,,0,Different focus from diet; keep,A healthy environment helps us stay well.
1132,B1,environment,4.200,4,4,5,,0,natural; seasonal,The flowers are dead after the cold night.
4298,B1,environment,4.200,5,3,5,,0,"vivid descriptive imagery, natural phrasing",A tiny ray of light entered the dark room.
5482,B1,environment,4.200,5,3,5,,0,Descriptive vocab sentence,A hollow space was hidden behind the wall.
8141,B1,environment,4.200,4,4,5,,0,,She picked a random flower from the field.
12829,B1,environment,4.200,4,4,5,,0,rich with; biodiversity,The forest is rich with many rare animals.
6124,B1,environment,4.200,5,3,5,,0,Keep one — nature/science vocabulary,A predator can be very sneaky when hunting.
12969,B1,environment,4.200,4,4,5,,0,,"If you water the tree, it will grow faster."
2106,B1,environment,4.200,4,4,5,,0,,She learned how to minimize food waste at home.
10969,B1,environment,4.200,5,3,5,,0,,My brother and I both enjoy fishing as a hobby.
16949,B1,environment,4.200,4,4,5,,0,,They canceled the event because of bad weather.
13784,B1,environment,4.200,4,4,5,,0,,I couldn’t believe how beautiful the sunset was.
15728,B1,environment,4.200,5,3,5,,0,Natural narrative sentence,A bird nested in the tree near my house last spring.
19115,B1,environment,4.200,4,4,5,,0,,"If you visit this town, bring a jacket because it’s cold."
10578,B1,environment,4.300,5,5,4,11292,1,,"If you’re feeling cold, take my jacket."
20531,B1,environment,4.300,5,5,4,18488,1,,"If the weather is nice, let’s go for a walk."
11648,B1,environment,4.400,5,4,4,,1,,There’s little chance of rain today.
9272,B1,environment,4.400,5,4,4,,1,cluster trim; 'or so they say' awkward in translation,"The forest has a million trees, or so they say."
19058,B1,environment,4.400,5,4,4,,0,,Can you swim across the river?
12963,B1,environment,4.400,5,4,4,,0,natural tag question,"The tree is very old, isn’t it?"
6915,B1,environment,4.400,5,4,4,,0,,I noticed the bin was overflowing.
19999,B1,environment,4.400,5,4,4,,0,,I’d rather be outside than indoors.
19019,B1,environment,4.400,5,4,4,,0,,Has it ever rained this much before?
12920,B1,environment,4.400,5,4,4,,0,,The horse galloped across the meadow.
8935,B1,environment,4.400,5,4,4,,0,,The birds are flying south for winter.
10899,B1,environment,4.400,5,4,4,,0,,I saw a dancer practicing in the park.
16225,B1,environment,4.400,5,4,4,,0,,The clouds hung over the city all day.
20672,B1,environment,4.400,5,4,4,,0,,I saw a flower growing near the river.
18164,B1,environment,4.400,5,4,4,,0,,There has been a lot of rain this week.
5505,B1,environment,4.400,5,4,4,,0,,The hollow tree was a perfect hiding spot.
8615,B1,environment,4.400,5,4,4,,0,'gave way'; phrasal idiom,The ground gave way under the heavy truck.
17150,B1,environment,4.400,5,4,4,,0,,I’d love to live next to a forest someday.
14647,B1,environment,4.400,5,4,4,,0,,Have you visited your favourite park recently?
16606,B1,environment,4.400,5,4,4,,0,,I saw a cute bird while sitting in the garden.
18248,B1,environment,4.400,5,4,4,,0,,The hospital was crowded because of the flu season.
8060,B1,environment,4.500,5,5,5,6833,1,,The snake shed its skin.
2233,B1,environment,4.600,5,4,5,,1,cluster trim,The fire made the air very smoky.
17530,B1,environment,4.600,5,4,5,,1,near-dup of Everything cluster with 17524,Everything depends on the weather.
7342,B1,environment,4.600,5,4,5,,1,cluster trim; negative framing,The festival left a mess in the park.
6586,B1,environment,4.600,5,4,5,,1,cluster trim,The ground absorbed the rain after the storm.
10661,B1,environment,4.600,5,4,5,,1,cluster trim; reported speech context trivial,"The farmer said, 'The weather is perfect today.'"
5153,B1,environment,4.600,5,4,5,,0,,The sunset was so romantic.
10089,B1,environment,4.600,5,4,5,,0,,I’ve always hated loud noises.
13956,B1,environment,4.600,5,4,5,,0,"natural, vivid",The wind blew the papers away.
13118,B1,environment,4.600,5,4,5,,0,excellent,The trees turn green in spring.
16038,B1,environment,4.600,5,4,5,,0,Natural present progressive,Snow is falling gently outside.
8208,B1,environment,4.600,5,4,5,,0,evocative; horizon,The grey horizon looked endless.
13439,B1,environment,4.600,5,4,5,,0,,Nothing compares to a sunny day.
1342,B1,environment,4.600,5,4,5,,0,,The region is very dry in summer.
8988,B1,environment,4.600,5,4,5,,0,,The rain beat against the window.
12643,B1,environment,4.600,5,4,5,,0,,I wish summer could last forever!
16130,B1,environment,4.600,5,4,5,,0,natural month/weather phrase,February is often very cold here.
19143,B1,environment,4.600,5,4,5,,0,,My dog loves playing in the park.
12521,B1,environment,4.600,5,4,5,,0,,The river flows fast after the rain.
12922,B1,environment,4.600,5,4,5,,0,Natural,Taking care of a horse is hard work.
12976,B1,environment,4.600,5,4,5,,0,"useful, natural",The tree provides shade on hot days.
13916,B1,environment,4.600,5,4,5,,0,Natural conversational phrase,A holiday by the sea sounds perfect.
15724,B1,environment,4.600,5,4,5,,0,,Look at that bird; isn’t it amazing?
19034,B1,environment,4.600,5,4,5,,0,,The north wind is very strong today.
8942,B1,environment,4.600,5,4,5,,0,"eagle flying high, natural",The eagle was flying high in the sky.
19833,B1,environment,4.600,5,4,5,,0,adjective pair; atmospheric,The forest looks dark and mysterious.
9588,B1,environment,4.600,5,4,5,,0,natural seasonal description,All the trees turned yellow in autumn.
15716,B1,environment,4.600,5,4,5,,0,,That bird flew away when I got closer.
18504,B1,environment,4.600,5,4,5,,0,,The river flows between the mountains.
7899,B1,environment,4.600,5,4,5,,0,specific useful earthquake effect,An earthquake can cause roads to crack.
13136,B1,environment,4.600,5,4,5,,0,"Natural, seasonal",Spring is lovely after the cold winter.
13345,B1,environment,4.600,5,4,5,,0,,Let’s choose an easy path for our hike.
14574,B1,environment,4.600,5,4,5,,0,,Having lunch outside feels so relaxing.
16505,B1,environment,4.600,5,4,5,,0,,My grandmother taught me how to garden.
19075,B1,environment,4.600,5,4,5,,0,Clean past continuous,She was swimming when the rain started.
20690,B1,environment,4.600,5,4,5,,0,,The sun is going down behind the hills.
5208,B1,environment,4.600,5,4,5,,0,natural causal sentence,Bad weather caused a delay in our plans.
6130,B1,environment,4.600,5,4,5,,0,Best of predator cluster — examples help translatability,"Some predators hunt at night, like owls."
11254,B1,environment,4.600,5,4,5,,0,,She told me her arm hurts when it rains.
12549,B1,environment,4.600,5,4,5,,0,natural seasonal food phrase,"During winter, soup warms me up quickly."
12558,B1,environment,4.600,5,4,5,,0,,The sky turned purple during the sunset.
17934,B1,environment,4.600,5,4,5,,0,"natural, directional vocab",The wind is coming from the north today.
19012,B1,environment,4.600,5,4,5,,0,Causative; nature vocab,Rain makes the flowers grow beautifully.
10338,B1,environment,4.600,5,4,5,,0,,The plant will die if you don’t water it.
11859,B1,environment,4.600,5,4,5,,0,,The sheep were running away from the dog.
12589,B1,environment,4.600,5,4,5,,0,,The smell of the flowers was very strong.
12640,B1,environment,4.600,5,4,5,,0,"Natural, vivid",Summer nights are perfect for stargazing.
12839,B1,environment,4.600,5,4,5,,0,natural direction phrase,Follow the path until you reach the lake.
14847,B1,environment,4.600,5,4,5,,0,,The negative impact of pollution is huge.
3004,B1,environment,4.600,5,4,5,,0,,The sheet of ice was dangerous to walk on.
4286,B1,environment,4.600,5,4,5,,0,Natural sensory phrase — keep,A ray of sunlight woke me up this morning.
10431,B1,environment,4.600,5,4,5,,0,,There was no one at the park this morning.
10487,B1,environment,4.600,5,4,5,,0,natural biographical expression,"As a teenager, she loved exploring nature."
12507,B1,environment,4.600,5,4,5,,0,,The cheetah is the fastest animal on land.
16352,B1,environment,4.600,5,4,5,,0,natural sensory/descriptive phrase,"Far away, I could hear the sound of waves."
17050,B1,environment,4.600,5,4,5,,0,natural relaxation phrase,Enjoying nature helps me relax after work.
3910,B1,environment,4.600,5,4,5,,0,,The park banned bikes on the walking paths.
8583,B1,environment,4.600,5,4,5,,0,present perfect + because; weather,The ground is dry because it hasn’t rained.
16944,B1,environment,4.600,5,4,5,,0,,I love this place because it’s so peaceful.
1148,B1,environment,4.600,5,4,5,,0,turned + adj; natural,The grass turned brown after it didn't rain.
3282,B1,environment,4.600,5,4,5,,0,Weather forecast; passive structure,Rainfall is expected to decrease this month.
9618,B1,environment,4.600,5,4,5,,0,"sustainability topic, natural",Buying second-hand clothes helps the planet.
12360,B1,environment,4.600,5,4,5,,0,,My parents prefer living in the countryside.
13135,B1,environment,4.600,5,4,5,,0,evocative seasonal metaphor,"After winter, spring feels like a new start."
19774,B1,environment,4.600,5,4,5,,0,Natural participial phrase,"Standing in the rain, we waited for the bus."
21083,B1,environment,4.600,5,4,5,,0,,The power line was damaged during the storm.
21177,B1,environment,4.600,5,4,5,,0,"natural, concrete",The west side of the building gets more sun.
10346,B1,environment,4.600,5,4,5,,0,because of; causal,The flowers died because of the cold weather.
11402,B1,environment,4.600,5,4,5,,0,keep; best view sentence,The view from the top of the hill is amazing.
14871,B1,environment,4.600,5,4,5,,0,,It was so hot yesterday that I stayed inside.
15092,B1,environment,4.600,5,4,5,,0,,The cold climate here is hard to get used to.
15726,B1,environment,4.600,5,4,5,,0,,"The bird was injured, so we took it to a vet."
6123,B1,environment,4.600,5,4,5,,0,Second predator keep — concrete example,"Some predators live in the ocean, like sharks."
21079,B1,environment,4.600,5,4,5,,0,when clause; broke,The fishing line broke when I pulled too hard.
5128,B1,environment,4.600,5,4,5,,0,,He doesn’t seem to be anywhere in the building.
12267,B1,environment,4.600,5,4,5,,0,,The power went off during the storm last night.
8973,B1,environment,4.600,5,4,5,,0,,The balloon was drifting gently over the fields.
10994,B1,environment,4.600,5,4,5,,0,"vivid sensory description, natural","After the rain, the road looked black and shiny."
15574,B1,environment,4.600,5,4,5,,0,"natural, vivid weather expression","After a month of rain, the sun finally came out."
17931,B1,environment,4.600,5,4,5,,0,,The north of the country is very cold in winter.
11894,B1,environment,4.600,5,4,5,,0,"natural, good structure",The weather is getting warm as summer approaches.
13421,B1,environment,4.600,5,4,5,,0,,The activity was canceled because of bad weather.
14282,B1,environment,4.600,5,4,5,,0,"evocative, distinct from day variants","After a long night, the morning felt so peaceful."
16978,B1,environment,4.600,5,4,5,,0,,They stopped the game because of the bad weather.
19848,B1,environment,4.600,5,4,5,,0,,The cave was too dark to explore without a light.
16454,B1,environment,4.600,5,4,5,,0,,Let’s go hiking in September when it’s not too hot.
13775,B1,environment,4.600,5,4,5,,0,,I could hear the birds singing early in the morning.
17439,B1,environment,4.600,5,4,5,,0,"Vivid, excellent B1 sentence",She watched the snow fall gently outside her window.
8330,B1,environment,4.600,5,4,5,,0,"vivid, natural, concrete",The vibrant green leaves looked fresh after the rain.
16533,B1,environment,4.600,5,4,5,,0,keep one during-trip phrase,"During the trip, we had a long conversation about nature."
1709,B1,environment,4.800,5,5,4,,0,,There is little chance of rain today.
18488,B1,environment,4.800,5,5,4,,0,,"If the weather is nice, we’ll go hiking."
15086,B1,environment,4.800,5,5,4,,0,,I was so cold that I couldn't stop shivering.
340,B1,environment,5.000,5,5,5,,0,"natural, concise",This is a quiet village.
8285,B1,environment,5.000,5,5,5,,0,"natural, useful map phrase",This map is not up to date.
10287,B1,environment,5.000,5,5,5,,0,,It’s going to rain tonight.
3836,B1,environment,5.000,5,5,5,,0,material; made of,The furniture is made of wood.
17573,B1,environment,5.000,5,5,5,,0,keep,"When it rains, I stay indoors."
18478,B1,environment,5.000,5,5,5,,0,,I don’t like the cold weather.
16111,B1,environment,5.000,5,5,5,,0,,Isn’t it a beautiful day today?
13349,B1,environment,5.000,5,5,5,,0,,I feel sad when it rains all day.
10094,B1,environment,5.000,5,5,5,,0,,I hate how cold it gets in winter.
9342,B1,environment,5.000,5,5,5,,0,weather; modal might,The grey clouds mean it might rain.
5239,B1,environment,5.000,5,5,5,,0,"power outage, concrete cause",The delay was due to a power outage.
10562,B1,environment,5.000,5,5,5,,0,,I don’t think much will change soon.
19839,B1,environment,5.000,5,5,5,,0,"idiomatic, essential weather",The dark clouds mean rain is coming.
19830,B1,environment,5.000,5,5,5,,0,,The sky turned dark before the storm.
9254,B1,environment,5.000,5,5,5,,0,,They called off the event due to rain.
88,B1,environment,5.000,5,5,5,,0,,Climate change is a big issue nowadays.
7670,B1,environment,5.000,5,5,5,,0,,The sound level must be lower at night.
14350,B1,environment,5.000,5,5,5,,0,,The sun came out after the rain stopped.
18360,B1,environment,5.000,5,5,5,,0,,I want a simple life in the countryside.
19285,B1,environment,5.000,5,5,5,,0,,The sound of rain helps me sleep better.
3444,B1,environment,5.000,5,5,5,,0,,She’s interested in environmental issues.
11000,B1,environment,5.000,5,5,5,,0,,The storm last night was really dangerous.
18400,B1,environment,5.000,5,5,5,,0,Common motivational phrase,A little effort can make a big difference.
6146,B1,environment,5.000,5,5,5,,0,Science vocabulary; key idiom 'food chain',Predators are at the top of the food chain.
14728,B1,environment,5.000,5,5,5,,0,,I wish I hadn’t left my jacket at the park.
17732,B1,environment,5.000,5,5,5,,0,keep,What’s your plan if the weather gets worse?
10657,B1,environment,5.000,5,5,5,,0,present perfect continuous,The farmer has been planting seeds all week.
12257,B1,environment,5.000,5,5,5,,0,phrasal 'called off'; high utility,The event was called off due to bad weather.
7105,B1,environment,5.000,5,5,5,,0,natural; separates X from Y,The fence separates the garden from the road.
20877,B1,environment,5.000,5,5,5,,0,,I’ll go to the park when the weather is nice.
12754,B1,environment,5.000,5,5,5,,0,highly practical travel/city navigation,Are there any parks nearby where we can relax?
16645,B1,environment,5.000,5,5,5,,0,,The scientist is looking through a microscope.
15083,B1,environment,5.000,5,5,5,,0,,The room felt cold because the window was open.
12586,B1,environment,5.000,5,5,5,,0,,There is a strong chance of rain this afternoon.
18063,B1,environment,5.000,5,5,5,,0,excellent,The weather can change quickly in the mountains.
18444,B1,environment,5.000,5,5,5,,0,,I saw a beautiful sunset yesterday at the beach.
20436,B1,environment,5.000,5,5,5,,0,"natural, conversational",The dog looks thirsty; let’s give it some water.
14586,B1,environment,5.000,5,5,5,,0,,"I wanted to go to the park, but it started raining."
14602,B1,environment,5.000,5,5,5,,0,"excellent, natural contrast","The weather was cold, but we still went for a walk."
18964,B1,environment,5.000,5,5,5,,0,,Do you know what the weather will be like tomorrow?
20897,B1,environment,5.000,5,5,5,,0,keep — past continuous + interruption,We were visiting the beach when it started to rain.
19979,B1,environment,5.000,5,5,5,,0,excellent,The weather here is usually unpredictable in spring.
14525,B1,environment,5.000,5,5,5,,0,,Cutting down trees is really bad for the environment.
6154,B1,environment,5.000,5,5,5,,0,Ecosystem concept; 'play a key role' idiom,Predators play a key role in keeping nature in balance.
17863,B1,environment,5.000,5,5,5,,0,Keep as main 'protecting' rep,Protecting the environment is more important than ever.
20816,B1,environment,5.000,5,5,5,,0,"weather seasons, vivid",The difference in weather between summer and winter is huge.
16187,B1,social,4.600,5,4,5,,0,,I’m not going to ask her again.
1286,B1,social,4.600,5,4,5,,0,,He doesn't like to blame people.
739,B1,social,4.600,5,4,5,,0,,She broke her promise to call me.
6287,B1,social,4.600,5,4,5,,0,,My crush doesn’t know I like him.
7421,B1,social,4.600,5,4,5,,0,,She explained her intent clearly.
9146,B1,social,4.600,5,4,5,,0,Natural,Talking too much can be annoying.
13914,B1,social,4.600,5,4,5,,0,keep,What a fantastic holiday you had!
15565,B1,social,4.600,5,4,5,,0,,Let’s plan a trip for next month.
16788,B1,social,4.600,5,4,5,,0,,I told my aunt that I missed her.
20329,B1,social,4.600,5,4,5,,0,,Meeting new people is always fun.
4756,B1,social,4.600,5,4,5,,0,,He reached out to help his friend.
6440,B1,social,4.600,5,4,5,,0,second distinct user rep - social media context,A user left a comment on the post.
7120,B1,social,4.600,5,4,5,,0,"natural, memorable",The twins were separated at birth.
3746,B1,social,4.600,5,4,5,,0,Social media context; different from boxes/physical,Tag your friends in the group chat.
6291,B1,social,4.600,5,4,5,,0,,My friends tease me about my crush.
6944,B1,social,4.600,5,4,5,,0,,I miss the games from my childhood.
11238,B1,social,4.600,5,4,5,,0,,He put his arm around her shoulder.
11630,B1,social,4.600,5,4,5,,0,,It was hard for him to say goodbye.
9122,B1,social,4.600,5,4,5,,0,,I told my boyfriend that I love him.
9133,B1,social,4.600,5,4,5,,0,,Let’s talk about your trip tomorrow.
9935,B1,social,4.600,5,4,5,,0,keep,Why are you standing here all alone?
10451,B1,social,4.600,5,4,5,,0,,Have you forgotten your old friends?
12776,B1,social,4.600,5,4,5,,0,,Have you ever touched a wild animal?
13317,B1,social,4.600,5,4,5,,0,,He asked if I had my passport ready.
17245,B1,social,4.600,5,4,5,,0,natural Every person phrase,Every person in the room was silent.
17524,B1,social,4.600,5,4,5,,0,keep one Everything phrase,Everything was perfect at the party.
5685,B1,social,4.600,5,4,5,,0,Distinct from family disagreement; keep,A small disagreement can grow bigger.
15118,B1,social,4.600,5,4,5,,0,Common communication phrase,A short message was sent to everyone.
1100,B1,social,4.600,5,4,5,,0,,Let’s pick a good spot for the picnic.
3205,B1,social,4.600,5,4,5,,0,,She suspects her brother took her pen.
4069,B1,social,4.600,5,4,5,,0,,He promoted the album on social media.
4464,B1,social,4.600,5,4,5,,0,,She is the champion of the tournament.
11071,B1,social,4.600,5,4,5,,0,,Tell us what happened during the trip!
1849,B1,social,4.600,5,4,5,,0,,He told me about his strange nightmare.
7852,B1,social,4.600,5,4,5,,0,,He received recognition for his talent.
10406,B1,social,4.600,5,4,5,,0,,Let’s stay close together in the crowd.
12486,B1,social,4.600,5,4,5,,0,,"My daughter, who is ten, loves animals."
16455,B1,social,4.600,5,4,5,,0,,My vacation last September was amazing!
1303,B1,social,4.600,5,4,5,,0,,He blamed his team for losing the match.
7637,B1,social,4.600,5,4,5,,0,,She changed her attitude after the talk.
8028,B1,social,4.600,5,4,5,,0,Common social phrase,A distant relative visited us last week.
10013,B1,social,4.600,5,4,5,,0,,He told me that his partner works in IT.
11218,B1,social,4.600,5,4,5,,0,keep,Why did you ask such a strange question?
12130,B1,social,4.600,5,4,5,,0,natural negative question for emphasis,Aren’t you excited to try this new game?
17288,B1,social,4.600,5,4,5,,0,,My friend’s blog is very popular online.
17501,B1,social,4.600,5,4,5,,0,,"She said, 'I’ll be online after dinner.'"
17831,B1,social,4.600,5,4,5,,0,,It’s not difficult to make friends here.
20705,B1,social,4.600,5,4,5,,0,,Let’s go down to the beach this evening.
225,B1,social,4.600,5,4,5,,0,"Natural, practical.",He is an official member of the club now.
4253,B1,social,4.600,5,4,5,,0,,She made no effort whatsoever to help us.
8632,B1,social,4.600,5,4,5,,0,"'Made a difference' idiom, useful.",He made a positive difference in my life.
1085,B1,social,4.600,5,4,5,,0,,He will pick the best gift for his friend.
1844,B1,social,4.600,5,4,5,,0,"Natural, emotionally relatable.",Her nightmare was about losing her family.
8792,B1,social,4.600,5,4,5,,0,,He doesn’t want to talk about the lawsuit.
12460,B1,social,4.600,5,4,5,,0,"Natural, practical.","He isn’t a bad person, just misunderstood."
16299,B1,social,4.600,5,4,5,,0,,The child asked if we could go to the zoo.
16592,B1,social,4.600,5,4,5,,0,Different vocab; keep,Staying connected is easy with technology.
17178,B1,social,4.600,5,4,5,,0,,They played a trick on me during the trip.
17506,B1,social,4.600,5,4,5,,0,,"He’s always online, chatting with friends."
21401,B1,social,4.600,5,4,5,,0,,Have you ever stayed in a five-star hotel?
7381,B1,social,4.600,5,4,5,,0,,He shared his adventure story with friends.
9530,B1,social,4.600,5,4,5,,0,High utility social sentence,A few of us are planning a trip next month.
10455,B1,social,4.600,5,4,5,,0,,He said he would never forget her kindness.
12237,B1,social,4.600,5,4,5,,0,,He said the party would start at 7 o'clock.
12320,B1,social,4.600,5,4,5,,0,,She said that the capital was very crowded.
16181,B1,social,4.600,5,4,5,,0,,She called me again to check if I’m coming.
17215,B1,social,4.600,5,4,5,,0,,The club organized a trip to the mountains.
17709,B1,social,4.600,5,4,5,,0,,She smiled at me once and then walked away.
1841,B1,social,4.600,5,4,5,,0,,He doesn’t like to talk about his nightmare.
8038,B1,social,4.600,5,4,5,,0,,She felt distant from everyone at the party.
10781,B1,social,4.600,5,4,5,,0,,The post about the event got a lot of likes.
11035,B1,social,4.600,5,4,5,,0,,She joined the conversation halfway through.
12447,B1,social,4.600,5,4,5,,0,,"He told a joke, and we all laughed together."
12501,B1,social,4.600,5,4,5,,0,,My daughter always helps me with technology.
17026,B1,social,4.600,5,4,5,,0,,She asked him to stop calling her every day.
1285,B1,social,4.600,5,4,5,,0,,She blamed her brother for breaking the vase.
4442,B1,social,4.600,5,4,5,,0,Natural sports sentence,She won first place in the tennis tournament.
5296,B1,social,4.600,5,4,5,,0,,My favourite experience was traveling abroad.
17725,B1,social,4.600,5,4,5,,0,,She didn’t plan to stay so late at the party.
17757,B1,social,4.600,5,4,5,,0,"Natural, practical.",He left a kind note thanking us for the help.
19798,B1,social,4.600,5,4,5,,0,,Let’s each bring our own snacks to the party.
4484,B1,social,4.600,5,4,5,,0,,He was disappointed to lose in the tournament.
10944,B1,social,4.600,5,4,5,,0,"modern, distinct task",Can you help me edit this video for the event?
14175,B1,social,4.600,5,4,5,,0,,"She said, ‘I’m not tall enough for this ride.’"
14247,B1,social,4.600,5,4,5,,0,,"He said, ‘This place is perfect for a picnic.’"
4445,B1,social,4.600,5,4,5,,0,,My brother is playing in a football tournament.
13884,B1,social,4.600,5,4,5,,0,,The picture was taken during our last vacation.
10931,B1,social,4.600,5,4,5,,0,"Modern, natural present continuous.",He is recording a video for his YouTube channel.
13856,B1,social,4.600,5,4,5,,0,,I met a friendly tourist on the train yesterday.
16972,B1,social,4.600,5,4,5,,0,,Let’s stop for lunch before continuing our trip.
7713,B1,social,4.600,5,4,5,,0,keep — distinct angle,Welfare services are free for those who need them.
18774,B1,social,4.600,5,4,5,,0,"natural road trip sentence, useful numbers context","After driving 30 kilometres, we stopped for lunch."
11095,B1,social,4.600,5,4,5,,0,,She asked if I could recommend a better restaurant.
15709,B1,social,4.600,5,4,5,,0,Comparative; travel context,Our trip last year was more exciting than this one.
18226,B1,social,4.600,5,4,5,,0,,The restaurant opposite the park serves great food.
5429,B1,social,4.600,5,4,5,,0,"One...the other contrast, useful.",He is talking to one student and ignoring the other.
9379,B1,social,4.600,5,4,5,,0,"natural, culturally relevant",Buying expensive gifts isn’t necessary to show love.
12599,B1,social,4.600,5,4,5,,0,"very natural, universally relatable",Building a strong relationship takes time and effort.
15274,B1,social,4.600,5,4,5,,0,,Let’s grab a coffee near the station before we leave.
8920,B1,social,4.600,5,4,5,,0,,He couldn’t persuade his brother to come to the party.
9787,B1,social,4.800,5,5,4,,0,,I’ll catch up with you later.
17314,B1,social,4.800,5,5,4,,0,tag question; high utility,"The food here isn’t cheap, is it?"
20327,B1,social,4.800,5,5,4,,0,,"If you meet him, tell him I said hi."
3736,B1,social,4.800,5,5,4,,0,"Social media vocabulary, natural",Tag me if you share the event details.
4771,B1,social,4.800,5,5,4,,0,,I reached out to my old friends online.
10270,B1,social,4.800,5,5,4,,0,,I can’t tell if he’s joking or serious.
20569,B1,social,4.800,5,5,4,,0,,There’s no point in arguing about this.
19434,B1,social,4.800,5,5,4,,0,,"I saw your message, but I couldn’t reply."
19589,B1,social,4.800,5,5,4,,0,,"If you give me your number, I’ll text you."
14500,B1,social,4.800,5,5,4,,0,,"If you come early, we can have dinner together."
13681,B1,social,4.800,5,5,4,,0,,There’s a small café downstairs if you’re hungry.
7987,B1,social,5.000,5,5,5,,0,,She rejected his apology.
731,B1,social,5.000,5,5,5,,0,,I promise I won’t be late.
11488,B1,social,5.000,5,5,5,,0,,Have you been here before?
12656,B1,social,5.000,5,5,5,,0,ubiquitous appointment-making phrase,Are you free to meet today?
3437,B1,social,5.000,5,5,5,,0,,I’m interested in your story.
10261,B1,social,5.000,5,5,5,,0,high frequency natural phrase,Don’t tell anyone about this!
15970,B1,social,5.000,5,5,5,,0,,"She said, 'I’m here for you.'"
17576,B1,social,5.000,5,5,5,,0,,I remember when we first met.
718,B1,social,5.000,5,5,5,,0,,She promises to call me later.
11329,B1,social,5.000,5,5,5,,0,,I wish I had said yes earlier.
733,B1,social,5.000,5,5,5,,0,"Very natural, high utility.",He kept his promise to help me.
6289,B1,social,5.000,5,5,5,,0,"Excellent: relatable, natural, high engagement",Talking to my crush is so hard.
10302,B1,social,5.000,5,5,5,,0,,Let’s book a table for tonight.
13949,B1,social,5.000,5,5,5,,0,natural vacation inquiry,Are you going away this summer?
13973,B1,social,5.000,5,5,5,,0,keep,Which country do you come from?
15961,B1,social,5.000,5,5,5,,0,,She thanked me for helping her.
17567,B1,social,5.000,5,5,5,,0,keep,"When I saw her, she was crying."
2855,B1,social,5.000,5,5,5,,0,,Do you agree with this decision?
11102,B1,social,5.000,5,5,5,,0,,Have you ever traveled by plane?
18139,B1,social,5.000,5,5,5,,0,,My dream is to travel the world.
727,B1,social,5.000,5,5,5,,0,,She made a promise to her friend.
3441,B1,social,5.000,5,5,5,,0,natural invitation phrase,Are you interested in joining us?
4703,B1,social,5.000,5,5,5,,0,,I want to help my little brother.
5666,B1,social,5.000,5,5,5,,0,"about money, essential",The disagreement was about money.
9943,B1,social,5.000,5,5,5,,0,,I wish I could stay here forever.
14271,B1,social,5.000,5,5,5,,0,,I saw a funny video this morning.
19566,B1,social,5.000,5,5,5,,0,Extremely high-frequency phrase.,His dream is to travel the world.
21128,B1,social,5.000,5,5,5,,0,,He gets along well with everyone.
10164,B1,social,5.000,5,5,5,,0,Core partitive 'one of'; high utility,One of my friends lives in London.
10239,B1,social,5.000,5,5,5,,0,,Have you ever taken a long flight?
11480,B1,social,5.000,5,5,5,,0,,Let’s plan a trip for next Friday.
14351,B1,social,5.000,5,5,5,,0,,She’s been out of town for a week.
15957,B1,social,5.000,5,5,5,,0,,Is this seat reserved for someone?
16845,B1,social,5.000,5,5,5,,0,,Send me a message when you arrive.
7223,B1,social,5.000,5,5,5,,0,,She prefers a tablet over a laptop.
10277,B1,social,5.000,5,5,5,,0,,"If you see her, tell her I said hi."
19391,B1,social,5.000,5,5,5,,0,,I wrote a letter to them last week.
20002,B1,social,5.000,5,5,5,,0,highly natural and useful,Be sure to call me when you arrive.
20358,B1,social,5.000,5,5,5,,0,,She said she’d like to visit Paris.
1304,B1,social,5.000,5,5,5,,0,,I won't blame you if you can't come.
7240,B1,social,5.000,5,5,5,,0,,I recommend this tablet to everyone.
10271,B1,social,5.000,5,5,5,,0,,She told us about her trip to Paris.
11351,B1,social,5.000,5,5,5,,0,,He always talks loudly on the phone.
18973,B1,social,5.000,5,5,5,,0,,Let me know if you’re free tomorrow.
9576,B1,social,5.000,5,5,5,,0,"natural, high-frequency",All of us are excited about the trip.
11670,B1,social,5.000,5,5,5,,0,,I found a nice café near the station.
11785,B1,social,5.000,5,5,5,,0,,They looked at each other and smiled.
13247,B1,social,5.000,5,5,5,,0,,Do you want to wait here or go ahead?
2582,B1,social,5.000,5,5,5,,0,,She outlined her plan for the weekend.
6459,B1,social,5.000,5,5,5,,0,"excellent, very natural",The user forgot to save their changes.
13463,B1,social,5.000,5,5,5,,0,,He checked his phone for new messages.
20176,B1,social,5.000,5,5,5,,0,"Very common, high utility",A friend of mine is visiting tomorrow.
1300,B1,social,5.000,5,5,5,,0,,Don't blame yourself for what happened.
10253,B1,social,5.000,5,5,5,,0,,She asked if the flight included meals.
19085,B1,social,5.000,5,5,5,,0,very high frequency restaurant phrase,Can we book a table for dinner tonight?
19585,B1,social,5.000,5,5,5,,0,,I gave her some advice about traveling.
20530,B1,social,5.000,5,5,5,,0,,I don’t know if they are coming or not.
20583,B1,social,5.000,5,5,5,,0,,Can you send me a text when you arrive?
4787,B1,social,5.000,5,5,5,,0,,They reached a compromise after arguing.
5290,B1,social,5.000,5,5,5,,0,keep,What’s your favourite way to spend time?
9198,B1,social,5.000,5,5,5,,0,,"He said, 'I’ll meet you at the station.'"
14437,B1,social,5.000,5,5,5,,0,,Do you know a good restaurant near here?
15268,B1,social,5.000,5,5,5,,0,,"She said, 'I’ll see you at the station.'"
4741,B1,social,5.000,5,5,5,,0,,I’m grateful for all the help I received.
7956,B1,social,5.000,5,5,5,,0,,I reject this idea because it won’t work.
14497,B1,social,5.000,5,5,5,,0,,Let’s have dinner at that new restaurant.
19111,B1,social,5.000,5,5,5,,0,,Can you show me around the town tomorrow?
19420,B1,social,5.000,5,5,5,,0,natural confirmation before cancellation,Are you sure you want to cancel the trip?
6939,B1,social,5.000,5,5,5,,0,"Excellent, high-frequency childhood dream structure.",His childhood dream was to become a pilot.
14604,B1,social,5.000,5,5,5,,0,,"He said he’d come, but he never showed up."
16784,B1,social,5.000,5,5,5,,0,,I’m going to stay with my aunt next month.
19429,B1,social,5.000,5,5,5,,0,,Did you get the message I sent last night?
9142,B1,social,5.000,5,5,5,,0,,She is talking to someone online right now.
13932,B1,social,5.000,5,5,5,,0,"Natural, useful hospitality phrase.",How can we make visitors feel more welcome?
14234,B1,social,5.000,5,5,5,,0,keep,Where is the best place to eat around here?
14577,B1,social,5.000,5,5,5,,0,,"She said, 'Let’s have lunch together soon.'"
15151,B1,social,5.000,5,5,5,,0,keep,What was the biggest mistake you ever made?
2119,B1,social,5.000,5,5,5,,0,,He decided to minimize his social media use.
11163,B1,social,5.000,5,5,5,,0,,"If I could fly, I would visit every country."
12840,B1,social,5.000,5,5,5,,0,,I follow my favorite singer on social media.
8888,B1,social,5.000,5,5,5,,0,,She persuaded me to watch the movie with her.
11361,B1,social,5.000,5,5,5,,0,"idiom, very high frequency",Can you keep an eye on my bag while I’m away?
10772,B1,social,5.000,5,5,5,,0,Digital safety instruction,Please don’t post personal information online.
11754,B1,social,5.000,5,5,5,,0,,"She said, 'I hope you understand my decision.'"
14501,B1,social,5.000,5,5,5,,0,,I’m looking forward to dinner with my friends.
15460,B1,social,5.000,5,5,5,,0,,Did you see anything interesting on your trip?
17487,B1,social,5.000,5,5,5,,0,,"She isn’t online right now, so call her later."
10007,B1,social,5.000,5,5,5,,0,,My partner and I are planning a trip to Europe.
12735,B1,social,5.000,5,5,5,,0,high frequency travel phrase,Can you give me any advice on traveling abroad?
9403,B1,social,5.000,5,5,5,,0,,Let’s reserve a table at the restaurant tonight.
82,B1,social,5.000,5,5,5,,0,High-frequency modern topic,Social media is a big part of our lives nowadays.
8889,B1,social,5.000,5,5,5,,0,,I will try to persuade my friend to come with us.
12372,B1,social,5.000,5,5,5,,0,,I prefer to avoid crowded places during holidays.
14590,B1,social,5.000,5,5,5,,0,,"Do you want to come with us, or are you too busy?"
102,B1,social,5.000,5,5,5,,0,,"These days, I stay in touch with my family online."
8875,B1,social,5.000,5,5,5,,0,,She tried to persuade her friend to join the club.
14587,B1,social,5.000,5,5,5,,0,,"She is very kind, but she can be strict sometimes."
15697,B1,social,5.000,5,5,5,,0,,I want to go on a trip with my family this summer.
11572,B1,social,5.000,5,5,5,,0,,They are preparing a surprise party for their friend.
17861,B1,social,5.000,5,5,5,,0,,She told me that honesty is important in a friendship.
8876,B1,social,5.000,5,5,5,,0,,I need to persuade my parents to let me go on the trip.
17920,B1,technology,4.400,5,4,4,,0,,There were so many problems with the new app.
13468,B1,technology,4.400,5,4,4,,0,,Could you check if there’s a problem with the computer?
3183,B1,technology,4.500,5,5,5,3205,1,,She suspects her phone was stolen.
7201,B1,technology,4.600,5,4,5,,0,"Natural, practical tech complaint.",His tablet is not working.
4785,B1,technology,4.600,5,4,5,,0,,He reached a new level in the game.
8436,B1,technology,4.600,5,4,5,,0,,He will install the TV on the wall.
12515,B1,technology,4.600,5,4,5,,0,,This app downloads files very fast.
6827,B1,technology,4.600,5,4,5,,0,natural workplace request,Can you find a replacement for this?
6114,B1,technology,4.600,4,5,5,,0,"app crashes, highly relevant modern vocab",The defect in the app causes crashes.
7557,B1,technology,4.600,5,4,5,,0,,My favorite app lets me listen to music.
1150,B1,technology,4.600,5,4,5,,0,,My headphones are dead; there’s no sound.
6093,B1,technology,4.600,5,4,5,,0,Different context from design defect,A defect in the wire caused a short circuit.
8974,B1,technology,4.600,5,4,5,,0,keep — distinct trend/change structure,Flying has become much safer over the years.
9377,B1,technology,4.600,5,4,5,,0,,He said that the new laptop was too expensive.
9611,B1,technology,4.600,5,4,5,,0,"natural, modern",Buying a ticket online saved me a lot of time.
17760,B1,technology,4.600,5,4,5,,0,,Note that this app requires an internet connection.
19387,B1,technology,4.800,5,5,4,,0,,I showed them how to use the new app.
10780,B1,technology,4.800,5,5,4,,0,,She posted a photo of her trip on Instagram.
17865,B1,technology,4.800,5,5,4,,0,,Having a good password is important for online safety.
10452,B1,technology,5.000,5,5,5,,0,,I forgot how to use this app.
8284,B1,technology,5.000,5,5,5,,0,,I downloaded a map on my phone.
1144,B1,technology,5.000,5,5,5,,0,,The battery in my watch is dead.
3440,B1,technology,5.000,5,5,5,,0,,I’m interested in how this works.
7563,B1,technology,5.000,5,5,5,,0,,The app sends me daily reminders.
7565,B1,technology,5.000,5,5,5,,0,,The app has many useful features.
4724,B1,technology,5.000,5,5,5,,0,,I need some help with my computer.
18998,B1,technology,5.000,5,5,5,,0,Tech instruction request; high utility,Please explain how this app works.
7548,B1,technology,5.000,5,5,5,,0,,I downloaded a new app on my phone.
18143,B1,technology,5.000,5,5,5,,0,,My computer isn’t working properly.
10343,B1,technology,5.000,5,5,5,,0,natural idiom 'died',The engine died while I was driving.
6427,B1,technology,5.000,5,5,5,,0,excellent tech phrase,The user clicked on the wrong button.
18749,B1,technology,5.000,5,5,5,,0,,The storage on my phone is full again.
8415,B1,technology,5.000,5,5,5,,0,,I need to install a new app on my phone.
9535,B1,technology,5.000,5,5,5,,0,,Let’s take a few photos before we leave.
15319,B1,technology,5.000,5,5,5,,0,,I downloaded a film to watch on the plane.
15910,B1,technology,5.000,5,5,5,,0,"excellent, practical",The website shows a list of nearby hotels.
4673,B1,technology,5.000,5,5,5,,0,,My phone battery doesn't last the whole day.
13788,B1,technology,5.000,5,5,5,,0,,Could you show me how to book a ticket online?
5403,B1,technology,5.000,5,5,5,,0,practical safety instruction,Always check electrical connections before use.
10922,B1,technology,5.000,5,5,5,,0,,She shared a video of her trip on social media.
11007,B1,technology,5.000,5,5,5,,0,core safety phrase,Using a phone while driving is extremely dangerous.
17427,B1,technology,5.000,5,5,5,,0,"hotel desk too small, practical",The desk in the hotel room was too small for my laptop.
14598,B1,technology,5.000,5,5,5,,0,,"They tried to fix the computer, but it still doesn’t work."
9075,B1,business,4.600,5,4,5,,0,,He used to drive a truck.
6238,B1,business,4.600,5,4,5,,0,,She bought a coat on sale.
16780,B1,business,4.600,5,4,5,,0,keep,Where does your aunt work?
5975,B1,business,4.600,4,5,5,,0,,I want to return this item.
9676,B1,business,4.600,5,4,5,,0,,She does her job very well.
2341,B1,business,4.600,5,4,5,,0,Natural financial scenario.,He lost money in a bad deal.
9715,B1,business,4.600,5,4,5,,0,,He commented on my new idea.
15018,B1,business,4.600,5,4,5,,0,"natural, practical workplace question",Are you always late for work?
21452,B1,business,4.600,5,4,5,,0,,"He said, 'I love my new job!'"
1364,B1,business,4.600,5,4,5,,0,,The region needs more schools.
3368,B1,business,4.600,5,4,5,,0,,She asked the bank for a loan.
7810,B1,business,4.600,5,4,5,,0,,She earns a bonus every month.
14255,B1,business,4.600,5,4,5,,0,,My workplace is very friendly.
17585,B1,business,4.600,5,4,5,,0,keep,When will the new rules start?
299,B1,business,4.600,5,4,5,,0,,She discarded her initial plan.
3841,B1,business,4.600,5,4,5,,0,,They sell furniture online now.
11396,B1,business,4.600,5,4,5,,0,,I’m tired from working all day.
17777,B1,business,4.600,5,4,5,,0,natural professional identity question,Are you a writer by profession?
19588,B1,business,4.600,5,4,5,,0,,She gave a speech at the event.
21303,B1,business,4.600,5,4,5,,0,,Does she want to join our team?
3567,B1,business,4.600,5,4,5,,0,,The port handles a lot of cargo.
8777,B1,business,4.600,5,4,5,,0,Practical legal vocabulary,A lawsuit can be very expensive.
17475,B1,business,4.600,5,4,5,,0,"Phrasal 'paid off', practical finance.",He paid off his loan last month.
18464,B1,business,4.600,5,4,5,,0,,The name on the list isn’t mine.
18744,B1,business,4.600,5,4,5,,0,,He’s always full of great ideas.
19612,B1,business,4.600,5,4,5,,0,"Present perfect + adverb, practical.",He has already left the meeting.
1019,B1,business,4.600,5,4,5,,0,Natural intensifier + adjective.,He is fully committed to the job.
1354,B1,business,4.600,5,4,5,,0,,The region is developing quickly.
1578,B1,business,4.600,5,4,5,,0,,He reminded himself of his goals.
2145,B1,business,4.600,5,4,5,,0,essential agricultural vocab,Farmers harvest crops every year.
10556,B1,business,4.600,4,5,5,,0,,I appreciate your help very much.
15594,B1,business,4.600,5,4,5,,0,,I’m busy every Tuesday afternoon.
19750,B1,business,4.600,5,4,5,,0,,The project is going well so far.
20068,B1,business,4.600,5,4,5,,0,,He wants to be a science teacher.
20644,B1,business,4.600,5,4,5,,0,"Natural, concise","She works hard, even on weekends."
9197,B1,business,4.600,5,4,5,,0,,He works with computers every day.
11465,B1,business,4.600,5,4,5,,0,,I don’t work on Friday afternoons.
15563,B1,business,4.600,5,4,5,,0,,The project will start next month.
3401,B1,business,4.600,5,4,5,,0,Keep one — practical financial vocab,A loan can be a big responsibility.
3530,B1,business,4.600,5,4,5,,0,,Cargo ships are loaded at the port.
7040,B1,business,4.600,5,4,5,,0,"Natural, work vocabulary.",Her salary will increase next year.
8298,B1,business,4.600,5,4,5,,0,,She updated the map with new roads.
8620,B1,business,4.600,5,4,5,,0,,She always gives positive feedback.
11792,B1,business,4.600,5,4,5,,0,,Let’s give each idea a fair chance.
17494,B1,business,4.600,5,4,5,,0,Modern practical phrase,Online banking saves a lot of time.
19286,B1,business,4.600,5,4,5,,0,,He sounded very angry on the phone.
21450,B1,business,4.600,5,4,5,,0,"natural, high utility",Don’t quit your job without a plan!
21455,B1,business,4.600,5,4,5,,0,,She’s always talking about her job.
1573,B1,business,4.600,5,4,5,,0,"Reflexive, natural motivational context.",He motivated himself to work harder.
1712,B1,business,4.600,5,4,5,,0,Useful 'little experience' structure.,He has little experience in cooking.
4084,B1,business,4.600,5,4,5,,0,,Her advice was simple and practical.
7314,B1,business,4.600,5,4,5,,0,,The project turned into a real mess.
8596,B1,business,4.600,5,4,5,,0,agricultural; practical,The ground here is good for farming.
8812,B1,business,4.600,5,4,5,,0,,He didn’t expect to win the lawsuit.
15169,B1,business,4.600,5,4,5,,0,,Have you ever made a costly mistake?
15239,B1,business,4.600,5,4,5,,0,Practical passive voice sentence,A new rule was introduced last week.
17415,B1,business,4.600,5,4,5,,0,,My desk is always messy with papers.
17776,B1,business,4.600,5,4,5,,0,excellent,The writer is working on a new book.
19746,B1,business,4.600,5,4,5,,0,,She handled the situation very well.
20187,B1,business,4.600,5,4,5,,0,,He said he needed a break from work.
1204,B1,business,4.600,5,4,5,,0,"Modal must, practical.",He must calculate his daily expenses.
1493,B1,business,4.600,5,4,5,,0,,He expressed doubt about the project.
2054,B1,business,4.600,5,4,5,,0,,They signed a merger agreement today.
2929,B1,business,4.600,5,4,5,,0,,The office is always busy on Mondays.
7804,B1,business,4.600,5,4,5,,0,,She earns a good salary as a teacher.
7829,B1,business,4.600,5,4,5,,0,,He earns a commission for every sale.
9589,B1,business,4.600,5,4,5,,0,,He told me all about his new project.
10805,B1,business,4.600,5,4,5,,0,,"If I find a cheap shirt, I’ll buy it."
12111,B1,business,4.600,5,4,5,,0,,The price wasn’t mentioned in the ad.
16849,B1,business,4.600,5,4,5,,0,,"He said, 'Send the form by tomorrow.'"
18459,B1,business,4.600,5,4,5,,0,,He called my name during the meeting.
20369,B1,business,4.600,5,4,5,,0,,She didn’t like the project at first.
1508,B1,business,4.600,5,4,5,,0,,He doubts the quality of this product.
1581,B1,business,4.600,5,4,5,,0,,He proved himself to be a good leader.
2897,B1,business,4.600,5,4,5,,0,Crime/legal vocabulary,A murder case can take years to solve.
3152,B1,business,4.600,5,4,5,,0,,My name was called during the meeting.
4259,B1,business,4.600,5,4,5,,0,,She gave me no explanation whatsoever.
5231,B1,business,4.600,5,4,5,,0,Different context (client upset) worth keeping,A delay in the order upset the client.
7279,B1,business,4.600,5,4,5,,0,Keep as main 'printing' rep,Printing in bulk saves a lot of money.
7410,B1,business,4.600,5,4,5,,0,,They showed their intent to cooperate.
8776,B1,business,4.600,5,4,5,,0,,They settled the lawsuit out of court.
9839,B1,business,4.600,5,4,5,,0,,The past few days have been very busy.
12099,B1,business,4.600,4,5,5,,0,,Is the price negotiable for this item?
13825,B1,business,4.600,4,5,5,,0,core phrase,Turn off the machine before you leave.
14394,B1,business,4.600,5,4,5,,0,high-utility workplace phrase,Being late can cause problems at work.
16634,B1,business,4.600,5,4,5,,0,,They seem tired after working all day.
16638,B1,business,4.600,5,4,5,,0,,They told me about their new app idea.
17491,B1,business,4.600,5,4,5,,0,,He works online as a freelance writer.
17965,B1,business,4.600,5,4,5,,0,distinct from 12599; team context,Building trust is important in a team.
19267,B1,business,4.600,5,4,5,,0,,The person I spoke to was very polite.
21202,B1,business,4.600,5,4,5,,0,,He didn’t take part in the discussion.
1211,B1,business,4.600,5,4,5,,0,,He can calculate the cost of materials.
3379,B1,business,4.600,5,4,5,,0,,She is worried about her loan payments.
3439,B1,business,4.600,5,4,5,,0,,He’s interested in starting a business.
5207,B1,business,4.600,5,4,5,,0,,Let's not delay the meeting any longer.
6081,B1,business,4.600,5,4,5,,0,Keep one — practical vocabulary,A defect in the design caused problems.
9590,B1,business,4.600,5,4,5,,0,motivational idiom-adjacent expression,All you need is a good plan to succeed.
11457,B1,business,4.600,5,4,5,,0,,The company changed its name last year.
11778,B1,business,4.600,5,4,5,,0,keep one Each person/team phrase,Each person in the team did their best.
12802,B1,business,4.600,4,5,5,,0,,I feel more confident after practicing.
13939,B1,business,4.600,5,4,5,,0,keep,"Welcome, everyone, to today’s workshop!"
14520,B1,business,4.600,4,5,5,,0,,They cut the price of the phone by 20%.
16014,B1,business,4.600,5,4,5,,0,,She’s fine with us joining the meeting.
16584,B1,business,4.600,5,4,5,,0,,He stayed at the office until midnight.
17104,B1,business,4.600,5,4,5,,0,Emphatic statement; distinct,One thing is clear: we need to act now.
17144,B1,business,4.600,5,4,5,,0,,He works in a shop next to the station.
19252,B1,business,4.600,5,4,5,,0,Keep one person sentence — practical,A person called me about the job offer.
19262,B1,business,4.600,5,4,5,,0,,The person in charge is not here today.
19656,B1,business,4.600,5,4,5,,0,,She types very quickly on the keyboard.
20179,B1,business,4.600,5,4,5,,0,,He works as a chef in a big restaurant.
21033,B1,business,4.600,5,4,5,,0,high-utility conversational phrase,"At the moment, I’m very busy with work."
1778,B1,business,4.600,5,4,5,,0,,He argued with the clerk at the counter.
3295,B1,business,4.600,5,4,5,,0,"Business vocabulary, natural",A decrease in sales worried the company.
4263,B1,business,4.600,5,4,5,,0,,They provided no information whatsoever.
4571,B1,business,4.600,5,4,5,,0,,The cocktail costs more than I expected.
5225,B1,business,4.600,5,4,5,,0,Keep one delay sentence — practical,A delay in shipping made us wait longer.
6342,B1,business,4.600,5,4,5,,0,,The reform helped small businesses grow.
7626,B1,business,4.600,5,4,5,,0,,She switched her focus to a new project.
8954,B1,business,4.600,5,4,5,,0,"practical travel advice, distinct",Flying with a budget airline is cheaper.
9098,B1,business,4.600,5,4,5,,0,,They put up a new sign outside the shop.
9137,B1,business,4.600,5,4,5,,0,,They talked about the project all night.
11212,B1,business,4.600,5,4,5,,0,,He raised a question during the meeting.
11505,B1,business,4.600,5,4,5,,0,direct imperative with time clause,"Before the deadline, submit your report."
13721,B1,business,4.600,5,4,5,,0,,Let’s face the fact: we need more money.
13906,B1,business,4.600,5,4,5,,0,natural motivational statement,"After working hard, I deserve a holiday."
15362,B1,business,4.600,5,4,5,,0,,He said he was angry about the decision.
15751,B1,business,4.600,5,4,5,,0,natural directional request,Can you park the car closer to the shop?
15876,B1,business,4.600,5,4,5,,0,,The project costs more than we expected.
16417,B1,business,4.600,5,4,5,,0,,Can you tell me more about this product?
17014,B1,business,4.600,5,4,5,,0,,He stopped working because he was tired.
17040,B1,business,4.600,5,4,5,,0,,She said she enjoyed meeting new people.
18914,B1,business,4.600,5,4,5,,0,,"The bank is closed on Sundays, isn’t it?"
19993,B1,business,4.600,5,4,5,,0,,It’s important to be honest in business.
21220,B1,business,4.600,5,4,5,,0,,He travels around the world for his job.
2039,B1,business,4.600,5,4,5,,0,based on; different ghost subtype,The ghost story was based on true events.
5612,B1,business,4.600,5,4,5,,0,Keep — base merchant entry,A merchant opened a new shop in our town.
12120,B1,business,4.600,5,4,5,,0,,They raised the price without telling us.
13517,B1,business,4.600,5,4,5,,0,,Knowing a second language is very useful.
13836,B1,business,4.600,5,4,5,,0,Natural practical expression,A machine like this costs a lot of money.
14325,B1,business,4.600,5,4,5,,0,,He said he knew little about the project.
14617,B1,business,4.600,5,4,5,,0,,The reason behind his absence is unclear.
15235,B1,business,4.600,5,4,5,,0,"Natural, practical.",He made a rule to save money every month.
15321,B1,business,4.600,5,4,5,,0,budget; film vocab,The film was made with a very low budget.
18794,B1,business,4.600,5,4,5,,0,"Natural, educational",Spelling mistakes can change the meaning.
19771,B1,business,4.600,5,4,5,,0,,They stood against the new rules at work.
20234,B1,business,4.600,5,4,5,,0,natural farewell/reassurance phrase,"Bye, don’t worry, I’ll handle everything."
20336,B1,business,4.600,5,4,5,,0,,Meeting deadlines is important in my job.
20372,B1,business,4.600,5,4,5,,0,,The beginning of the year is always busy.
21043,B1,business,4.600,5,4,5,,0,,It might be possible if we work together.
1030,B1,business,4.600,5,4,5,,0,natural; 'operating at capacity',The factory is operating at half capacity.
1114,B1,business,4.600,5,4,5,,0,Academic instruction; distinct,Please pick a topic for your presentation.
1506,B1,business,4.600,5,4,5,,0,,She has a question about the meeting time.
2060,B1,business,4.600,5,4,5,,0,"Natural, business context",Some workers are worried about the merger.
2071,B1,business,4.600,5,4,5,,0,Keep — business vocabulary,A merger can bring new ideas to a company.
5034,B1,business,4.600,5,4,5,,0,,They stopped manufacturing this old model.
8966,B1,business,4.600,5,4,5,,0,keep — distinct cost/value structure,Flying lessons are expensive but worth it.
10028,B1,business,4.600,5,4,5,,0,,Let’s ask our partners for their opinions.
11089,B1,business,4.600,5,4,5,,0,,Let’s work together to make things better.
13926,B1,business,4.600,5,4,5,,0,,She didn’t feel welcome in the new office.
14978,B1,business,4.600,5,4,5,,0,Natural travel narrative,A man in a suit greeted us at the airport.
16763,B1,business,4.600,5,4,5,,0,,My skills are below what the job requires.
17413,B1,business,4.600,5,4,5,,0,natural workplace request,Can you clean the desk before the meeting?
18065,B1,business,4.600,5,4,5,,0,,Let's reschedule our meeting for tomorrow.
20096,B1,business,4.600,5,4,5,,0,,Maybe it’s time to take a break from work.
20275,B1,business,4.600,5,4,5,,0,,He was reading a report when I called him.
20584,B1,business,4.600,5,4,5,,0,,She didn’t text me back after our meeting.
20626,B1,business,4.600,5,4,5,,0,,My father will travel to London next week.
21229,B1,business,4.600,5,4,5,,0,,The news spread around the office quickly.
2050,B1,business,4.600,5,4,5,,0,Definitional sentence — distinct value,A merger means two companies join together.
5620,B1,business,4.600,5,4,5,,0,Keep — natural shopping scenario,A merchant offered me a good deal on shoes.
6219,B1,business,4.600,5,4,5,,0,,My friend works long hours at the hospital.
6686,B1,business,4.600,5,4,5,,0,,The prosecution called a new witness today.
9445,B1,business,4.600,5,4,5,,0,,She didn’t give any reason for her absence.
10030,B1,business,4.600,5,4,5,,0,"Natural, relatable life advice",A good partner can help you solve problems.
10565,B1,business,4.600,5,4,5,,0,,He asked how much I knew about the problem.
11183,B1,business,4.600,5,4,5,,0,,He sold his car last week for a good price.
12999,B1,business,4.600,5,4,5,,0,excellent,The truck carries goods across the country.
14005,B1,business,4.600,5,4,5,,0,,Let’s discuss every detail before we start.
15369,B1,business,4.600,5,4,5,,0,,Let’s not get angry during this discussion.
15456,B1,business,4.600,5,4,5,,0,,She didn’t say anything during the meeting.
16432,B1,business,4.600,5,4,5,,0,,The product comes with a one-year warranty.
17735,B1,business,4.600,5,4,5,,0,,The company has a plan to expand next year.
19962,B1,business,4.600,5,4,5,,0,,My boss usually arrives at the office by 9.
2597,B1,business,4.600,5,4,5,,0,,The plan outlines the steps we need to take.
5399,B1,business,4.600,5,4,5,,0,,He designs electrical circuits for a living.
11191,B1,business,4.600,5,4,5,,0,,Selling handmade crafts takes a lot of time.
11474,B1,business,4.600,5,4,5,,0,Natural everyday sentence,"Payday is on Friday, so that makes me happy."
13172,B1,business,4.600,5,4,5,,0,natural workplace request,Can you also send me the report by tomorrow?
13450,B1,business,4.600,5,4,5,,0,,Nothing was said about the project deadline.
15160,B1,business,4.600,5,4,5,,0,,She admitted her mistake during the meeting.
15174,B1,business,4.600,5,4,5,,0,,She said something funny during the meeting.
17329,B1,business,4.600,5,4,5,,0,,Let’s find a cheap solution to this problem.
18044,B1,business,4.600,5,4,5,,0,Keep; distinct 'vital' vocabulary,Please don’t lose this document; it’s vital.
19424,B1,business,4.600,5,4,5,,0,,She didn’t get my message about the meeting.
20098,B1,business,4.600,5,4,5,,0,,Maybe he doesn’t know about the meeting yet.
21049,B1,business,4.600,5,4,5,,0,,It’s possible that we’ll finish early today.
21054,B1,business,4.600,5,4,5,,0,,It wasn’t possible to contact him yesterday.
21460,B1,business,4.600,5,4,5,,0,"natural, practical life milestone","After finishing school, I got a job quickly."
5366,B1,business,4.600,4,5,5,,0,practical household vocab,The electrical bill was very high this month.
7320,B1,business,4.600,5,4,5,,0,natural; 'a mess',The event was a mess because of bad planning.
9375,B1,business,4.600,5,4,5,,0,,The repairs for my car were really expensive.
9882,B1,business,4.600,5,4,5,,0,"Not just...also, useful additive structure.",He isn’t just an actor; he’s also a director.
10573,B1,business,4.600,5,4,5,,0,,He was feeling tired after working all night.
11606,B1,business,4.600,5,4,5,,0,,They quickly agreed to help with the project.
11851,B1,business,4.600,5,4,5,,0,takes care of; farm animal,The farmer takes care of his sheep every day.
14623,B1,business,4.600,5,4,5,,0,,She was behind the counter helping customers.
15358,B1,business,4.600,5,4,5,,0,,My boss got angry when I missed the deadline.
16370,B1,business,4.600,5,4,5,,0,,"My brother, who is a doctor, works very hard."
20630,B1,business,4.600,5,4,5,,0,,"My father, a hardworking man, never gives up."
252,B1,business,4.600,5,4,5,,0,,He wrote an official complaint to the manager.
2046,B1,business,4.600,5,4,5,,0,useful business vocabulary,"After the merger, the company became stronger."
9127,B1,business,4.600,5,4,5,,0,,She said her boyfriend works in a big company.
11299,B1,business,4.600,5,4,5,,0,"Natural, cultural context",Tea is often served at business meetings here.
13033,B1,business,4.600,5,4,5,,0,,He told me that this shop has the best prices.
13256,B1,business,4.600,5,4,5,,0,,He told me to wait until he finishes his call.
13617,B1,business,4.600,5,4,5,,0,,He bought a painting for his office last week.
14036,B1,business,4.600,5,4,5,,0,workplace imperative,Bring your ideas to the brainstorming session.
16765,B1,business,4.600,5,4,5,,0,,The quality of this product is below standard.
17607,B1,business,4.600,5,4,5,,0,,She’s been working a lot lately to save money.
21326,B1,business,4.600,5,4,5,,0,,He didn’t say goodbye when he left the office.
2177,B1,business,4.600,5,4,5,,0,,They use modern equipment to harvest the crops.
6201,B1,business,4.600,5,4,5,,0,,He works in the emergency room at the hospital.
13711,B1,business,4.600,5,4,5,,0,Natural news-style sentence,A new tech company opened in the west district.
16435,B1,business,4.600,5,4,5,,0,,They said the product would arrive by tomorrow.
17795,B1,business,4.600,5,4,5,,0,excellent,The writer’s story was published in a magazine.
18571,B1,business,4.600,5,4,5,,0,"natural, vivid",The wall in the office is covered with posters.
9537,B1,business,4.600,5,4,5,,0,"Natural, encouraging — distinct meaning",A few mistakes in your work can be fixed easily.
9909,B1,business,4.600,5,4,5,,0,Preparation instruction; natural,Please read the next section before the meeting.
11176,B1,business,4.600,5,4,5,,0,natural business travel sentence,"After the meeting, he flew back to his hometown."
20452,B1,business,4.600,5,4,5,,0,,The plan didn’t work because we forgot one step.
21260,B1,business,4.600,5,4,5,,0,,It would be wonderful if we could meet tomorrow.
1617,B1,business,4.600,5,4,5,,0,"Emphatic 'even', good vocabulary.",He lacks even the most basic skills for this job.
10668,B1,business,4.600,5,4,5,,0,future tense; contrast city/farm,The farmer will travel to the city for a meeting.
11186,B1,business,4.600,5,4,5,,0,,Selling old clothes is a great way to make money.
12215,B1,business,4.600,5,4,5,,0,good present perfect,The worker has been repairing cars for ten years.
12851,B1,business,4.600,5,4,5,,0,financial literacy phrase,Following a budget is important for saving money.
16663,B1,business,4.600,5,4,5,,0,"Science vocabulary, natural",A scientist must always check the data carefully.
17972,B1,business,4.600,5,4,5,,0,,The company builds software for small businesses.
11227,B1,business,4.600,5,4,5,,0,,Let’s discuss the question after the presentation.
12222,B1,business,4.600,5,4,5,,0,keep — distinct from 16294 child education,Every worker deserves respect for their hard work.
12374,B1,business,4.600,5,4,5,,0,,Many people prefer eco-friendly products nowadays.
14610,B1,business,4.600,5,4,5,,0,,"He’s not my boss, but I still respect his opinion."
17853,B1,business,4.600,4,5,5,,0,,It is important to arrive on time for the meeting.
21480,B1,business,4.600,5,4,5,,0,,He believes that technology will change the world.
12211,B1,business,4.600,5,4,5,,0,practical workplace safety vocabulary,A worker in the factory injured his hand yesterday.
15091,B1,business,4.600,5,4,5,,0,,He told me he had a cold and couldn't come to work.
15835,B1,business,4.600,5,4,5,,0,"relatable, natural expression","After a busy week, the weekend feels like a reward."
12755,B1,business,4.600,5,4,5,,0,,He said he didn’t have any experience in this field.
18543,B1,business,4.600,5,4,5,,0,Distinct context; keep,Shopping in local markets supports small businesses.
20102,B1,business,4.600,5,4,5,,0,,Maybe learning a new language will help your career.
4103,B1,business,4.600,5,4,5,,0,"Relative clause, natural.",He is a practical person who solves problems quickly.
15579,B1,business,4.600,5,4,5,,0,,The report must be submitted by the end of the month.
14605,B1,business,4.600,5,4,5,,0,,"The project was difficult, but we finished it on time."
11496,B1,business,4.600,5,4,5,,0,natural workplace phrase,"Before starting the project, let’s discuss the details."
12357,B1,business,4.600,5,4,5,,0,,They prefer using laptops for work instead of desktops.
13887,B1,business,4.600,5,4,5,,0,,The picture on the website looks different in real life.
14899,B1,business,4.600,5,4,5,,0,,He was asked to describe the project during the meeting.
20028,B1,business,4.600,5,4,5,,0,,Let’s gather more information before we start the project.
17871,B1,business,4.600,5,4,5,,0,"natural passive construction, practical",An important decision was made during the meeting yesterday.
8877,B1,business,4.600,5,4,5,,0,"Managed to + persuade + inf, useful complex structure.",He managed to persuade the teacher to give more time for the project.
14065,B1,business,4.800,5,5,4,,0,natural idiom: only half done,This job is only half done.
20350,B1,business,4.800,5,5,4,,0,,"If you like, we can meet tomorrow."
11650,B1,business,4.800,5,5,4,,0,,I only need a little bit of advice.
13656,B1,business,4.800,5,5,4,,0,,I saw the email but forgot to reply.
16704,B1,business,4.800,5,5,4,,0,,The interview will take place online.
7185,B1,business,4.800,5,5,4,,0,,The hotel charges extra for breakfast.
12948,B1,business,4.800,5,5,4,,0,,The gym membership is quite expensive.
15158,B1,business,4.800,5,5,4,,0,,I think there’s a mistake in the bill.
16583,B1,business,4.800,5,5,4,,0,,Let’s stay in touch after the meeting.
17087,B1,business,4.800,5,5,4,,0,,There’s no such thing as a free lunch.
17328,B1,business,4.800,5,5,4,,0,,Cheap doesn’t always mean bad quality.
16552,B1,business,4.800,5,5,4,,0,,"If you order now, you’ll get a discount."
21056,B1,business,4.800,5,5,4,,0,,"If possible, please send me the details."
9660,B1,business,4.800,5,5,4,,0,,I’ll call you first thing in the morning.
12693,B1,business,4.800,5,5,4,,0,,"If you have any questions, please ask me."
9351,B1,business,4.800,5,5,4,,0,idiom 'grey area'; high utility,The grey area in the contract confused us.
13484,B1,business,4.800,5,5,4,,0,idiomatic financial phrase,Every cent counts when you’re saving money.
7773,B1,business,4.800,5,5,4,,0,,The software has a trial mode for new users.
12107,B1,business,4.800,5,5,4,,0,,"If the price drops, I’ll buy it immediately."
16975,B1,business,4.800,5,5,4,,0,Natural phrasal verb usage,Stop by my office if you have any questions.
16819,B1,business,4.800,5,5,4,,0,,"Have you finished the report? Yeah, just now."
10242,B1,business,4.800,5,5,4,,0,,"If the flight is canceled, we’ll get a refund."
14348,B1,business,4.800,5,5,4,,0,,I’m running out of time to finish this project.
11407,B1,business,4.800,5,5,4,,0,"natural hedging phrase, high utility","From what I understand, the meeting is tomorrow."
13918,B1,business,4.800,5,5,4,,0,,The holiday package includes flights and hotels.
19513,B1,business,4.800,5,5,4,,0,,"Correct me if I’m wrong, but isn’t this the plan?"
19861,B1,business,4.800,5,5,4,,0,,"If you lose your card, call the bank immediately."
20768,B1,business,4.800,5,5,4,,0,,"If the bus doesn’t come soon, I’ll be late for work."
19562,B1,business,5.000,5,5,5,,0,"Simple, natural, high-frequency.",His idea was brilliant!
6386,B1,business,5.000,5,5,5,,0,"damaged, essential complaint",The delivery was damaged.
5983,B1,business,5.000,5,5,5,,0,"natural, very useful shopping phrase",This item is out of stock.
6788,B1,business,5.000,5,5,5,,0,,I hope to find a good job.
21458,B1,business,5.000,5,5,5,,0,,I wish I had a better job.
352,B1,business,5.000,5,5,5,,0,"natural, universal phrase",This is a rare opportunity.
2271,B1,business,5.000,5,5,5,,0,"Such a, very natural.",He made such a big mistake.
3367,B1,business,5.000,5,5,5,,0,,I need a loan to buy a car.
18142,B1,business,5.000,5,5,5,,0,,I told my boss I’d be late.
18681,B1,business,5.000,5,5,5,,0,High-frequency question.,How much money do you need?
19785,B1,business,5.000,5,5,5,,0,,I prefer to work on my own.
21135,B1,business,5.000,5,5,5,,0,,The staff cleaned the room.
21441,B1,business,5.000,5,5,5,,0,"High utility, very natural.",He lost his job last month.
21444,B1,business,5.000,5,5,5,,0,"distinct, high-utility phrase",Can you help me find a job?
2838,B1,business,5.000,5,5,5,,0,,He does a great job at work.
2915,B1,business,5.000,5,5,5,,0,,I left my bag in the office.
9851,B1,business,5.000,5,5,5,,0,,Let's begin the meeting now.
10433,B1,business,5.000,5,5,5,,0,,He’s no longer working here.
10520,B1,business,5.000,5,5,5,,0,,Let’s talk about this later.
13767,B1,business,5.000,5,5,5,,0,,Could we meet at 3 PM today?
16003,B1,business,5.000,5,5,5,,0,"natural, ubiquitous agreement-checking phrase",Are you fine with this plan?
9930,B1,business,5.000,5,5,5,,0,natural workplace greeting,Are you here for the meeting?
10732,B1,business,5.000,5,5,5,,0,,I’m working on a project now.
20934,B1,business,5.000,5,5,5,,0,,Do you travel a lot for work?
2314,B1,business,5.000,5,5,5,,0,,She is saving money for a car.
2322,B1,business,5.000,5,5,5,,0,,I spent all my money on books.
3399,B1,business,5.000,5,5,5,,0,Financial vocabulary; high utility,Paying back a loan takes time.
6390,B1,business,5.000,5,5,5,,0,"address wrong, essential",The delivery address is wrong.
6394,B1,business,5.000,5,5,5,,0,"truck broke down, vivid",The delivery truck broke down.
7237,B1,business,5.000,5,5,5,,0,,I ordered a new tablet online.
10429,B1,business,5.000,5,5,5,,0,,"No problem, I can do it later."
13585,B1,business,5.000,5,5,5,,0,,She told me about her new job.
3232,B1,business,5.000,5,5,5,,0,,He drives a motorcycle to work.
6385,B1,business,5.000,5,5,5,,0,,They charge extra for delivery.
7819,B1,business,5.000,5,5,5,,0,,She earns a living as a writer.
9706,B1,business,5.000,5,5,5,,0,"High utility, natural.",He is working on a new project.
11339,B1,business,5.000,5,5,5,,0,"Frequency adverb, high utility.",He is always late for meetings.
14384,B1,business,5.000,5,5,5,,0,,I arrived late for the meeting.
15647,B1,business,5.000,5,5,5,,0,,Is this information up to date?
20547,B1,business,5.000,5,5,5,,0,universal financial phrase,Half of my salary goes to rent.
21442,B1,business,5.000,5,5,5,,0,keep one finding good job phrase,Finding a good job is not easy.
2945,B1,business,5.000,5,5,5,,0,,I often stay late at the office.
6989,B1,business,5.000,5,5,5,,0,,He found an error in the report.
10528,B1,business,5.000,5,5,5,,0,,I’ll send you the details later.
10828,B1,business,5.000,5,5,5,,0,,It seems like a good idea to me.
13598,B1,business,5.000,5,5,5,,0,Classic conversational phrase.,How do you feel about this idea?
16102,B1,business,5.000,5,5,5,,0,,Do you have a busy day tomorrow?
19744,B1,business,5.000,5,5,5,,0,,I wish you well in your new job.
20395,B1,business,5.000,5,5,5,,0,,I don’t agree with your opinion.
80,B1,business,5.000,5,5,5,,0,,I buy everything online nowadays.
2337,B1,business,5.000,5,5,5,,0,"Natural, very high utility.",He made a lot of money last year.
2345,B1,business,5.000,5,5,5,,0,"Very natural, high frequency.",He is always worried about money.
2918,B1,business,5.000,5,5,5,,0,,I need to go to the office early.
3398,B1,business,5.000,5,5,5,,0,,I’m not sure if I can get a loan.
9976,B1,business,5.000,5,5,5,,0,,I’m too tired to cook after work.
12744,B1,business,5.000,5,5,5,,0,,I’ll take any job that pays well.
15112,B1,business,5.000,5,5,5,,0,,Keep your speech short and clear.
15562,B1,business,5.000,5,5,5,,0,,I need to save money every month.
15638,B1,business,5.000,5,5,5,,0,,Let’s set a date for the meeting.
16701,B1,business,5.000,5,5,5,,0,"Natural, practical question.",How was your interview last week?
20578,B1,business,5.000,5,5,5,,0,,I found no errors in your report.
21446,B1,business,5.000,5,5,5,,0,"High-frequency, very natural.",Her job involves a lot of travel.
247,B1,business,5.000,5,5,5,,0,,The official deadline is tomorrow.
2318,B1,business,5.000,5,5,5,,0,,He borrowed money from his friend.
2328,B1,business,5.000,5,5,5,,0,"Very natural, practical.",He is very careful with his money.
3382,B1,business,5.000,5,5,5,,0,,The bank rejected my loan request.
5727,B1,business,5.000,5,5,5,,0,'Proceed with caution'; distinct usage,Proceed with caution in this area.
12105,B1,business,5.000,5,5,5,,0,,I’m not sure if the price is fair.
19574,B1,business,5.000,5,5,5,,0,"High-frequency, practical.",His project was completed on time.
19780,B1,business,5.000,5,5,5,,0,,She owns a small shop in the city.
19783,B1,business,5.000,5,5,5,,0,,He wants to start his own company.
20042,B1,business,5.000,5,5,5,,0,,He always finishes his work early.
20453,B1,business,5.000,5,5,5,,0,,I have worked here for five years.
21437,B1,business,5.000,5,5,5,,0,,I have a new job at a big company.
1231,B1,business,5.000,5,5,5,,0,need a better plan for tomorrow — essential,We need a better plan for tomorrow.
2346,B1,business,5.000,5,5,5,,0,,They are running out of money fast.
3380,B1,business,5.000,5,5,5,,0,,He got a loan to buy new furniture.
3430,B1,business,5.000,5,5,5,,0,"natural, high-frequency business query",Are they interested in the project?
9694,B1,business,5.000,5,5,5,,0,,He asked me what I do for a living.
9873,B1,business,5.000,5,5,5,,0,,"She said, 'Let’s begin right away!'"
12938,B1,business,5.000,5,5,5,,0,,He works out at the gym after work.
14471,B1,business,5.000,5,5,5,,0,keep,Who hasn’t finished their work yet?
19072,B1,business,5.000,5,5,5,,0,"Natural, useful",Swimming helps me relax after work.
2925,B1,business,5.000,5,5,5,,0,,I spend a lot of time in the office.
4768,B1,business,5.000,5,5,5,,0,,He achieved his dream job last year.
10109,B1,business,5.000,5,5,5,,0,Workplace request; deadline phrase,Please send me the report by Monday.
11548,B1,business,5.000,5,5,5,,0,,I won’t stop trying until I succeed.
13600,B1,business,5.000,5,5,5,,0,,He wrote a report about the project.
15383,B1,business,5.000,5,5,5,,0,,I’ll help you when I finish my work.
16220,B1,business,5.000,5,5,5,,0,,She took over the project last week.
16381,B1,business,5.000,5,5,5,,0,,My brother told me he got a new job.
17589,B1,business,5.000,5,5,5,,0,,He works too much and needs a break.
18391,B1,business,5.000,5,5,5,,0,,I need a little more time to decide.
18695,B1,business,5.000,5,5,5,,0,,She asked how much time we had left.
19279,B1,business,5.000,5,5,5,,0,,That idea sounds really interesting!
19288,B1,business,5.000,5,5,5,,0,,That doesn’t sound like a good idea.
21465,B1,business,5.000,5,5,5,,0,,He believes that hard work pays off.
2580,B1,business,5.000,5,5,5,,0,"outlines policy, natural",The document outlines the new policy.
2957,B1,business,5.000,5,5,5,,0,,I received a promotion at the office.
3370,B1,business,5.000,5,5,5,,0,,He took a loan to start his business.
5224,B1,business,5.000,5,5,5,,0,"payment delay, natural",The delay in payment caused problems.
6082,B1,business,5.000,5,5,5,,0,,I reported the defect to the manager.
7808,B1,business,5.000,5,5,5,,0,,Do you earn enough to pay your bills?
9174,B1,business,5.000,5,5,5,,0,,Cooking at home saves a lot of money.
10124,B1,business,5.000,5,5,5,,0,"Excellent: natural, universal, past tense",Someone called me during the meeting.
10421,B1,business,5.000,5,5,5,,0,,No one came to the meeting yesterday.
11023,B1,business,5.000,5,5,5,,0,highly natural request,Can I join your team for the project?
13064,B1,business,5.000,5,5,5,,0,,Did you complete the project on time?
13078,B1,business,5.000,5,5,5,,0,natural workplace deadline phrase,Can you complete this task by Friday?
13577,B1,business,5.000,5,5,5,,0,very long meeting yesterday — canonical keep,We had a very long meeting yesterday.
13648,B1,business,5.000,5,5,5,,0,,I’ll see if I can help you with that.
13847,B1,business,5.000,5,5,5,,0,,I’m not a tourist; I’m here for work.
14662,B1,business,5.000,5,5,5,,0,,Let’s meet at the same time tomorrow.
15398,B1,business,5.000,5,5,5,,0,keep,When can we meet to discuss the plan?
16705,B1,business,5.000,5,5,5,,0,,He dressed smartly for the interview.
16973,B1,business,5.000,5,5,5,,0,,I wish he would stop interrupting me.
20443,B1,business,5.000,5,5,5,,0,,I work at a small café near my house.
20507,B1,business,5.000,5,5,5,,0,,That coat costs more than I expected.
1111,B1,business,5.000,5,5,5,,0,,I have to pick between two job offers.
8239,B1,business,5.000,5,5,5,,0,,Do you have any ideas for the project?
10571,B1,business,5.000,5,5,5,,0,High-frequency conversational question.,How are you feeling about the new job?
12280,B1,business,5.000,5,5,5,,0,natural indirect request structure,Ask him if he can come to the meeting.
12364,B1,business,5.000,5,5,5,,0,,She said she prefers working remotely.
14469,B1,business,5.000,5,5,5,,0,,Can you tell me who is in charge here?
14774,B1,business,5.000,5,5,5,,0,,He’s in charge of the project at work.
15330,B1,business,5.000,5,5,5,,0,very high frequency scheduling phrase,Can we meet at the same time tomorrow?
16485,B1,business,5.000,5,5,5,,0,,Let me know if Thursday works for you.
19361,B1,business,5.000,5,5,5,,0,,Is there any chance we can meet later?
19987,B1,business,5.000,5,5,5,,0,"Natural, important modal phrase.",How can I be sure about this decision?
21306,B1,business,5.000,5,5,5,,0,,They wanted better working conditions.
3902,B1,business,5.000,5,5,5,,0,,The store banned returns after 30 days.
5241,B1,business,5.000,5,5,5,,0,,There was a delay in the food delivery.
8259,B1,business,5.000,5,5,5,,0,highly useful professional/news phrase,Are there any updates on the situation?
9656,B1,business,5.000,5,5,5,,0,idiom; always be on time,The first rule is to always be on time.
9662,B1,business,5.000,5,5,5,,0,practical meeting/group phrase,"First, let’s check if everyone is here."
10275,B1,business,5.000,5,5,5,,0,,Tell me what you think about this plan.
12683,B1,business,5.000,5,5,5,,0,,She doesn’t have time to meet us today.
12793,B1,business,5.000,5,5,5,,0,,I feel that this is the right decision.
13465,B1,business,5.000,5,5,5,,0,,Let’s check if the store is still open.
14343,B1,business,5.000,5,5,5,,0,,She pointed out the mistake in my work.
14582,B1,business,5.000,5,5,5,,0,,I had a quick lunch before the meeting.
16700,B1,business,5.000,5,5,5,,0,,She is nervous about her job interview.
16757,B1,business,5.000,5,5,5,,0,"Very common, practical phrase.",Her performance was below expectations.
17925,B1,business,5.000,5,5,5,,0,,Having too many tasks can be stressful.
18156,B1,business,5.000,5,5,5,,0,,There must be a mistake in this report.
19093,B1,business,5.000,5,5,5,,0,very high frequency,Can we talk about the project tomorrow?
19179,B1,business,5.000,5,5,5,,0,,The bill for the repairs was very high.
20456,B1,business,5.000,5,5,5,,0,Excellent occupation sentence,She works as a nurse in a big hospital.
21133,B1,business,5.000,5,5,5,,0,,She said she would get back to me soon.
489,B1,business,5.000,5,5,5,,0,practical 'all right with' usage,Are you all right with the new schedule?
1175,B1,business,5.000,5,5,5,,0,,I need to calculate my monthly expenses.
2594,B1,business,5.000,5,5,5,,0,,She outlined the key points of her talk.
2931,B1,business,5.000,5,5,5,,0,,I need to send an email from the office.
2943,B1,business,5.000,5,5,5,,0,,I have a meeting at the office tomorrow.
6423,B1,business,5.000,5,5,5,,0,"delayed traffic, classic",The delivery was delayed due to traffic.
10348,B1,business,5.000,5,5,5,,0,,My laptop died right before the meeting.
11546,B1,business,5.000,5,5,5,,0,,He worked as a teacher until he retired.
12058,B1,business,5.000,5,5,5,,0,fast solution to this problem — essential,We need a fast solution to this problem.
12797,B1,business,5.000,5,5,5,,0,,I’ve been feeling stressed about my job.
13785,B1,business,5.000,5,5,5,,0,,Could we talk about this issue tomorrow?
14851,B1,business,5.000,5,5,5,,0,,The negative feedback helped us improve.
16156,B1,business,5.000,5,5,5,,0,,She asked me to repeat the instructions.
16717,B1,business,5.000,5,5,5,,0,Job-search vocabulary; high utility,Practicing for an interview helps a lot.
17886,B1,business,5.000,5,5,5,,0,,I probably can’t finish this work today.
18750,B1,business,5.000,5,5,5,,0,,They asked for my full name on the form.
18927,B1,business,5.000,5,5,5,,0,,The bank fees are really high this year!
19584,B1,business,5.000,5,5,5,,0,,They gave a presentation at the meeting.
20405,B1,business,5.000,5,5,5,,0,,I’m not satisfied with the service here.
3775,B1,business,5.000,5,5,5,,0,,I received a timely response to my email.
4839,B1,business,5.000,5,5,5,,0,,Let’s pick up the discussion after lunch.
5674,B1,business,5.000,5,5,5,,0,,They resolved their disagreement quickly.
9239,B1,business,5.000,5,5,5,,0,,I need to call my boss about the project.
10279,B1,business,5.000,5,5,5,,0,,I forgot to tell you about the new rules.
10606,B1,business,5.000,5,5,5,,0,keep,Wearing jeans to work isn’t allowed here.
12392,B1,business,5.000,5,5,5,,0,,He will probably be late for the meeting.
13067,B1,business,5.000,5,5,5,,0,keep,We will complete the repairs by tomorrow.
15379,B1,business,5.000,5,5,5,,0,,I don’t know when the meeting will start.
16702,B1,business,5.000,5,5,5,,0,,I didn’t get the job after the interview.
18969,B1,business,5.000,5,5,5,,0,,I need to finish this report by tomorrow.
19340,B1,business,5.000,5,5,5,,0,hotel/office vocab; high utility,The front desk helped me with my booking.
19866,B1,business,5.000,5,5,5,,0,,"I forgot my card at home, so I can’t pay."
1819,B1,business,5.000,5,5,5,,0,"default payment, highly practical",The default payment method is credit card.
2686,B1,business,5.000,5,5,5,,0,,She practises public speaking for her job.
7269,B1,business,5.000,5,5,5,,0,,She is printing documents for the meeting.
9087,B1,business,5.000,5,5,5,,0,,They put a lot of effort into the project.
10531,B1,business,5.000,5,5,5,,0,discuss project later this week — essential,We’ll discuss the project later this week.
11502,B1,business,5.000,5,5,5,,0,high-frequency advice phrase,"Before making a decision, think carefully."
14764,B1,business,5.000,5,5,5,,0,,I need a couple of minutes to finish this.
17086,B1,business,5.000,5,5,5,,0,,The best thing about this job is the team.
18037,B1,business,5.000,5,5,5,,0,"Excellent conditional, high utility",She will lose her job if she’s late again.
18319,B1,business,5.000,5,5,5,,0,,I’m waiting for news about my application.
20156,B1,business,5.000,5,5,5,,0,,They deliver milk to our house every week.
1292,B1,business,5.000,5,5,5,,0,,He always blames his boss for his problems.
6086,B1,business,5.000,5,5,5,,0,"inspection, natural and formal",The defect was found during the inspection.
7596,B1,business,5.000,5,5,5,,0,,The app received a lot of negative reviews.
9451,B1,business,5.000,5,5,5,,0,,I have a good reason to cancel the meeting.
10543,B1,business,5.000,5,5,5,,0,,I don’t have much time to finish this task.
11347,B1,business,5.000,5,5,5,,0,,She said she always feels tired after work.
11555,B1,business,5.000,5,5,5,,0,,She didn’t call me until after the meeting.
12253,B1,business,5.000,5,5,5,,0,Conversation management; key idiom,Please don’t cut me off while I’m speaking.
12684,B1,business,5.000,5,5,5,,0,finish project by tomorrow — essential deadline phrase,We have to finish this project by tomorrow.
12994,B1,business,5.000,5,5,5,,0,,The shop doesn’t carry this brand of phone.
12995,B1,business,5.000,5,5,5,,0,,I forgot to bring my laptop to the meeting.
14265,B1,business,5.000,5,5,5,,0,keep,What time do you start work in the morning?
15314,B1,business,5.000,5,5,5,,0,industry; social relevance,The film industry is growing in my country.
16703,B1,business,5.000,5,5,5,,0,"very natural, practical",Can you give me some tips for my interview?
18734,B1,business,5.000,5,5,5,,0,Very natural and practical.,Her schedule is full of meetings this week.
19446,B1,business,5.000,5,5,5,,0,,Have you read the message from the manager?
11199,B1,business,5.000,5,5,5,,0,,Have you ever sold anything on the internet?
11640,B1,business,5.000,5,5,5,,0,,There is little time to finish this project.
12124,B1,business,5.000,5,5,5,,0,,She looks very excited to start her new job.
12254,B1,business,5.000,5,5,5,,0,,She turned off her phone during the meeting.
13454,B1,business,5.000,5,5,5,,0,,I need to check my email before the meeting.
20014,B1,business,5.000,5,5,5,,0,Workplace collaboration phrase,Please share the information with your team.
21037,B1,business,5.000,5,5,5,,0,,It’s not possible to finish this task today.
9533,B1,business,5.000,5,5,5,,0,,I need a few more days to finish the project.
10460,B1,business,5.000,5,5,5,,0,,Don’t forget to check your email for updates.
13262,B1,business,5.000,5,5,5,,0,,Can you wait a moment while I check my email?
13363,B1,business,5.000,5,5,5,,0,,He felt sad after saying goodbye to his team.
14401,B1,business,5.000,5,5,5,,0,practical career advice vocabulary,Arriving late to the interview was a mistake.
15688,B1,business,5.000,5,5,5,,0,,She saved money for a big trip around Europe.
16712,B1,business,5.000,5,5,5,,0,,Have you ever had a bad interview experience?
17042,B1,business,5.000,5,5,5,,0,,He enjoys his job because it’s very creative.
17513,B1,business,5.000,5,5,5,,0,,Do you have everything ready for the meeting?
21058,B1,business,5.000,5,5,5,,0,,She asked if it was possible to get a refund.
11733,B1,business,5.000,5,5,5,,0,,I need to book a ticket for tomorrow’s flight.
15360,B1,business,5.000,5,5,5,,0,"classic complaint, essential",The customer was angry about the poor service.
16191,B1,business,5.000,5,5,5,,0,,Let me read the email again before sending it.
17448,B1,business,5.000,5,5,5,,0,,She tends to fall asleep during long meetings.
18978,B1,business,5.000,5,5,5,,0,,Have you prepared for tomorrow’s presentation?
19350,B1,business,5.000,5,5,5,,0,"Universal, natural",Standing in front of a crowd makes me nervous.
20306,B1,business,5.000,5,5,5,,0,,Let’s make sure we have the correct documents.
9667,B1,business,5.000,5,5,5,,0,practical; building floors,The first floor of the building is for offices.
9726,B1,business,5.000,5,5,5,,0,meeting scheduled for this afternoon — essential,We have a meeting scheduled for this afternoon.
11580,B1,business,5.000,5,5,5,,0,Practical; gerund subject,Preparing for a job interview can be stressful.
15041,B1,business,5.000,5,5,5,,0,,I don’t mind working late if it helps the team.
16708,B1,business,5.000,5,5,5,,0,,"If I pass the interview, I’ll start next month."
17902,B1,business,5.000,5,5,5,,0,,I’ll probably need some help with this project.
9542,B1,business,5.000,5,5,5,,0,,He asked if I could spare a few minutes to talk.
10574,B1,business,5.000,5,5,5,,0,universally useful emotional phrase,Feeling nervous before a presentation is normal.
12424,B1,business,5.000,5,5,5,,0,Very natural everyday phrase,A quick shower is all I need before the meeting.
14596,B1,business,5.000,5,5,5,,0,,"I’d love to help, but I’m really busy right now."
17846,B1,business,5.000,5,5,5,,0,,Dealing with difficult people requires patience.
18172,B1,business,5.000,5,5,5,,0,,There seems to be a misunderstanding between us.
19506,B1,business,5.000,5,5,5,,0,,Make sure the address is correct before sending.
20022,B1,business,5.000,5,5,5,,0,,I’ll send you the information by email tomorrow.
20535,B1,business,5.000,5,5,5,,0,,"If I finish early, I’ll help you with your work."
21076,B1,business,5.000,5,5,5,,0,Phone vocabulary; essential,Please hold the line while I transfer your call.
11568,B1,business,5.000,5,5,5,,0,"workplace phrase, very natural",Can you help me prepare for the meeting tomorrow?
11844,B1,business,5.000,5,5,5,,0,,"She said, 'I will present my report next Friday.'"
12751,B1,business,5.000,5,5,5,,0,,I’m happy to answer any questions you might have.
14029,B1,business,5.000,5,5,5,,0,,Don’t forget to bring your laptop to the meeting.
16006,B1,business,5.000,5,5,5,,0,very natural indirect question,Can you check if the machine is working properly?
18991,B1,business,5.000,5,5,5,,0,Polite hospitality phrase,Please take a seat while I prepare the documents.
9471,B1,business,5.000,5,5,5,,0,,"She said, 'Welcome to the team!' with a big smile."
12061,B1,business,5.000,5,5,5,,0,,He asked me to send the email as fast as possible.
13266,B1,business,5.000,5,5,5,,0,,I’ll wait for your reply before making a decision.
16022,B1,business,5.000,5,5,5,,0,,"If everything goes well, we’ll finish by tomorrow."
16716,B1,business,5.000,5,5,5,,0,highly practical career vocabulary,"After the interview, they offered me the position."
17616,B1,business,5.000,5,5,5,,0,,Having a lot of patience is important in this job.
17843,B1,business,5.000,5,5,5,,0,,Have you ever faced a difficult situation at work?
18925,B1,business,5.000,5,5,5,,0,,I wish the bank would approve my application soon.
20026,B1,business,5.000,5,5,5,,0,,"Could you confirm this information for me, please?"
9580,B1,business,5.000,5,5,5,,0,practical workplace language,All the employees must attend the meeting tomorrow.
11583,B1,business,5.000,5,5,5,,0,,I’m not prepared to answer that question right now.
17265,B1,business,5.000,5,5,5,,0,,I will read the report before the meeting tomorrow.
17761,B1,business,5.000,5,5,5,,0,Excellent: common real-world scenario,She wrote a short note to apologize for being late.
19355,B1,business,5.000,5,5,5,,0,,I haven’t received any emails from the company yet.
19950,B1,business,5.000,5,5,5,,0,,"She said, ‘Write a paragraph about your dream job.’"
20445,B1,business,5.000,5,5,5,,0,,She doesn’t work in an office; she works from home.
13027,B1,business,5.000,5,5,5,,0,"natural, scheduling conversation",This isn’t the best time to talk; can we meet later?
18924,B1,business,5.000,5,5,5,,0,,The bank has increased its interest rates this month.
8903,B1,business,5.000,5,5,5,,0,,They tried to persuade the customer to buy the product.
5522,B1,civic,4.100,5,4,5,5547,1,,The officer instructed us to stay calm.
11070,B1,civic,4.100,5,4,5,14045,1,,The news surprised us all this morning.
229,B1,civic,4.100,5,4,5,247,1,,The official decision will be made soon.
2872,B1,civic,4.100,5,4,5,2858,1,police-murder cluster dup,The police found clues about the murder.
14322,B1,civic,4.100,5,4,5,18400,1,Near-dup of 18400,A little help can make a big difference.
11611,B1,civic,4.100,5,4,5,21229,1,,The news spread quickly through the town.
20700,B1,civic,4.100,5,4,5,17447,1,,The old building was torn down last week.
19016,B1,civic,4.100,5,4,5,10994,1,near-dup of 10994 'after the rain',"After the rain, the streets were very wet."
2896,B1,civic,4.100,5,4,5,2858,1,police-murder cluster dup,The police closed the area after the murder.
3949,B1,civic,4.100,5,4,5,3937,1,Near-dup 'police' cluster,Police are warning people about the criminal.
20857,B1,civic,4.100,5,4,5,17863,1,Near-dup 'protecting' cluster,Protecting the sea is important for our future.
9904,B1,civic,4.100,5,4,5,6795,1,find cluster near-dup,Can you find the history section in the library?
19270,B1,civic,4.100,5,4,5,17245,1,near-dup of 17245 Every person pattern,Every person should help protect the environment.
6323,B1,civic,4.100,5,4,5,18246,1,near-dup: government plans to improve/reform,The government plans to reform the education system.
2457,B1,civic,4.200,5,3,5,,1,cluster trim; dup theme of 'captured/took',The enemy took our land.
4971,B1,civic,4.200,4,4,5,,1,,They united to rebuild the school.
537,B1,civic,4.200,4,4,5,,1,,They pray for their country’s peace.
2220,B1,civic,4.200,4,4,5,,0,essential safety phrase,Fire safety is very important.
2866,B1,civic,4.200,5,3,5,,0,,Murder is a very serious crime.
12835,B1,civic,4.200,4,4,5,,0,,Do you follow the rules at school?
3947,B1,civic,4.200,5,3,5,,0,"Natural passive construct, keep one arrest",A criminal was arrested this morning.
8018,B1,civic,4.200,4,4,5,,0,,My cousin lives in a distant country.
4951,B1,civic,4.200,4,4,5,,0,good,The country united after the disaster.
4962,B1,civic,4.200,4,4,5,,0,,They united to celebrate their victory.
13305,B1,civic,4.200,4,4,5,,0,,I applied for a new passport yesterday.
3597,B1,civic,4.200,4,4,5,,0,,She missed her transport to the airport.
7885,B1,civic,4.200,5,3,5,,0,,Many volunteers helped after the earthquake.
11627,B1,civic,4.200,4,4,5,,0,,Isn’t it hard to live in such a noisy place?
18624,B1,civic,4.200,5,3,5,,0,Natural passive voice example,A cat was rescued by the firefighters today.
21314,B1,civic,4.200,4,4,5,,0,keep,We want a cleaner environment for our children.
17155,B1,civic,4.200,4,4,5,,0,,"In an emergency, go to the shelter next to the church."
20821,B1,civic,4.200,4,4,5,,0,,Is there a difference in the rules for tourists and locals?
425,B1,civic,4.400,5,4,4,,0,,The pastor blessed the new house.
6650,B1,civic,4.400,5,4,4,,0,Distinct; passive rules vocabulary.,Hunting is banned in national parks.
19834,B1,civic,4.400,5,4,4,,0,natural safety warning,Don’t go into that dark alley alone.
2716,B1,civic,4.400,5,4,4,,0,,Civic leaders met to solve the problem.
8686,B1,civic,4.400,5,4,4,,0,,I saw a drunk man shouting in the park.
20779,B1,civic,4.400,5,4,4,,0,,"The bus schedule has changed, hasn’t it?"
1956,B1,civic,4.400,5,4,4,,0,Different structure; keep as second humanitarian example.,Humanitarian groups are helping refugees.
8641,B1,civic,4.400,5,4,4,,0,"Natural, motivational","Stay positive, and things will get better."
8874,B1,civic,4.400,5,4,4,,0,,Can you persuade him to come to the party?
2706,B1,civic,4.400,5,4,4,,0,,Civic duties are important for every citizen.
21208,B1,civic,4.400,5,4,4,,0,,"She said, ‘I want to be part of the solution.’"
2733,B1,civic,4.400,5,4,4,,0,,Civic participation is important for democracy.
14896,B1,civic,4.400,5,4,4,,0,,Could you describe the man you saw at the park?
17819,B1,civic,4.400,5,4,4,,0,,The road was covered with salt to melt the ice.
18709,B1,civic,4.400,5,4,4,,0,,I saw a group marching for environmental rights.
3932,B1,civic,4.500,5,5,5,3938,1,stole car near escaped cluster,The criminal stole a car last night.
15334,B1,civic,4.500,5,5,5,11072,1,,The rules are the same for everyone.
19415,B1,civic,4.500,5,5,5,19400,1,near-dup of 19400 'are you sure this is the right X',Are you sure this is the correct bus stop?
21029,B1,civic,4.600,5,4,5,,1,cluster trim; plain,The event was held at a local museum.
3923,B1,civic,4.600,5,4,5,,1,,They want to ban old cars from the road.
3951,B1,civic,4.600,5,4,5,,1,,They think the criminal is still in town.
1467,B1,civic,4.600,5,4,5,,1,,They waited for the warrant before acting.
19345,B1,civic,4.600,5,4,5,,1,cluster trim; newspaper less central,The front page of the newspaper had a big story.
20769,B1,civic,4.600,5,4,5,,1,bus cluster pruning; keep more concise entries,The bus that goes to the city center is always crowded.
6351,B1,civic,4.600,5,4,5,,0,,They voted for the new reform.
9778,B1,civic,4.600,5,4,5,,0,,The price of gas went up again.
11042,B1,civic,4.600,5,4,5,,0,,Have you ever joined a protest?
3895,B1,civic,4.600,5,4,5,,0,Best of ban cluster,Some cities ban cars on weekends.
3899,B1,civic,4.600,5,4,5,,0,,Many countries ban illegal drugs.
7847,B1,civic,4.600,5,4,5,,0,,He earns a medal for his bravery.
5839,B1,civic,4.600,5,4,5,,0,,He collects evidence for the case.
6338,B1,civic,4.600,5,4,5,,0,,The reform made the rules simpler.
13603,B1,civic,4.600,5,4,5,,0,,She’s always happy to help others.
19580,B1,civic,4.600,5,4,5,,0,,She gives her time to help others.
4730,B1,civic,4.600,5,4,5,,0,,She always helps with charity work.
12977,B1,civic,4.600,5,4,5,,0,keep,We will plant more trees next year.
241,B1,civic,4.600,5,4,5,,0,,They shared the official news on TV.
10384,B1,civic,4.600,5,4,5,,0,,She is painting a mural on the wall.
6346,B1,civic,4.600,5,4,5,,0,,The president announced a new reform.
13938,B1,civic,4.600,5,4,5,,0,,They welcomed the idea of a new park.
19598,B1,civic,4.600,5,4,5,,0,"values expression, natural",Giving to charity is important to me.
3901,B1,civic,4.600,5,4,5,,0,,They want to ban hunting in this area.
4718,B1,civic,4.600,5,4,5,,0,,She helps old people cross the street.
6066,B1,civic,4.600,5,4,5,,0,,He actually apologized for being late.
13076,B1,civic,4.600,5,4,5,,0,,The building was completed last month.
3945,B1,civic,4.600,5,4,5,,0,,They showed the criminal's photo on TV.
12108,B1,civic,4.600,5,4,5,,0,,The price of housing is very high here.
16301,B1,civic,4.600,5,4,5,,0,,The child was taught to respect others.
20546,B1,civic,4.600,5,4,5,,0,natural emergency/news phrase,Half of the city lost power last night.
15359,B1,civic,4.600,5,4,5,,0,,Seeing litter everywhere makes me angry.
3967,B1,civic,4.600,5,4,5,,0,"High utility, distinct concept",A criminal record can affect your future.
15273,B1,civic,4.600,5,4,5,,0,,The station is being renovated right now.
15373,B1,civic,4.600,5,4,5,,0,,The angry crowd shouted at the officials.
18030,B1,civic,4.600,5,4,5,,0,,The city is under construction right now.
20106,B1,civic,4.600,5,4,5,,0,,Maybe recycling more can help the planet.
3929,B1,civic,4.600,5,4,5,,0,"Common scenario, natural",A criminal broke into my neighbor's house.
3965,B1,civic,4.600,5,4,5,,0,,They tracked the criminal using his phone.
12104,B1,civic,4.600,5,4,5,,0,,The price of food has increased this year.
12395,B1,civic,4.600,5,4,5,,0,,They will build a new park near our house.
12845,B1,civic,4.600,5,4,5,,0,natural media habit phrase,Following the news helps me stay informed.
7737,B1,civic,4.600,5,4,5,,0,keep,Welfare organizations need more volunteers.
14254,B1,civic,4.600,5,4,5,,0,universal urban complaint phrase,Finding a parking place here is impossible.
16943,B1,civic,4.600,5,4,5,,0,,He was punished because he broke the rules.
17047,B1,civic,4.600,5,4,5,,0,,She enjoys helping others in her community.
17897,B1,civic,4.600,5,4,5,,0,,They probably didn’t hear the announcement.
20265,B1,civic,4.600,5,4,5,,0,,Sending a letter by post takes a long time.
7098,B1,civic,4.600,5,4,5,,0,,The river separates the city into two parts.
20258,B1,civic,4.600,5,4,5,,0,Practical scenario,A letter was delivered to the wrong address.
6695,B1,civic,4.600,5,4,5,,0,,The prosecution wants a long prison sentence.
19236,B1,civic,4.600,5,4,5,,0,Keep as main 'parking' rep,Parking in the city center is very expensive.
20450,B1,civic,4.600,5,4,5,,0,,They will work together to clean up the park.
2368,B1,civic,4.600,5,4,5,,0,keep; solo entry,The firefighter used a ladder to save the cat.
18648,B1,civic,4.600,5,4,5,,0,,Not knowing the rules caused a lot of trouble.
18714,B1,civic,4.600,5,4,5,,0,,The army marched across the border last night.
19273,B1,civic,4.600,5,4,5,,0,Natural crime/report phrasing,A person was seen running away from the scene.
7728,B1,civic,4.600,5,4,5,,0,,They provide welfare services for the disabled.
14684,B1,civic,4.600,5,4,5,,0,,The community centre hosts events for everyone.
16980,B1,civic,4.600,5,4,5,,0,Natural rule statement,Stopping at red lights is important for safety.
17022,B1,civic,4.600,5,4,5,,0,,The police stopped the car for a routine check.
15758,B1,civic,4.600,5,4,5,,0,,The park was cleaned by volunteers last weekend.
17840,B1,civic,4.600,5,4,5,,0,,It was difficult for me to understand the rules.
13362,B1,civic,4.600,5,4,5,,0,,It’s sad how many people are hungry in the world.
19248,B1,civic,4.600,5,4,5,,0,Distinct 'rush hour' context; keep,Parking spaces are hard to find during rush hour.
19867,B1,civic,4.600,5,4,5,,0,,"This card, which I got last year, is still valid."
5547,B1,civic,4.600,5,4,5,,0,,The officer instructed everyone to leave the area.
10864,B1,civic,4.600,5,4,5,,0,Natural passive; community topic,A large amount of money was donated to the school.
20030,B1,civic,4.600,5,4,5,,0,,He asked for information about emergency services.
14017,B1,civic,4.600,5,4,5,,0,,Let me know if you need more details about the rules.
9634,B1,civic,4.600,5,4,5,,0,,They planted a thousand trees to help the environment.
19003,B1,civic,4.600,5,4,5,,0,Safety instruction; conditional,Please call the police if you see anything suspicious.
11832,B1,civic,4.600,5,4,5,,0,,They presented a solution to the environmental problem.
15492,B1,civic,4.600,5,4,5,,0,"causal clause, natural, varied topic","Because she loves animals, she volunteers at a shelter."
17447,B1,civic,4.600,5,4,5,,0,,The old building might fall apart if we don’t repair it.
15648,B1,civic,4.800,5,5,4,,0,,"If you miss the date, you can’t apply."
666,B1,civic,5.000,5,5,5,,0,practical authority/compliance phrase anchor,Are you following the rules?
518,B1,civic,5.000,5,5,5,,0,,I pray for peace in the world.
17358,B1,civic,5.000,5,5,5,,0,,Did you pass the driving test?
18994,B1,civic,5.000,5,5,5,,0,Environmental instruction; practical,Please don’t litter in the park.
3938,B1,civic,5.000,5,5,5,,0,"classic, natural",The criminal escaped from prison.
6211,B1,civic,5.000,5,5,5,,0,,He donated blood at the hospital.
3953,B1,civic,5.000,5,5,5,,0,"caught on camera, iconic",The criminal was caught on camera.
10397,B1,civic,5.000,5,5,5,,0,keep,Why did they close the park early?
4710,B1,civic,5.000,5,5,5,,0,,She offered to help with the party.
18182,B1,civic,5.000,5,5,5,,0,keep,Where is the nearest swimming pool?
19242,B1,civic,5.000,5,5,5,,0,Question tag + prohibition; high utility,"Parking here is not allowed, is it?"
20855,B1,civic,5.000,5,5,5,,0,,The sea has been polluted by waste.
9592,B1,civic,5.000,5,5,5,,0,,Not all people agree with this idea.
16229,B1,civic,5.000,5,5,5,,0,high utility; imperative,"The emergency is over, so stay calm."
19022,B1,civic,5.000,5,5,5,,0,Practical; cause-effect,Rain often causes delays in traffic.
8247,B1,civic,5.000,5,5,5,,0,"natural, practical query",Are there any rules we should follow?
10436,B1,civic,5.000,5,5,5,,0,,No pets are allowed in this building.
11072,B1,civic,5.000,5,5,5,,0,,The rules apply to all of us equally.
3937,B1,civic,5.000,5,5,5,,0,Law enforcement vocabulary; present continuous,Police are searching for the criminal.
11354,B1,civic,5.000,5,5,5,,0,,They always take the same bus to work.
16294,B1,civic,5.000,5,5,5,,0,high value universal statement,Every child deserves a good education.
18234,B1,civic,5.000,5,5,5,,0,,They built a new hospital in our town.
1579,B1,civic,5.000,5,5,5,,0,,He dedicated himself to helping others.
3959,B1,civic,5.000,5,5,5,,0,"sentenced, essential legal",The criminal was sentenced to ten years.
3966,B1,civic,5.000,5,5,5,,0,"pleaded not guilty, legal vocab",The criminal pleaded not guilty in court.
3880,B1,civic,5.000,5,5,5,,0,banned; strong civic vocab,The government banned the sale of alcohol.
15229,B1,civic,5.000,5,5,5,,0,keep,What is the rule for parking in this area?
12472,B1,civic,5.000,5,5,5,,0,,The road is in bad condition after the rain.
2864,B1,civic,5.000,5,5,5,,0,"natural, essential narrative",The detective solved the murder case quickly.
13306,B1,civic,5.000,5,5,5,,0,,The officer checked my passport at the border.
13311,B1,civic,5.000,5,5,5,,0,,She showed her passport to the security guard.
9490,B1,civic,5.000,5,5,5,,0,,I wish everyone felt welcome in this community.
17017,B1,civic,5.000,5,5,5,,0,,I wish people would stop littering in the park.
19125,B1,civic,5.000,5,5,5,,0,excellent,The town has grown a lot in the last ten years.
19326,B1,civic,5.000,5,5,5,,0,idiomatic; community,The event brought the whole community together.
16963,B1,civic,5.000,5,5,5,,0,,She stopped to help an old man cross the street.
19471,B1,civic,5.000,5,5,5,,0,natural; celebrates,The festival celebrates the history of our town.
9307,B1,civic,5.000,5,5,5,,0,Excellent imperative with subordinate clause,"Show respect to everyone, no matter who they are."
10835,B1,civic,5.000,5,5,5,,0,,"I found a wallet, and I returned it to the owner."
14894,B1,civic,5.000,5,5,5,,0,,They asked me to describe the accident in detail.
18098,B1,civic,5.000,5,5,5,,0,,I’m looking for a room to rent near the city center.
10456,B1,civic,5.000,5,5,5,,0,essential travel phrase,Forgetting your ID can cause problems at the airport.
14688,B1,civic,5.000,5,5,5,,0,keep,Where is the nearest information centre for tourists?
20784,B1,civic,5.000,5,5,5,,0,,I wish the bus service were more reliable in my area.
14364,B1,civic,5.000,5,5,5,,0,,Do you know if this is the right bus to the city center?
18246,B1,civic,5.000,5,5,5,,0,planning to; healthcare,The government is planning to improve hospital services.
19463,B1,civic,5.000,5,5,5,,0,cultural; traditional dances,The festival in my city is known for its traditional dances.
20715,B1,civic,5.000,5,5,5,,0,,Can you tell me if this is the right bus to the city center?
9300,B1,civic,5.000,5,5,5,,0,,She showed kindness when she helped the elderly man cross the street.
13919,B1,health,4.600,5,4,5,,0,keep one holiday/relax phrase,Going on holiday helps me relax.
10357,B1,health,4.600,5,4,5,,0,,She died peacefully in her sleep.
16263,B1,health,4.600,5,4,5,,0,,He walks to stay healthy and fit.
927,B1,health,4.600,5,4,5,,0,,Scientists study bacteria in labs.
1858,B1,health,4.600,5,4,5,,0,,My nightmare was about being lost.
5889,B1,health,4.600,5,4,5,,0,,He can’t walk after the operation.
15558,B1,health,4.600,5,4,5,,0,,She has been sick for a month now.
1862,B1,health,4.600,5,4,5,,0,"Keeps + gerund, natural habitual.",He keeps having the same nightmare.
12644,B1,health,4.600,5,4,5,,0,,"Last summer, I learned how to surf."
15901,B1,health,4.600,5,4,5,,0,,Let’s make a list of healthy foods.
921,B1,health,4.600,5,4,5,,0,Keep — opposite pole from 932,Some bacteria are harmful to humans.
9684,B1,health,4.600,5,4,5,,0,,She is doing well after the surgery.
13441,B1,health,4.600,5,4,5,,0,,She felt nothing after the bad news.
5890,B1,health,4.600,5,4,5,,0,,The operation was a complete success.
13165,B1,health,4.600,5,4,5,,0,,"My son said, 'I want to be a doctor.'"
15338,B1,health,4.600,5,4,5,,0,,The same doctor treated me last time.
15796,B1,health,4.600,5,4,5,,0,,He runs six kilometers every morning.
17077,B1,health,4.600,5,4,5,,0,Useful health/dental vocabulary,A cavity in my tooth needs treatment.
932,B1,health,4.600,5,4,5,,0,Best of bacteria cluster — keep 2,Some bacteria are good for our health.
9859,B1,health,4.600,5,4,5,,0,,He began to feel sick during the trip.
20999,B1,health,4.600,5,4,5,,0,,"The boy said, 'I want to be a doctor.'"
7703,B1,health,4.600,5,4,5,,0,practical values vocabulary,Animal welfare is very important to me.
8083,B1,health,4.600,5,4,5,,0,,She uses natural products for her skin.
14326,B1,health,4.600,5,4,5,,0,,Let’s rest a little before we continue.
1850,B1,health,4.600,5,4,5,,0,,My little brother had a nightmare again.
1878,B1,health,4.600,5,4,5,,0,,He woke up in the middle of a nightmare.
21210,B1,health,4.600,5,4,5,,0,Natural exclamation with gerund phrase,Taking part in the race was so exciting!
2784,B1,health,4.600,5,4,5,,0,,My concentration drops when I’m stressed.
5389,B1,health,4.600,5,4,5,,0,,He got an electrical shock from the wire.
10249,B1,health,4.600,5,4,5,,0,"distinct variant - travel context, not general day","After a long flight, I just want to rest."
12585,B1,health,4.600,5,4,5,,0,,She felt strong after months of exercise.
1868,B1,health,4.600,5,4,5,,0,Natural.,His nightmare made him afraid of the dark.
1882,B1,health,4.600,5,4,5,,0,,My nightmare made me check the door twice.
6847,B1,health,4.600,5,4,5,,0,,She warned me about the poison in the jar.
15622,B1,health,4.600,5,4,5,,0,"natural, practical body signal question",Aren’t you hungry after all that exercise?
17534,B1,health,4.600,5,4,5,,0,,She’s worried about everything these days.
18241,B1,health,4.600,5,4,5,,0,,"She said, 'I’ll meet you at the hospital.'"
4474,B1,health,4.600,5,4,5,,0,,She prepared for months for the tournament.
9801,B1,health,4.600,5,4,5,,0,,She broke her leg while skiing last winter.
11989,B1,health,4.600,5,4,5,,0,Practical everyday scenario,A bottle of medicine was left on the shelf.
14834,B1,health,4.600,5,4,5,,0,natural travel phrase,"During the flight, I couldn’t sleep at all."
9354,B1,health,4.600,5,4,5,,0,,He said he felt down after hearing the news.
13720,B1,health,4.600,5,4,5,,0,,He didn’t mention the fact that he was sick.
16602,B1,health,4.600,5,4,5,,0,"Natural present continuous, practical.",He is planting vegetables in the garden now.
17921,B1,health,4.600,5,4,5,,0,,Many doctors recommend drinking water daily.
1865,B1,health,4.600,5,4,5,,0,,She doesn’t sleep well because of nightmares.
15036,B1,health,4.600,5,4,5,,0,"Natural, keep canonical",Staying out late is not good for your health.
16303,B1,health,4.600,5,4,5,,0,"Natural, universally relatable",A child needs love and care to grow up happy.
17451,B1,health,4.600,5,4,5,,0,natural physical fatigue expression,"After the hike, my energy dropped really fast."
18236,B1,health,4.600,5,4,5,,0,,My friend is visiting someone at the hospital.
684,B1,health,4.600,5,4,5,,0,"Natural, practical vocabulary.",He is following a fitness plan to get stronger.
19185,B1,health,4.600,5,4,5,,0,"Natural, universal scenario; keep over 13726",She was shocked when she saw the hospital bill.
17845,B1,health,4.600,5,4,5,,0,,It’s difficult to stay healthy without exercise.
18836,B1,health,4.600,5,4,5,,0,,"I’m not interested in sports, but I like hiking."
17893,B1,health,4.600,5,4,5,,0,,She’s probably feeling better after the medicine.
19964,B1,health,4.600,5,4,5,,0,,"They usually play soccer on weekends, don’t they?"
20980,B1,health,4.600,5,4,5,,0,natural measurement + physical state,"After walking for seven kilometers, we were tired."
14229,B1,health,4.600,5,4,5,,0,,Having a comfortable bedroom helps me sleep better.
8906,B1,health,4.600,5,4,5,,0,"Persuade + inf, natural.",He is trying to persuade his friend to quit smoking.
14093,B1,health,4.600,5,4,5,,0,,She said she doesn’t eat onion because of the smell.
14593,B1,health,4.600,5,4,5,,0,,"She’s not a doctor, but she knows a lot about health."
20693,B1,health,4.800,5,5,4,,0,natural idiom 'feeling down',Are you feeling down today?
4765,B1,health,4.800,5,5,4,,0,,I reached my limit and need a break.
13358,B1,health,4.800,5,5,4,,0,,"If you’re sad, talk to someone about it."
11063,B1,health,4.800,5,5,4,,0,,The new app helps us track our daily steps.
6851,B1,health,4.800,5,5,4,,0,"safety warning, highly useful",This cleaner is poisonous if you swallow it.
17102,B1,health,5.000,5,5,5,,0,,I'm afraid of heights.
15403,B1,health,5.000,5,5,5,,0,,She is married to a doctor.
9193,B1,health,5.000,5,5,5,,0,,He told me that he was sick.
10349,B1,health,5.000,5,5,5,,0,,He died after a long illness.
7939,B1,health,5.000,5,5,5,,0,,They diagnosed the disease early.
4736,B1,health,5.000,5,5,5,,0,,She helped me deal with a problem.
7947,B1,health,5.000,5,5,5,,0,"diagnosed flu, essential",The doctor diagnosed her with flu.
10263,B1,health,5.000,5,5,5,,0,,She told me she was sick yesterday.
11056,B1,health,5.000,5,5,5,,0,"rest more, natural and short",The doctor advised us to rest more.
4821,B1,health,5.000,5,5,5,,0,,She picked up a cold after the trip.
8102,B1,health,5.000,5,5,5,,0,,I noticed a strange spot on my skin.
12294,B1,health,5.000,5,5,5,,0,,He asked me how I was feeling today.
10108,B1,health,5.000,5,5,5,,0,"rest for a week, essential",The doctor told me to rest for a week.
12947,B1,health,5.000,5,5,5,,0,,She said she would meet us at the gym.
20279,B1,health,5.000,5,5,5,,0,Relatable; 'makes me feel' structure,Reading on a train makes me feel sick.
16585,B1,health,5.000,5,5,5,,0,Natural,Staying active is good for your health.
17366,B1,health,5.000,5,5,5,,0,"blood test, essential medical vocab",The doctor ordered a blood test for me.
752,B1,health,5.000,5,5,5,,0,Emotional phrase; high utility,Promise me you’ll take care of yourself.
5869,B1,health,5.000,5,5,5,,0,,I’m nervous about my operation tomorrow.
10880,B1,health,5.000,5,5,5,,0,Classic high-frequency sentence.,His favourite hobby is playing football.
19587,B1,health,5.000,5,5,5,,0,"gave medicine for cold, essential",The doctor gave me medicine for my cold.
13233,B1,health,5.000,5,5,5,,0,"next patient now, essential",The doctor will see the next patient now.
21313,B1,health,5.000,5,5,5,,0,,I wanted to be a doctor when I was young.
11982,B1,health,5.000,5,5,5,,0,,I’ll bring a bottle of water for the hike.
16314,B1,health,5.000,5,5,5,,0,,I can’t go to the concert because I’m sick.
18235,B1,health,5.000,5,5,5,,0,,"I don’t like going to the hospital, do you?"
18813,B1,health,5.000,5,5,5,,0,"explained result, natural",The doctor explained the test result to me.
7920,B1,health,5.000,5,5,5,,0,,The specialist can diagnose rare conditions.
12946,B1,health,5.000,5,5,5,,0,,I’ve been going to the gym for three months.
14279,B1,health,5.000,5,5,5,,0,,She told me she had a headache this morning.
15701,B1,health,5.000,5,5,5,,0,,Don’t forget to pack sunscreen for the trip.
17062,B1,health,5.000,5,5,5,,0,"natural, personal, useful",The dentist checked every tooth in my mouth.
20419,B1,health,5.000,5,5,5,,0,,She looks thirsty; let’s get her some water.
10254,B1,health,5.000,5,5,5,,0,keep,We were exhausted after the overnight flight.
13954,B1,health,5.000,5,5,5,,0,,I need to get away from the city for a while.
15676,B1,health,5.000,5,5,5,,0,Relative clause; health topic,People who exercise regularly seem healthier.
21132,B1,health,5.000,5,5,5,,0,essential health phrase,Getting enough sleep is important for health.
153,B1,health,5.000,5,5,5,,0,essential health phrase,Drinking enough water is good for your health.
19094,B1,health,5.000,5,5,5,,0,,She can’t come to the party because she’s sick.
21380,B1,health,5.000,5,5,5,,0,"half pill every day, specific, useful",The doctor told me to take half a pill every day.
11373,B1,health,5.000,5,5,5,,0,,My eye hurts after staring at the screen too long.
13065,B1,health,5.000,5,5,5,,0,,She couldn’t complete the race because of an injury.
3192,B1,emergency,4.600,5,4,5,,0,,They suspect he cheated on the test.
13644,B1,emergency,4.600,5,4,5,,0,,He saw a strange man near his house.
14682,B1,emergency,4.600,4,5,5,,0,,Is there a medical centre near here?
2495,B1,emergency,4.600,5,4,5,,0,retreated; good B1 vocab,The enemy retreated after the attack.
8088,B1,emergency,4.600,5,4,5,,0,,He got a skin infection from the cut.
19027,B1,emergency,4.600,5,4,5,,0,core driving safety phrase,Driving in the rain can be dangerous.
19264,B1,emergency,4.600,5,4,5,,0,"Useful passive voice, accident vocabulary",A person was injured in the accident.
12965,B1,emergency,4.600,5,4,5,,0,,Don’t climb that tree; it’s dangerous!
15216,B1,emergency,4.600,5,4,5,,0,,The bag was left on the bus yesterday.
15443,B1,emergency,4.600,5,4,5,,0,,The camera was stolen during the trip.
16941,B1,emergency,4.600,5,4,5,,0,,She called me because she needed help.
18076,B1,emergency,4.600,5,4,5,,0,,Have you ever changed a tire on a car?
402,B1,emergency,4.600,5,4,5,,0,"Strong vocabulary, keep",Structural failure caused the collapse.
9814,B1,emergency,4.600,5,4,5,,0,,The storm broke many trees in the park.
11406,B1,emergency,4.600,5,4,5,,0,,He saved me from a dangerous situation.
2230,B1,emergency,4.600,5,4,5,,0,emergency services vocab,Firefighters saved people from the fire.
12777,B1,emergency,4.600,5,4,5,,0,,The animal was rescued by a kind person.
12855,B1,emergency,4.600,5,4,5,,0,"natural temporal clause, distinct","Following the storm, the city was quiet."
16016,B1,emergency,4.600,5,4,5,,0,,He was fine until he heard the bad news.
4295,B1,emergency,4.600,5,4,5,,0,"Natural, vivid — keep",A ray of light guided us out of the cave.
4354,B1,emergency,4.600,5,4,5,,0,,He used a rope to tie the boxes together.
4476,B1,emergency,4.600,5,4,5,,0,"Natural, practical vocabulary.",He injured his leg during the tournament.
11509,B1,emergency,4.600,5,4,5,,0,"temporal clause, natural narrative","Before the doctor came, I felt very sick."
17954,B1,emergency,4.600,5,4,5,,0,Natural weather phrase,A storm is coming from the north tonight.
18021,B1,emergency,4.600,5,4,5,,0,natural directional request,Can you look under the car for my wallet?
19295,B1,emergency,4.600,5,4,5,,0,,The sound coming from the room was scary.
2242,B1,emergency,4.600,5,4,5,,0,Passive voice; emergency vocab,People were evacuated because of the fire.
3531,B1,emergency,4.600,5,4,5,,0,,The port is closed because of bad weather.
6848,B1,emergency,4.600,5,4,5,,0,Keep one 'poison' rep,Poison can kill you if you're not careful.
7895,B1,emergency,4.600,5,4,5,,0,Natural disaster vocabulary,People lost their homes in the earthquake.
7901,B1,emergency,4.600,5,4,5,,0,natural past tense narrative,Buildings collapsed during the earthquake.
11016,B1,emergency,4.600,5,4,5,,0,Relevant health vocabulary,A dangerous virus spread through the town.
20702,B1,emergency,4.600,5,4,5,,0,,He slowed down when he saw the police car.
9252,B1,emergency,4.600,5,4,5,,0,"conditional imperative, useful",Call the technician if the computer breaks.
13316,B1,emergency,4.600,5,4,5,,0,,I’m worried because my passport is missing.
14723,B1,emergency,4.600,5,4,5,,0,evocative storm aftermath sentence,"After the storm, nothing was left standing."
19870,B1,emergency,4.600,5,4,5,,0,,The card was stolen from my bag last night.
1970,B1,emergency,4.600,5,4,5,,0,,They raised funds for humanitarian projects.
5375,B1,emergency,4.600,5,4,5,,0,natural; grid vocabulary,The electrical grid failed during the storm.
5716,B1,emergency,4.600,4,5,5,,0,Emergency instruction; keep as rep,Proceed to the exit when you hear the alarm.
3165,B1,emergency,4.600,5,4,5,,0,,The police suspect the man in the black coat.
7882,B1,emergency,4.600,5,4,5,,0,past continuous; good grammar showcase,The earthquake struck while we were sleeping.
13321,B1,emergency,4.600,5,4,5,,0,,Losing a passport can cause a lot of trouble.
18595,B1,emergency,4.600,5,4,5,,0,,Have you ever been in an emergency situation?
2878,B1,emergency,4.600,5,4,5,,0,,She was afraid after hearing about the murder.
16379,B1,emergency,4.600,5,4,5,,0,,My brother always helps me when I’m in trouble.
17436,B1,emergency,4.600,5,4,5,,0,"imperative + conditional, natural","Be careful, or you might fall on the wet floor!"
9923,B1,emergency,4.600,5,4,5,,0,"Natural passive, environment topic",A section of the forest was damaged by the fire.
12421,B1,emergency,4.600,5,4,5,,0,"Natural, practical",Taking a shower during a storm can be dangerous.
20309,B1,emergency,4.600,5,4,5,,0,,He always gives the right advice in emergencies.
21376,B1,emergency,4.600,5,4,5,,0,,Half the city was without power after the storm.
11608,B1,emergency,4.600,5,4,5,,0,,She quickly turned off the stove to avoid a fire.
2858,B1,emergency,4.600,5,4,5,,0,,The police are investigating a murder in the city.
11935,B1,emergency,4.600,5,4,5,,0,Distinct context from students; keep,A quarter of the forest was destroyed by the fire.
19413,B1,emergency,4.600,5,4,5,,0,,Make sure the windows are closed during the storm.
1447,B1,emergency,4.600,5,4,5,,0,,They showed up with a warrant early in the morning.
16566,B1,emergency,4.600,5,4,5,,0,"practical passive construction, medical context",An order was placed for emergency medical supplies.
21496,B1,emergency,4.600,5,4,5,,0,,"The alarm was false, so we didn’t need to evacuate."
12597,B1,emergency,4.600,5,4,5,,0,"natural, practical weather/news sentence",A strong storm is expected to hit the coast tonight.
17618,B1,emergency,4.600,5,4,5,,0,Natural news/report style,A lot of people were affected by the storm last night.
21126,B1,emergency,4.800,5,5,4,,0,,"If you get lost, call me."
7663,B1,emergency,4.800,5,5,4,,0,,The level of the river is rising.
15023,B1,emergency,4.800,5,5,4,,0,,"If you’re late, call me immediately."
15222,B1,emergency,4.800,5,5,4,,0,,He told me to keep an eye on my bag.
18582,B1,emergency,4.800,5,5,4,,0,,"If you ever need help, just call me."
12794,B1,emergency,4.800,5,5,4,,0,,"If you feel sick, please see a doctor."
10068,B1,emergency,4.800,5,5,4,,0,,"If you lose your wallet, call the police."
18050,B1,emergency,4.800,5,5,4,,0,,"If we lose power, use the emergency lights."
20107,B1,emergency,4.800,5,5,4,,0,,"If there's an emergency, you can call this number."
8688,B1,emergency,5.000,5,5,5,,1,,They were too drunk to drive home.
6794,B1,emergency,5.000,5,5,5,,0,must find a solution — essential,We must find a solution.
1268,B1,emergency,5.000,5,5,5,,0,"had better call them — modal idiom, essential",We had better call them now.
5876,B1,emergency,5.000,5,5,5,,0,,The operation saved his life.
16847,B1,emergency,5.000,5,5,5,,0,,I wish I could help you more.
3190,B1,emergency,5.000,5,5,5,,0,,The suspect denied everything.
6179,B1,emergency,5.000,5,5,5,,0,,They took him to the hospital.
7033,B1,emergency,5.000,5,5,5,,0,tech vocabulary; high utility,The error was caused by a bug.
2369,B1,emergency,5.000,5,5,5,,0,natural safety warning,This ladder is not safe to use.
2229,B1,emergency,5.000,5,5,5,,0,core; destroyed,The fire destroyed the old barn.
2241,B1,emergency,5.000,5,5,5,,0,spread; important verb,The fire spread to other houses.
6833,B1,emergency,5.000,5,5,5,,0,,The snake's bite can poison you.
2235,B1,emergency,5.000,5,5,5,,0,,They lost everything in the fire.
17570,B1,emergency,5.000,5,5,5,,0,very high frequency phrase,Call me when you get home safely.
2243,B1,emergency,5.000,5,5,5,,0,left X homeless; consequence vocab,The fire left the family homeless.
16577,B1,emergency,5.000,5,5,5,,0,High-utility warning imperative,Stay away from the dangerous area!
5228,B1,emergency,5.000,5,5,5,,0,delay due to traffic — high utility,We faced a delay due to bad traffic.
8690,B1,emergency,5.000,5,5,5,,0,"drunk driver, essential safety",The drunk driver caused an accident.
18146,B1,emergency,5.000,5,5,5,,0,,"If I lose my ticket, I can’t travel."
18427,B1,emergency,5.000,5,5,5,,0,,Keep yourself safe during the storm.
7902,B1,emergency,5.000,5,5,5,,0,high utility evacuate vocab,The earthquake forced us to evacuate.
9870,B1,emergency,5.000,5,5,5,,0,,I began to worry when he didn’t call.
15397,B1,emergency,5.000,5,5,5,,0,,I don’t remember when I lost my keys.
6837,B1,emergency,5.000,5,5,5,,0,"natural safety warning, plant",This plant is poisonous if you eat it.
7866,B1,emergency,5.000,5,5,5,,0,core earthquake sentence,The earthquake caused a lot of damage.
13440,B1,emergency,5.000,5,5,5,,0,,There was nothing we could do to help.
15437,B1,emergency,5.000,5,5,5,,0,,"My camera isn’t working, can you help?"
20867,B1,emergency,5.000,5,5,5,,0,,I was cooking when the power went out.
15260,B1,emergency,5.000,5,5,5,,0,,I lost my bag at the station yesterday.
19441,B1,emergency,5.000,5,5,5,,0,,Send a message if there’s an emergency.
3905,B1,emergency,5.000,5,5,5,,0,,They banned him from driving for a year.
4793,B1,emergency,5.000,5,5,5,,0,,She reached for help when she felt lost.
13032,B1,emergency,5.000,5,5,5,,0,,"In an emergency, it’s best to stay calm."
20590,B1,emergency,5.000,5,5,5,,0,,Texting while driving is very dangerous.
11585,B1,emergency,5.000,5,5,5,,0,Warning phrase; reflexive pronoun,Prepare yourself for some difficult news.
13799,B1,emergency,5.000,5,5,5,,0,"natural contrast, emergency context",This isn’t a game; it’s a real emergency!
15474,B1,emergency,5.000,5,5,5,,0,,"If you see anything strange, let me know."
15704,B1,emergency,5.000,5,5,5,,0,"excellent, practical",The trip was canceled due to an emergency.
10540,B1,emergency,5.000,5,5,5,,0,,I’ll call the doctor later if I feel worse.
13366,B1,emergency,5.000,5,5,5,,0,,The sad news about the accident shocked us.
20460,B1,emergency,5.000,5,5,5,,0,"conversational, high utility",The computer isn’t working; can you fix it?
1632,B1,emergency,5.000,5,5,5,,0,excellent,The training includes basic first aid skills.
19495,B1,emergency,5.000,5,5,5,,0,,He didn’t listen to the warning and got hurt.
1455,B1,emergency,5.000,5,5,5,,0,,They need a warrant to enter private property.
2113,B1,emergency,5.000,5,5,5,,0,minimize; formal goal structure,The goal is to minimize accidents on the road.
6192,B1,emergency,5.000,5,5,5,,0,,I have an appointment at the hospital tomorrow.
18957,B1,emergency,5.000,5,5,5,,0,,"The situation seems pretty serious, doesn’t it?"
10256,B1,emergency,5.000,5,5,5,,0,,"In case of emergency, listen to the flight crew."
12300,B1,emergency,5.000,5,5,5,,0,,"In an emergency, don’t hesitate to ask for help."
18232,B1,emergency,5.000,5,5,5,,0,,He was taken to the hospital after the accident.
19349,B1,emergency,5.000,5,5,5,,0,accident vocab; practical,The front of the car was damaged in the accident.
11804,B1,emergency,5.000,5,5,5,,0,,"Thanks, do you know where the nearest hospital is?"
16067,B1,emergency,5.000,5,5,5,,0,natural safety warning,"This object might be dangerous, so don’t touch it."
13093,B1,emergency,5.000,5,5,5,,0,,Never leave your belongings unattended at the airport.
21402,B1,travel,4.400,5,4,4,,0,,"The hotel was fully booked, wasn’t it?"
20886,B1,travel,4.500,5,5,5,12685,1,near-dup 'have you ever visited' cluster,Have you ever visited a foreign country?
4775,B1,travel,4.600,5,4,5,,1,,They reached the village after walking for hours.
16758,B1,travel,4.600,5,4,5,,0,,The plane flew below the clouds.
7391,B1,travel,4.600,5,4,5,,0,,Let’s go on an adventure tomorrow.
3250,B1,travel,4.600,5,4,5,,0,natural travel question,Can you drive in a foreign country?
20941,B1,travel,4.600,5,4,5,,0,"Natural, good present perfect.",He has traveled to over 20 countries.
7389,B1,travel,4.600,5,4,5,,0,,They planned an adventure in the snow.
12252,B1,travel,4.600,5,4,5,,0,,The plane took off just a few minutes ago.
20775,B1,travel,4.600,5,4,5,,0,,I’m not sure if this bus goes to the airport.
9224,B1,travel,4.600,5,4,5,,0,,He said he would take the early train tomorrow.
9222,B1,travel,4.600,5,4,5,,0,,I love traveling by train because it’s relaxing.
16687,B1,travel,4.600,5,4,5,,0,,Make sure you bring enough clothes for the trip.
21065,B1,travel,4.600,4,5,5,,0,,Is there a direct line to the airport from here?
12849,B1,travel,4.800,5,5,4,,0,,"If you follow this road, you’ll find the hotel."
11404,B1,travel,4.800,5,5,4,,0,,"If you’re coming from the north, take this road."
16986,B1,travel,4.800,5,5,4,,0,,"The hotel was beautiful; however, the service was terrible."
20168,B1,travel,5.000,5,5,5,,0,,I need a ticket to Paris.
12504,B1,travel,5.000,5,5,5,,0,"natural, train speed exclamation",This train goes really fast!
3204,B1,travel,5.000,5,5,5,,0,,The suspect left the country.
11888,B1,travel,5.000,5,5,5,,0,Classic frequency question.,How often do you travel abroad?
10401,B1,travel,5.000,5,5,5,,0,high-frequency travel phrase,Are we close to the airport yet?
16579,B1,travel,5.000,5,5,5,,0,Classic travel question.,How long did you stay in London?
11759,B1,travel,5.000,5,5,5,,0,,I hope to travel the world one day.
12380,B1,travel,5.000,5,5,5,,0,keep,We will travel to Paris next month.
10234,B1,travel,5.000,5,5,5,,0,high utility; travel,The flight was delayed by two hours.
14392,B1,travel,5.000,5,5,5,,0,core travel phrase,The train arrived late this morning.
12232,B1,travel,5.000,5,5,5,,0,,The bus doesn’t come until 4 o'clock.
17574,B1,travel,5.000,5,5,5,,0,,She asked when the train would leave.
19000,B1,travel,5.000,5,5,5,,0,Travel imperative; practical,"Please, don’t be late for the flight."
5215,B1,travel,5.000,5,5,5,,0,airport delay — high utility travel,We experienced a delay at the airport.
11394,B1,travel,5.000,5,5,5,,0,core travel phrase,The train from Paris arrives at 6 p.m.
17322,B1,travel,5.000,5,5,5,,0,,"If you want cheap flights, book early."
1831,B1,travel,5.000,5,5,5,,0,"time zone setting, essential",The default time zone is set to London.
13458,B1,travel,5.000,5,5,5,,0,,Have you checked the train schedule yet?
14725,B1,travel,5.000,5,5,5,,0,,She told me she left her bag on the train.
14709,B1,travel,5.000,5,5,5,,0,"Practical travel context, natural.",He left for the airport early this morning.
15392,B1,travel,5.000,5,5,5,,0,keep,When was the last time you traveled abroad?
15165,B1,travel,5.000,5,5,5,,0,"Natural, practical scenario.",He made a mistake while booking the tickets.
9374,B1,travel,5.000,5,5,5,,0,,I wish I could afford that expensive vacation.
11124,B1,travel,5.000,5,5,5,,0,high-frequency travel vocabulary,"After boarding the plane, we waited for takeoff."
208,B1,travel,5.000,5,5,5,,0,,I need an official document to apply for the visa.
15019,B1,travel,5.000,5,5,5,,0,,She arrived late at the airport and missed her flight.
8953,B1,housing,4.400,5,4,4,,0,"modern vocab, natural",The drone was flying too close to the house.
21006,B1,housing,4.400,5,4,4,,0,,I remember the boy from my old neighborhood.
13675,B1,housing,4.400,5,4,4,,0,,"The kids are playing downstairs, aren’t they?"
16633,B1,housing,4.400,5,4,4,,0,,They are the ones who helped me move last week.
16946,B1,housing,4.400,5,4,4,,0,,I’m saving money because I want to buy a house.
17874,B1,housing,4.600,5,4,5,,1,near-dup Finding cluster excess,Finding a safe home is important for everyone.
7174,B1,housing,4.600,5,4,5,,0,,I stayed at a cheap hotel.
2273,B1,housing,4.600,5,4,5,,0,,They are such nice neighbors.
4060,B1,housing,4.600,5,4,5,,0,"Keep + location, practical.",He keeps his albums in a box.
20609,B1,housing,4.600,5,4,5,,0,,Does your father live nearby?
17044,B1,housing,4.600,5,4,5,,0,,I hope you enjoy your new home!
13959,B1,housing,4.600,5,4,5,,0,,"She lives far away, doesn’t she?"
20846,B1,housing,4.600,5,4,5,,0,,She dreams of living by the sea.
16800,B1,housing,4.600,5,4,5,,0,,I wish my aunt lived closer to us.
14217,B1,housing,4.600,5,4,5,,0,,Her bedroom looks so cozy and warm.
16586,B1,housing,4.600,5,4,5,,0,,I’m staying with my aunt next week.
19140,B1,housing,4.600,5,4,5,,0,,I love how you decorated this room!
14465,B1,housing,4.600,5,4,5,,0,,Do you know who lives in that house?
20625,B1,housing,4.600,5,4,5,,0,,Helping my father with chores is fun.
14172,B1,housing,4.600,5,4,5,,0,indirect question structure,Can you measure how tall this wall is?
19895,B1,housing,4.600,5,4,5,,0,"natural, relatable",The young couple bought a small house.
14626,B1,housing,4.600,5,4,5,,0,,He’s always behind in paying his bills.
14727,B1,housing,4.600,5,4,5,,0,,The old house was left empty for years.
3844,B1,housing,4.600,5,4,5,,0,,Let’s arrange the furniture differently.
13340,B1,housing,4.600,5,4,5,,0,keep one cheap hotel phrase,Finding a cheap hotel here is never easy.
20989,B1,housing,4.600,5,4,5,,0,,The boy who lives next door is my friend.
5435,B1,housing,4.600,5,4,5,,0,,I’ll take this seat; you can have the other.
16357,B1,housing,4.600,5,4,5,,0,,Living far from family can be hard sometimes.
18298,B1,housing,4.600,5,4,5,,0,,The baby’s laughter fills the house with joy.
14226,B1,housing,4.600,5,4,5,,0,,She said that her bedroom needed new curtains.
18607,B1,housing,4.600,5,4,5,,0,,The cat that lives next door is very friendly.
9126,B1,housing,4.600,5,4,5,,0,,My boyfriend and I are saving money for a house.
11913,B1,housing,4.600,5,4,5,,0,best warm sentence,The warm air from the heater made the room cozy.
15422,B1,housing,4.600,5,4,5,,0,natural life event sentence,"After getting married, they moved to a new city."
18938,B1,housing,4.600,5,4,5,,0,natural causative request,Can you make the room look pretty for the party?
17018,B1,housing,4.600,5,4,5,,0,,The clock stopped working after the power outage.
11196,B1,housing,4.600,5,4,5,,0,,She is selling her furniture before moving abroad.
15137,B1,housing,4.600,5,4,5,,0,,"My friend, who lives in the east, invited me over."
17964,B1,housing,4.600,5,4,5,,0,,He built a treehouse for his children last summer.
12323,B1,housing,4.600,5,4,5,,0,"natural life experience, good vocabulary","After moving to the capital, he felt more connected."
16503,B1,housing,4.600,5,4,5,,0,,My grandmother has lived in this house for 50 years.
11811,B1,housing,4.600,5,4,5,,0,,Thanks for taking care of my plants while I was away.
7170,B1,housing,4.800,5,5,4,,0,,The hotel room has a balcony.
14597,B1,housing,4.800,5,5,4,,0,,"The house is small, but it’s very comfortable."
10581,B1,housing,4.800,5,5,4,,0,expat/travel essential phrase,Feeling homesick is common when you move abroad.
7156,B1,housing,5.000,5,5,5,,0,,I need a hotel with parking.
9674,B1,housing,5.000,5,5,5,,0,,They do not live here anymore.
9709,B1,housing,5.000,5,5,5,,0,,The shop is on the main street.
16495,B1,housing,5.000,5,5,5,,0,keep,Where does your grandparent live?
19590,B1,housing,5.000,5,5,5,,0,,He gave away all his old clothes.
17318,B1,housing,5.000,5,5,5,,0,,I’m looking for a cheap apartment.
19107,B1,housing,5.000,5,5,5,,0,,She moved to a new town last year.
21300,B1,housing,5.000,5,5,5,,0,keep — high utility,We want to save money for a house.
12406,B1,housing,5.000,5,5,5,,0,,The shower in my hotel room is broken.
17523,B1,housing,5.000,5,5,5,,0,,Let’s pack everything before we leave.
6940,B1,housing,5.000,5,5,5,,0,,I remember my childhood home very well.
10625,B1,housing,5.000,5,5,5,,0,real estate vocab; ordinal,The first house we saw was too expensive.
9601,B1,housing,5.000,5,5,5,,0,,He will buy a car if he saves enough money.
9603,B1,housing,5.000,5,5,5,,0,,They bought a house near the beach last year.
10264,B1,housing,5.000,5,5,5,,0,,Could you tell me where the nearest hotel is?
17708,B1,housing,5.000,5,5,5,,0,Goal-conditional; distinct context,"Once we save enough money, we’ll buy a house."
10024,B1,housing,5.000,5,5,5,,0,,My partner and I bought a new house last month.
12388,B1,housing,5.000,5,5,5,,0,keep,Who will take care of the dog while we’re away?
11576,B1,housing,5.000,5,5,5,,0,"Natural, high utility future plans.",He is preparing to move to a new house next month.
15623,B1,housing,5.000,5,5,5,,0,,"Tell me if you’re hungry, and I’ll cook something."
12361,B1,housing,5.000,5,5,5,,0,,"If I had a choice, I’d prefer a quieter place to live."
21475,B1,numbers,4.600,5,4,5,,0,"idiom, highly natural","Believe it or not, I won the lottery!"
9274,B1,numbers,4.600,5,4,5,,0,Natural social media phrase,A million likes on that video already!
8521,B1,numbers,4.600,5,4,5,,0,,He has a varied collection of old coins.
11978,B1,numbers,4.600,5,4,5,,0,Practical shopping phrase,A bottle of soda costs two dollars here.
1179,B1,numbers,4.600,5,4,5,,0,,He can calculate very quickly in his head.
14607,B1,numbers,4.600,5,4,5,,0,,"She looks young, but she’s actually over 40."
20968,B1,numbers,4.600,5,4,5,,0,,My brother turned seven years old yesterday.
9754,B1,numbers,4.600,5,4,5,,0,,She guessed the correct number on her first try.
9116,B1,numbers,4.800,5,5,4,,0,,I’ve been with my boyfriend for two years.
18753,B1,numbers,4.800,5,5,4,,0,Natural distance question.,How many kilometres is it from here to the airport?
1697,B1,numbers,5.000,5,5,5,,0,,He speaks a little English.
18884,B1,numbers,5.000,5,5,5,,0,,The bus leaves in forty minutes.
10040,B1,numbers,5.000,5,5,5,,0,,He depends on his parents for money.
11501,B1,numbers,5.000,5,5,5,,0,,He asked me to call him before 8 p.m.
1180,B1,numbers,5.000,5,5,5,,0,,Let’s calculate how much time we need.
16672,B1,numbers,5.000,5,5,5,,0,,Do you have enough money for the trip?
17916,B1,numbers,5.000,5,5,5,,0,Classic present perfect question.,How many times have you been to Paris?
20560,B1,numbers,5.000,5,5,5,,0,excellent travel phrase,The trip will take half a day by train.
21392,B1,numbers,5.000,5,5,5,,0,Essential travel phrase.,How much does a night at the hotel cost?
13469,B1,numbers,5.000,5,5,5,,0,,I’m checking my bank account balance online.
11740,B1,numbers,5.000,5,5,5,,0,"highly practical, natural comparison sentence",A ticket for children is cheaper than for adults.
9226,B1,numbers,5.000,5,5,5,,0,"excellent, natural",The train ticket was more expensive than I expected.
20330,B2,everyday,5.000,5,5,5,,0,,I hope to meet you again soon.
3261,B2,everyday,5.000,5,5,5,,0,,She drives an electric car now.
10118,B2,everyday,5.000,5,5,5,,0,,I’m so happy you remembered me!
16624,B2,everyday,5.000,5,5,5,,0,,They went to Paris last summer.
18632,B2,everyday,5.000,5,5,5,,0,,Is she not coming to the party?
1530,B2,everyday,5.000,5,5,5,,0,,I doubt anyone will notice this.
7023,B2,everyday,5.000,5,5,5,,0,embarrassed by his error — very common situation,He was embarrassed by his error.
9153,B2,everyday,5.000,5,5,5,,0,,Let’s talk over coffee tomorrow.
14386,B2,everyday,5.000,5,5,5,,0,,She was late because of traffic.
532,B2,everyday,5.000,5,5,5,,0,,I pray for my parents’ happiness.
1003,B2,everyday,5.000,5,5,5,,0,,I completely trust your decision.
5802,B2,everyday,5.000,5,5,5,,0,,Now is the perfect time to start.
8254,B2,everyday,5.000,5,5,5,,0,,I don’t see any point in arguing.
9092,B2,everyday,5.000,5,5,5,,0,,I put my trust in my best friend.
9257,B2,everyday,5.000,5,5,5,,0,,I wouldn’t call this a good idea.
10529,B2,everyday,5.000,5,5,5,,0,,She regretted her decision later.
14766,B2,everyday,5.000,5,5,5,,0,,I’m tired of waiting for the bus.
18961,B2,everyday,5.000,5,5,5,,0,,Let’s plan our trip for tomorrow.
2265,B2,everyday,5.000,5,5,5,,0,,I don’t need such expensive gifts.
10435,B2,everyday,5.000,5,5,5,,0,,"I said no, but they didn’t listen."
15653,B2,everyday,5.000,5,5,5,,0,,I’m nervous about my date tonight.
21028,B2,everyday,5.000,5,5,5,,0,,I’m terrible at remembering names.
21096,B2,everyday,5.000,5,5,5,,0,,I don’t think the waiter heard me.
1121,B2,everyday,5.000,5,5,5,,0,,Let’s pick a time to meet tomorrow.
2334,B2,everyday,5.000,5,5,5,,0,,They argued about money last night.
2638,B2,everyday,5.000,5,5,5,,0,,I smiled to hide my disappointment.
12049,B2,everyday,5.000,5,5,5,,0,,The train goes faster than the bus.
12897,B2,everyday,5.000,5,5,5,,0,,Don’t try to do everything at once.
18269,B2,everyday,5.000,5,5,5,,0,,I prefer chicken over fish any day.
18528,B2,everyday,5.000,5,5,5,,0,,Shopping online is very convenient.
20543,B2,everyday,5.000,5,5,5,,0,,I’ve been waiting for half an hour!
20558,B2,everyday,5.000,5,5,5,,0,,"Let’s split the bill in half, okay?"
1488,B2,everyday,5.000,5,5,5,,0,,Don’t doubt yourself; you can do it!
1501,B2,everyday,5.000,5,5,5,,0,,She doubts her own skills sometimes.
1515,B2,everyday,5.000,5,5,5,,0,,There is no doubt that this is hard.
1576,B2,everyday,5.000,5,5,5,,0,,He defended himself in the argument.
9462,B2,everyday,5.000,5,5,5,,0,,I can’t think of a reason to say no.
10522,B2,everyday,5.000,5,5,5,,0,,Will you be free later this evening?
12410,B2,everyday,5.000,5,5,5,,0,,I’ll take a shower after my workout.
13728,B2,everyday,5.000,5,5,5,,0,,The fact that he lied made me angry.
17071,B2,everyday,5.000,5,5,5,,0,,My tooth started hurting last night.
18641,B2,everyday,5.000,5,5,5,,0,,She said she would not come with us.
19103,B2,everyday,5.000,5,5,5,,0,,I can remember the day we first met.
19392,B2,everyday,5.000,5,5,5,,0,,They were happy when I visited them.
20727,B2,everyday,5.000,5,5,5,,0,,"Right now, I’m too busy to help you."
4755,B2,everyday,5.000,5,5,5,,0,,I can’t reach the window to close it.
5127,B2,everyday,5.000,5,5,5,,0,,I can’t imagine living anywhere else.
6964,B2,everyday,5.000,5,5,5,,0,,I have fond memories of my childhood.
9936,B2,everyday,5.000,5,5,5,,0,,I don’t want to stay here any longer.
13099,B2,everyday,5.000,5,5,5,,0,,She said she had never felt so happy.
13259,B2,everyday,5.000,5,5,5,,0,,Let’s wait and see what happens next.
15571,B2,everyday,5.000,5,5,5,,0,,"She said, ‘I’ll call you next month.’"
20580,B2,everyday,5.000,5,5,5,,0,,No way! I can’t believe you did that!
20653,B2,everyday,5.000,5,5,5,,0,,I don’t even remember where I parked.
680,B2,everyday,5.000,5,5,5,,0,,I’m following a new recipe for dinner.
1137,B2,everyday,5.000,5,5,5,,0,,The street was dead; no one was there.
1494,B2,everyday,5.000,5,5,5,,0,,I have no doubt that you will succeed.
2104,B2,everyday,5.000,5,5,5,,0,,Please try to pack light for the trip.
2253,B2,everyday,5.000,5,5,5,,0,,I’ve never tasted such delicious food.
5145,B2,everyday,5.000,5,5,5,,0,,I can’t find a job anywhere right now.
6983,B2,everyday,5.000,5,5,5,,0,,I miss the simplicity of my childhood.
9521,B2,everyday,5.000,5,5,5,,0,,She bought a few apples at the market.
10453,B2,everyday,5.000,5,5,5,,0,,She forgot about the party last night.
11660,B2,everyday,5.000,5,5,5,,0,,She told me a little secret yesterday.
13659,B2,everyday,5.000,5,5,5,,0,,I can see why you’re upset about this.
16050,B2,everyday,5.000,5,5,5,,0,,I found a strange object on the beach.
16830,B2,everyday,5.000,5,5,5,,0,,Please send the package to my address.
16917,B2,everyday,5.000,5,5,5,,0,,Isn’t this sandwich too spicy for you?
17536,B2,everyday,5.000,5,5,5,,0,,I can’t believe everything worked out!
19062,B2,everyday,5.000,5,5,5,,0,,I have never swum in the ocean before.
19414,B2,everyday,5.000,5,5,5,,0,,"I’m sure we’ve met before, haven’t we?"
1145,B2,everyday,5.000,5,5,5,,0,,The town felt dead on a Sunday morning.
1485,B2,everyday,5.000,5,5,5,,0,,I doubt if this is the right way to go.
1509,B2,everyday,5.000,5,5,5,,0,,I have doubts about going on this trip.
9128,B2,everyday,5.000,5,5,5,,0,,I’ll call my boyfriend when I get home.
9428,B2,everyday,5.000,5,5,5,,0,,Living in the capital can be expensive.
10247,B2,everyday,5.000,5,5,5,,0,,Taking a flight is faster than driving.
11294,B2,everyday,5.000,5,5,5,,0,,I was drinking tea when the phone rang.
13104,B2,everyday,5.000,5,5,5,,0,,"If you never try, you’ll never succeed."
17532,B2,everyday,5.000,5,5,5,,0,,Everything has changed since last year.
19197,B2,everyday,5.000,5,5,5,,0,,"She said, 'I’ll take care of the bill.'"
21422,B2,everyday,5.000,5,5,5,,0,,"If I’m hungry, I’ll order a small meal."
21485,B2,everyday,5.000,5,5,5,,0,,I believe this house is perfect for us.
98,B2,everyday,5.000,5,5,5,,0,,People use apps for everything nowadays.
7536,B2,everyday,5.000,5,5,5,,0,,The warm atmosphere made everyone happy.
9247,B2,everyday,5.000,5,5,5,,0,,She called me to say she’s running late.
9472,B2,everyday,5.000,5,5,5,,0,,"If you visit us, you’ll be very welcome."
10140,B2,everyday,5.000,5,5,5,,0,,"If I had a car, I wouldn’t ride the bus."
12893,B2,everyday,5.000,5,5,5,,0,,"If you try, you might surprise yourself."
13590,B2,everyday,5.000,5,5,5,,0,always complaining — high-frequency idiom,He’s always complaining about something.
16278,B2,everyday,5.000,5,5,5,,0,,I walked past the shop but didn’t go in.
16976,B2,everyday,5.000,5,5,5,,0,,She stopped writing when the phone rang.
18193,B2,everyday,5.000,5,5,5,,0,,The children were playing near the pool.
18492,B2,everyday,5.000,5,5,5,,0,,Tell me about the problem you’re facing.
18580,B2,everyday,5.000,5,5,5,,0,,I don’t think I’ll ever forget this day.
19138,B2,everyday,5.000,5,5,5,,0,,"If I love someone, I tell them honestly."
20282,B2,everyday,5.000,5,5,5,,0,,I prefer reading e-books to paper books.
20655,B2,everyday,5.000,5,5,5,,0,,She didn’t even look at me when I spoke.
2129,B2,everyday,5.000,5,5,5,,0,,I need to minimize my workload this week.
5222,B2,everyday,5.000,5,5,5,,0,,There was a delay in getting the results.
5541,B2,everyday,5.000,5,5,5,,0,,She instructed me to turn off the lights.
6205,B2,everyday,5.000,5,5,5,,0,,They transferred her to another hospital.
7061,B2,everyday,5.000,5,5,5,,0,,The cost of living continues to increase.
7936,B2,everyday,5.000,5,5,5,,0,,He diagnosed the pain as a muscle strain.
8042,B2,everyday,5.000,5,5,5,,0,,I saw a distant figure walking toward us.
11399,B2,everyday,5.000,5,5,5,,0,,I bought this phone from an online store.
16968,B2,everyday,5.000,5,5,5,,0,stopped smoking to improve health — universal purpose clause,He stopped smoking to improve his health.
19199,B2,everyday,5.000,5,5,5,,0,,The bill was paid online through the app.
20919,B2,everyday,5.000,5,5,5,,0,,The idea came to me while I was sleeping.
4835,B2,everyday,5.000,5,5,5,,0,picked up a bad habit — very common idiom,He picked up a bad habit from his friends.
9446,B2,everyday,5.000,5,5,5,,0,,Is there a reason you didn’t call me back?
9739,B2,everyday,5.000,5,5,5,,0,,She said she would call me this afternoon.
15184,B2,everyday,5.000,5,5,5,,0,,"She’s hiding something from us, isn’t she?"
16054,B2,everyday,5.000,5,5,5,,0,,I don’t know what this object is used for.
21370,B2,everyday,5.000,5,5,5,,0,,I’ll meet you in half an hour at the park.
5740,B2,everyday,5.000,5,5,5,,0,,She wasn’t sure whether to proceed or wait.
7324,B2,everyday,5.000,5,5,5,,0,,The house was a mess after the guests left.
8091,B2,everyday,5.000,5,5,5,,0,,She avoids products that irritate her skin.
10069,B2,everyday,5.000,5,5,5,,0,,I saw someone wearing your shirt yesterday.
13534,B2,everyday,5.000,5,5,5,,0,,There’s a lot of traffic on the road today.
14245,B2,everyday,5.000,5,5,5,,0,,I’m looking for a place to rent next month.
15448,B2,everyday,5.000,5,5,5,,0,,I’ve been using this camera for five years.
16248,B2,everyday,5.000,5,5,5,,0,,I wish I could be somewhere else right now.
16928,B2,everyday,5.000,5,5,5,,0,,I’ve been craving a sandwich since morning.
18415,B2,everyday,5.000,5,5,5,,0,,"If you don’t believe in yourself, who will?"
19398,B2,everyday,5.000,5,5,5,,0,,Make sure you lock the door before leaving.
1790,B2,everyday,5.000,5,5,5,,0,,The default language on this app is English.
5112,B2,everyday,5.000,5,5,5,,0,,I couldn’t find my phone anywhere yesterday.
9402,B2,everyday,5.000,5,5,5,,0,,She was reading at the table when I arrived.
9838,B2,everyday,5.000,5,5,5,,0,,I often think about the past when I’m alone.
9964,B2,everyday,5.000,5,5,5,,0,,"If I cook tonight, will you wash the dishes?"
10403,B2,everyday,5.000,5,5,5,,0,,"If you close the window, it will get warmer."
10737,B2,everyday,5.000,5,5,5,,0,,"Now that I think about it, I agree with you."
12171,B2,everyday,5.000,5,5,5,,0,,I’ve been feeling sick since winter started.
12697,B2,everyday,5.000,5,5,5,,0,,I don’t have enough money to buy that phone.
13346,B2,everyday,5.000,5,5,5,,0,,It’s easy to forget things when you’re busy.
13668,B2,everyday,5.000,5,5,5,,0,,I heard a loud noise coming from downstairs.
13780,B2,everyday,5.000,5,5,5,,0,,I could have helped you if you had asked me.
16013,B2,everyday,5.000,5,5,5,,0,,"The car seems fine, but I’ll check it again."
18696,B2,everyday,5.000,5,5,5,,0,,I don’t eat much sugar because of my health.
1181,B2,everyday,5.000,5,5,5,,0,,I always calculate my budget before shopping.
8960,B2,everyday,5.000,5,5,5,,0,,Flying a small plane requires a lot of skill.
9607,B2,everyday,5.000,5,5,5,,0,,Have you ever bought something you regretted?
11602,B2,everyday,5.000,5,5,5,,0,spoke so quickly I didn't understand — result clause,He spoke so quickly that I didn’t understand.
12436,B2,everyday,5.000,5,5,5,,0,,Have you ever laughed so hard that you cried?
12595,B2,everyday,5.000,5,5,5,,0,,I’m not strong enough to lift this box alone.
13858,B2,everyday,5.000,5,5,5,,0,,"The tourist, who was lost, asked for my help."
14663,B2,everyday,5.000,5,5,5,,0,,I’m not the same person I was five years ago.
14808,B2,everyday,5.000,5,5,5,,0,,"I wish I could say it wasn’t true, but it is."
16233,B2,everyday,5.000,5,5,5,,0,,"If you don’t hurry, everyone else will leave."
17334,B2,everyday,5.000,5,5,5,,0,,I’d rather pay more than buy something cheap.
20024,B2,everyday,5.000,5,5,5,,0,,The information you gave me was very helpful.
20568,B2,everyday,5.000,5,5,5,,0,,"I’m sorry, but I have no choice but to leave."
756,B2,everyday,5.000,5,5,5,,0,,She kept her promise to visit her grandmother.
4831,B2,everyday,5.000,5,5,5,,0,,She picked up on his strange behavior quickly.
11988,B2,everyday,5.000,5,5,5,,0,,I wish I had a bottle of cold water right now.
12029,B2,everyday,5.000,5,5,5,,0,,Taking a bath helps me relax after a busy day.
14824,B2,everyday,5.000,5,5,5,,0,,The baby finally slept after crying for hours.
20100,B2,everyday,5.000,5,5,5,,0,,Maybe the doctor can see you tomorrow morning.
20698,B2,everyday,5.000,5,5,5,,0,,"If you go down this road, you’ll see the park."
7294,B2,everyday,5.000,5,5,5,,0,,Please clean up this mess before Mom gets home.
9747,B2,everyday,5.000,5,5,5,,0,,I’ll be busy cleaning the house this afternoon.
12047,B2,everyday,5.000,5,5,5,,0,,She speaks so fast that I can’t understand her.
14001,B2,everyday,5.000,5,5,5,,0,,Tell me the details of what happened yesterday.
14447,B2,everyday,5.000,5,5,5,,0,,The restaurant where we ate was very expensive.
15282,B2,everyday,5.000,5,5,5,,0,,"If you laugh too much, your stomach might hurt!"
16674,B2,everyday,5.000,5,5,5,,0,,Is there enough food for everyone at the party?
17152,B2,everyday,5.000,5,5,5,,0,,She told me to wait next to the ticket counter.
18503,B2,everyday,5.000,5,5,5,,0,,Is there a difference between these two phones?
18945,B2,everyday,5.000,5,5,5,,0,,"If you decorate it, the house will look pretty."
20260,B2,everyday,5.000,5,5,5,,0,,Please don’t open my letter without permission.
14242,B2,everyday,5.000,5,5,5,,0,,"If I were you, I’d choose a safer place to live."
16896,B2,everyday,5.000,5,5,5,,0,,I dream of living near a quiet mountain one day.
18548,B2,everyday,5.000,5,5,5,,0,,The store we’re shopping at has great discounts.
1907,B2,everyday,5.000,5,5,5,,0,,"If you squeeze the balloon too hard, it will pop."
9538,B2,everyday,5.000,5,5,5,,0,,"I’ve only met him a few times, but he seems nice."
10023,B2,everyday,5.000,5,5,5,,0,,Having a supportive partner is important in life.
17740,B2,everyday,5.000,5,5,5,,0,,"She told me, 'I plan to move to a new city soon.'"
9441,B2,everyday,5.000,5,5,5,,0,,I don’t understand the reason behind his decision.
10471,B2,everyday,5.000,5,5,5,,0,,I saw a teenager running in the park this morning.
10685,B2,everyday,5.000,5,5,5,,0,,She uses body language to communicate with others.
10715,B2,everyday,5.000,5,5,5,,0,,I’ll wait for you on the other side of the street.
11739,B2,everyday,5.000,5,5,5,,0,,I’ll buy a ticket as soon as I get to the station.
18438,B2,everyday,5.000,5,5,5,,0,,"If I had known, I would have called you yesterday."
21406,B2,everyday,5.000,5,5,5,,0,,She said she had a problem with her hotel booking.
1887,B2,everyday,5.000,5,5,5,,0,,I try to think of happy things to avoid nightmares.
4266,B2,everyday,5.000,5,5,5,,0,,She showed no emotion whatsoever during the speech.
12281,B2,everyday,5.000,5,5,5,,0,,"If you're lost, why not ask someone for directions?"
17281,B2,everyday,5.000,5,5,5,,0,,I often read reviews before buying anything online.
13881,B2,everyday,5.000,5,5,5,,0,,I’m trying to picture what the house will look like.
14906,B2,everyday,5.000,5,5,5,,0,,"If you had to describe yourself, what would you say?"
15150,B2,everyday,5.000,5,5,5,,0,,He didn’t realize his mistake until it was too late.
16643,B2,everyday,5.000,5,5,5,,0,,They have been waiting for the bus for over an hour.
11383,B2,everyday,5.000,5,5,5,,0,,She rolled her eyes when he told the same joke again.
12894,B2,everyday,5.000,5,5,5,,0,,"I tried explaining the problem, but he didn’t listen."
6602,B2,everyday,5.000,5,5,5,,0,,I was so absorbed in the movie that I forgot the time.
9369,B2,everyday,5.000,5,5,5,,0,,"If I had more money, I would buy that expensive jacket."
14641,B2,everyday,5.000,5,5,5,,0,,"If I had to choose, my favourite dessert would be cake."
20563,B2,everyday,5.000,5,5,5,,0,,There’s no time to waste if we want to catch the train.
13285,B2,everyday,5.000,5,5,5,,0,,"If you miss the bus, the second one comes in 10 minutes."
20140,B2,everyday,5.000,5,5,5,,0,,She doesn’t drink milk because she’s lactose intolerant.
9818,B2,everyday,5.000,5,5,5,,0,,I hope I don’t break anything while moving the furniture.
15294,B2,everyday,5.000,5,5,5,,0,,I’ve been laughing all day because of that silly mistake.
21493,B2,everyday,5.000,5,5,5,,0,,"If the rumor is false, why are people still talking about it?"
20482,B2,health,4.600,5,4,5,,0,,"My girlfriend, who is a doctor, works late."
73,B2,health,4.600,5,4,5,,0,,"Nowadays, people care more about their health."
21196,B2,health,4.600,5,4,5,,0,,Taking part in sports is great for your health.
2524,B2,health,4.800,5,5,4,,0,,Something in my gut feels wrong.
15881,B2,health,4.800,5,5,4,,0,,"The surgery costs a lot, doesn’t it?"
6867,B2,health,4.800,5,5,4,,0,,The poison was colorless and odorless.
10831,B2,health,5.000,5,5,5,,0,,I hope it gets better soon.
1853,B2,health,5.000,5,5,5,,0,,The nightmare felt so real to me.
13917,B2,health,5.000,5,5,5,,0,,"She said, ‘I need a holiday soon.’"
15661,B2,health,5.000,5,5,5,,0,,Is it healthy to drink soda often?
16935,B2,health,5.000,5,5,5,,0,,He didn’t come because he was sick.
19077,B2,health,5.000,5,5,5,,0,,I wish I could swim as well as you.
8967,B2,health,5.000,5,5,5,,0,,I felt dizzy after flying for hours.
994,B2,health,5.000,5,5,5,,0,,She fully recovered from her illness.
3166,B2,health,5.000,5,5,5,,0,,She suspects that her friend is upset.
6196,B2,health,5.000,5,5,5,,0,,They are building a new hospital here.
6217,B2,health,5.000,5,5,5,,0,,They renovated the hospital last year.
1884,B2,health,5.000,5,5,5,,0,,I had a nightmare after hearing bad news.
7911,B2,health,5.000,5,5,5,,0,,It’s hard to diagnose some diseases early.
18424,B2,health,5.000,5,5,5,,0,,Don’t compare yourself to others too much.
7943,B2,health,5.000,5,5,5,,0,,The vet diagnosed my cat with an infection.
11211,B2,health,5.000,5,5,5,,0,,There’s a question I need to ask the doctor.
19367,B2,health,5.000,5,5,5,,0,,She asked if I knew any doctors in the area.
20109,B2,health,5.000,5,5,5,,0,,I wonder if maybe she’s feeling unwell today.
7922,B2,health,5.000,5,5,5,,0,,The app helps diagnose simple health problems.
11006,B2,health,5.000,5,5,5,,0,,I won’t climb that mountain; it’s too dangerous.
3336,B2,technology,4.600,5,4,5,,0,,She observes the moon through a telescope.
16175,B2,technology,4.600,5,4,5,,0,,The computer program repeats the task automatically.
1905,B2,technology,4.800,5,5,4,,0,,The idea just popped into my head.
7564,B2,technology,5.000,5,5,5,,0,,Is this app safe to use?
16194,B2,technology,5.000,5,5,5,,0,,The computer crashed again today.
75,B2,technology,5.000,5,5,5,,0,,"Nowadays, I read news on my phone."
12889,B2,technology,5.000,5,5,5,,0,,They tried to fix the broken computer.
3185,B2,technology,5.000,5,5,5,,0,,They suspect a problem with the machine.
17006,B2,technology,5.000,5,5,5,,0,,"The app is free; however, it has many ads."
9228,B2,technology,5.000,5,5,5,,0,,Remember to look up the train schedule online.
9453,B2,technology,5.000,5,5,5,,0,,The reason for the problem is a technical error.
19289,B2,technology,5.000,5,5,5,,0,,The sound of the engine told me something was wrong.
17476,B2,education,4.800,5,5,4,,0,,I’m better off studying alone for this test.
7720,B2,education,4.800,5,5,4,,0,,The welfare of students is the teacher’s duty.
8614,B2,education,4.800,5,5,4,,0,,They broke ground for the new school building.
15521,B2,education,4.800,5,5,4,,0,,Using a dictionary helps improve my vocabulary.
16066,B2,education,4.800,5,5,4,,0,,The scientist studied the object under a microscope.
15766,B2,education,5.000,5,5,5,,0,,What does this phrase mean?
5593,B2,education,5.000,5,5,5,,0,,I suddenly forgot the answer.
1519,B2,education,5.000,5,5,5,,0,,She has doubts about her future.
6995,B2,education,5.000,5,5,5,,0,,The teacher pointed out my error.
17039,B2,education,5.000,5,5,5,,0,,I’m enjoying learning how to code.
20354,B2,education,5.000,5,5,5,,0,,I like the way you explain things.
10269,B2,education,5.000,5,5,5,,0,,Tell me how you solved the problem.
19378,B2,education,5.000,5,5,5,,0,,I’ll help them with their homework.
735,B2,education,5.000,5,5,5,,0,,I made a promise to study every day.
15538,B2,education,5.000,5,5,5,,0,,I usually do my homework in my room.
21309,B2,education,5.000,5,5,5,,0,,She said she wanted to study abroad.
4833,B2,education,5.000,5,5,5,,0,,I picked a random topic for my essay.
20094,B2,education,5.000,5,5,5,,0,,Maybe you can find the answer online.
20133,B2,education,5.000,5,5,5,,0,,She asked if I was ok after the exam.
1110,B2,education,5.000,5,5,5,,0,,She will pick up the language quickly.
3154,B2,education,5.000,5,5,5,,0,,She mentioned your name in her speech.
3448,B2,education,5.000,5,5,5,,0,,I’m interested in improving my skills.
11889,B2,education,5.000,5,5,5,,0,,I’m doing a project on climate change.
14630,B2,education,5.000,5,5,5,,0,,"If you fall behind, just ask for help."
20004,B2,education,5.000,5,5,5,,0,,It must be difficult to learn to code.
20409,B2,education,5.000,5,5,5,,0,,I’m struggling with this math problem.
14943,B2,education,5.000,5,5,5,,0,,Success doesn’t come without hard work.
17962,B2,education,5.000,5,5,5,,0,,She is learning how to build a website.
20214,B2,education,5.000,5,5,5,,0,,That lesson was harder than I expected!
4731,B2,education,5.000,5,5,5,,0,,Help me understand this difficult topic.
13544,B2,education,5.000,5,5,5,,0,,I’ve got a lot to learn about computers.
15493,B2,education,5.000,5,5,5,,0,,I love how you explain difficult topics.
19362,B2,education,5.000,5,5,5,,0,,I don’t think any of us know the answer.
20277,B2,education,5.000,5,5,5,,0,,Reading aloud improves my pronunciation.
9843,B2,education,5.000,5,5,5,,0,,I’ve learned a lot from my past mistakes.
11352,B2,education,5.000,5,5,5,,0,,I’ve always dreamed of becoming a doctor.
14321,B2,education,5.000,5,5,5,,0,,She was a little nervous before the exam.
16675,B2,education,5.000,5,5,5,,0,,She studied hard enough to pass the exam.
488,B2,education,5.000,5,5,5,,0,,It’s all right to make mistakes sometimes.
4106,B2,education,5.000,5,5,5,,0,,The workshop gave us practical experience.
9192,B2,education,5.000,5,5,5,,0,,"If he studies hard, he will pass the exam."
14470,B2,education,5.000,5,5,5,,0,,I’m looking for someone who speaks French.
18300,B2,education,5.000,5,5,5,,0,,I’m learning how to bathe a baby properly.
20211,B2,education,5.000,5,5,5,,0,,"During the lesson, my phone suddenly rang."
591,B2,education,5.000,5,5,5,,0,,I didn’t graduate because I missed classes.
608,B2,education,5.000,5,5,5,,0,,They didn’t graduate because of low grades.
1556,B2,education,5.000,5,5,5,,0,,He challenged himself to learn a new skill.
11831,B2,education,5.000,5,5,5,,0,,"If you are present, please raise your hand."
12488,B2,education,5.000,5,5,5,,0,,I’m so proud of my daughter’s achievements.
17470,B2,education,5.000,5,5,5,,0,,Don’t put off your homework until tomorrow.
20539,B2,education,5.000,5,5,5,,0,,"If you listen carefully, you’ll understand."
14674,B2,education,5.000,5,5,5,,0,,I don’t want to make the same mistake twice.
17793,B2,education,5.000,5,5,5,,0,,She said that she wanted to become a writer.
20050,B2,education,5.000,5,5,5,,0,,I wish I had started learning English early.
21375,B2,education,5.000,5,5,5,,0,,I’m not even half done with my homework yet.
21501,B2,education,5.000,5,5,5,,0,,Don’t trust websites with false information.
2575,B2,education,5.000,5,5,5,,0,,The coach outlined the strategy for the game.
12012,B2,education,5.000,5,5,5,,0,,I’ve been preparing for this exam for months.
13383,B2,education,5.000,5,5,5,,0,,The title of the article caught my attention.
16967,B2,education,5.000,5,5,5,,0,,I can’t stop thinking about my exam tomorrow.
18817,B2,education,5.000,5,5,5,,0,,Don’t worry about the result; just try again.
15788,B2,education,5.000,5,5,5,,0,,He explained the phrase with a simple example.
12514,B2,education,5.000,5,5,5,,0,,I was surprised by how fast he learned English.
14008,B2,education,5.000,5,5,5,,0,,The teacher asked for more details in my essay.
17268,B2,education,5.000,5,5,5,,0,,"If you read more, your vocabulary will improve."
12007,B2,education,5.000,5,5,5,,0,,Studying all night before an exam is a bad idea.
19664,B2,education,5.000,5,5,5,,0,,I’m not the type of student who gives up easily.
10476,B2,education,5.000,5,5,5,,0,,"If I were a teenager again, I would study harder."
10683,B2,education,5.000,5,5,5,,0,,I have been learning this language for two years.
13772,B2,education,5.000,5,5,5,,0,,"If I had more time, I could learn a new language."
20725,B2,education,5.000,5,5,5,,0,,I hope I’m making the right choice for my future.
20571,B2,education,5.000,5,5,5,,0,,"No matter how hard I try, I can’t understand this."
2783,B2,education,5.000,5,5,5,,0,,She maintains her concentration even under pressure.
9908,B2,education,5.000,5,5,5,,0,,The science section in the newspaper is my favorite.
17844,B2,education,5.000,5,5,5,,0,,The teacher explained the difficult topic very well.
20197,B2,education,5.000,5,5,5,,0,,The teacher canceled the lesson because of the rain.
4087,B2,education,5.000,5,5,5,,0,,The teacher gave us some practical tips for studying.
4102,B2,education,5.000,5,5,5,,0,,The guidebook has practical information for tourists.
19537,B2,education,5.000,5,5,5,,0,,Studying at college is more difficult than high school.
11834,B2,education,5.000,5,5,5,,0,,She presented her research at the university last month.
14038,B2,education,5.000,5,5,5,,0,,She brought up an interesting topic during the discussion.
1915,B2,business,4.800,5,5,4,,0,,The question popped up during the meeting.
5303,B2,business,4.800,5,5,4,,0,,There was a surge in prices after the holiday.
15336,B2,business,4.800,5,5,4,,0,,We’re not on the same page about this project.
2585,B2,business,4.800,5,5,4,,0,,The presentation outlines the project timeline.
14375,B2,business,4.800,5,5,4,,0,,I hope we’re on the right track with this plan.
7318,B2,business,4.800,5,5,4,,0,,"The instructions were a mess, so I got confused."
21495,B2,business,4.800,5,5,4,,0,,I don’t want to give a false impression of myself.
11174,B2,business,4.800,5,5,4,,0,,The rumors about the project flew around the office.
11910,B2,business,4.800,5,5,4,,0,,They warmed to the idea after I explained the benefits.
16709,B2,business,4.800,5,5,4,,0,,The manager asked tough questions during the interview.
13330,B2,business,5.000,5,5,5,,1,,Finding a job here isn’t easy at all.
10034,B2,business,5.000,5,5,5,,0,late for the meeting — extremely high frequency,He’s late for the meeting.
1542,B2,business,5.000,5,5,5,,0,,He wrote the letter himself.
9717,B2,business,5.000,5,5,5,,0,,They are on a strict budget.
6387,B2,business,5.000,5,5,5,,0,,I tracked my delivery online.
6817,B2,business,5.000,5,5,5,,0,,They want to find a shortcut.
7805,B2,business,5.000,5,5,5,,0,,They earn a living by farming.
11447,B2,business,5.000,5,5,5,,0,,She asked me for my full name.
20707,B2,business,5.000,5,5,5,,0,,She turned down the job offer.
2311,B2,business,5.000,5,5,5,,0,,They stole money from the shop.
19623,B2,business,5.000,5,5,5,,0,,I’ll leave the decision to you.
3416,B2,business,5.000,5,5,5,,0,,I hope the bank gives me a loan.
6814,B2,business,5.000,5,5,5,,0,,He will find it hard to explain.
19569,B2,business,5.000,5,5,5,,0,,I admire his dedication to work.
21443,B2,business,5.000,5,5,5,,0,,My job is very tiring sometimes.
7310,B2,business,5.000,5,5,5,,0,,The papers on my desk are a mess.
8637,B2,business,5.000,5,5,5,,0,,The feedback was mostly positive.
13524,B2,business,5.000,5,5,5,,0,,I’d like to know why you’re late.
3413,B2,business,5.000,5,5,5,,0,used the loan to pay bills — practical finance,He used the loan to pay his bills.
7188,B2,business,5.000,5,5,5,,0,,I found a great hotel deal online.
7838,B2,business,5.000,5,5,5,,0,,He earns a living as a freelancer.
17433,B2,business,5.000,5,5,5,,0,,I’ll be at my desk if you need me.
19715,B2,business,5.000,5,5,5,,0,,Welcome! How can I help you today?
94,B2,business,5.000,5,5,5,,0,,Many people work remotely nowadays.
10679,B2,business,5.000,5,5,5,,0,,I’m studying a language for my job.
18634,B2,business,5.000,5,5,5,,0,,I will not be late for the meeting.
300,B2,business,5.000,5,5,5,,0,,He discarded the suggestion quickly.
2327,B2,business,5.000,5,5,5,,0,,They donated money to help the poor.
7018,B2,business,5.000,5,5,5,,0,,She explained the error to the team.
7822,B2,business,5.000,5,5,5,,0,,I earn a small income from my hobby.
7835,B2,business,5.000,5,5,5,,0,,They earn money by investing wisely.
9042,B2,business,5.000,5,5,5,,0,,I previously worked in a restaurant.
11878,B2,business,5.000,5,5,5,,0,,How do you manage your time so well?
13430,B2,business,5.000,5,5,5,,0,,She said nothing during the meeting.
13443,B2,business,5.000,5,5,5,,0,,I heard nothing about the new rules.
14116,B2,business,5.000,5,5,5,,0,,The subject of the email was urgent.
19489,B2,business,5.000,5,5,5,,0,,I wish you would listen to my ideas.
3400,B2,business,5.000,5,5,5,,0,,She signed the loan papers yesterday.
7816,B2,business,5.000,5,5,5,,0,,I hope to earn a promotion this year.
12296,B2,business,5.000,5,5,5,,0,,I was asked to explain the new rules.
16215,B2,business,5.000,5,5,5,,0,,I’m thinking it over before I decide.
18019,B2,business,5.000,5,5,5,,0,working under pressure — high utility idiom,He’s working under a lot of pressure.
20056,B2,business,5.000,5,5,5,,0,,Let’s meet early to discuss the plan.
2928,B2,business,5.000,5,5,5,,0,,I called the office to ask a question.
9007,B2,business,5.000,5,5,5,,0,,He beat the competition with his idea.
10735,B2,business,5.000,5,5,5,,0,,Let’s decide now before it’s too late.
10985,B2,business,5.000,5,5,5,,0,,I’m thinking of buying a black laptop.
11644,B2,business,5.000,5,5,5,,0,,We need a little more time to prepare.
12512,B2,business,5.000,5,5,5,,0,,"If you work fast, we can finish early."
12786,B2,business,5.000,5,5,5,,0,,How do you feel about the new project?
15887,B2,business,5.000,5,5,5,,0,,That decision cost him his reputation.
18045,B2,business,5.000,5,5,5,,0,lost his temper — very common idiom,He lost his temper during the meeting.
19089,B2,business,5.000,5,5,5,,0,,They can join us if they finish early.
19567,B2,business,5.000,5,5,5,,0,meeting was canceled — practical; keep,He said that his meeting was canceled.
3081,B2,business,5.000,5,5,5,,0,,The company supports inclusion at work.
7226,B2,business,5.000,5,5,5,,0,"uses tablet for online meetings — modern, universal",He uses his tablet for online meetings.
10177,B2,business,5.000,5,5,5,,0,,One problem with this plan is the cost.
14781,B2,business,5.000,5,5,5,,0,,I’m running out of time to finish this.
20333,B2,business,5.000,5,5,5,,0,,I’ve been meeting with clients all day.
10546,B2,business,5.000,5,5,5,,0,,Do you have much experience in teaching?
12193,B2,business,5.000,5,5,5,,0,,I wonder what you think about this idea.
12284,B2,business,5.000,5,5,5,,0,,Have you ever asked for a raise at work?
12819,B2,business,5.000,5,5,5,,0,,How did he get so rich in just one year?
15775,B2,business,5.000,5,5,5,,0,,Don’t use that phrase in formal writing.
16480,B2,business,5.000,5,5,5,,0,,I have been working late every Thursday.
20377,B2,business,5.000,5,5,5,,0,,The beginning of the meeting was boring.
20449,B2,business,5.000,5,5,5,,0,,I’m working on a new app for my company.
235,B2,business,5.000,5,5,5,,0,,The official email was sent this morning.
732,B2,business,5.000,5,5,5,,0,,She promises to finish the project today.
2330,B2,business,5.000,5,5,5,,0,,She invested her money in a new business.
8773,B2,business,5.000,5,5,5,,0,,She filed a lawsuit against her employer.
9689,B2,business,5.000,5,5,5,,0,,They did a great job on the presentation.
10248,B2,business,5.000,5,5,5,,0,,The company paid for her business flight.
11036,B2,business,5.000,5,5,5,,0,,"If you join early, you’ll get a discount."
12289,B2,business,5.000,5,5,5,,0,,They asked us to wait outside the office.
16404,B2,business,5.000,5,5,5,,0,,The museum staff were very helpful to us.
17917,B2,business,5.000,5,5,5,,0,,I’ve met many interesting people at work.
18743,B2,business,5.000,5,5,5,,0,,The report is full of useful information.
1159,B2,business,5.000,5,5,5,,0,,The deal is dead because of disagreements.
1983,B2,business,5.000,5,5,5,,0,,He dreams of a career in humanitarian aid.
6594,B2,business,5.000,5,5,5,,0,,The company absorbed the smaller business.
11581,B2,business,5.000,5,5,5,,0,,She told me to prepare a report by Friday.
16862,B2,business,5.000,5,5,5,,0,,He works as a professor at the university.
14202,B2,business,5.000,5,5,5,,0,,I’ll have a light snack before the meeting.
14715,B2,business,5.000,5,5,5,,0,,She left her old job to start a new career.
16423,B2,business,5.000,5,5,5,,0,,The product that I ordered arrived damaged.
16582,B2,business,5.000,5,5,5,,0,,"If you stay focused, you’ll finish on time."
17376,B2,business,5.000,5,5,5,,0,,Testing new ideas is important in business.
18055,B2,business,5.000,5,5,5,,0,,Losing this opportunity would be a mistake.
19437,B2,business,5.000,5,5,5,,0,,I’ll send a message to confirm the booking.
21371,B2,business,5.000,5,5,5,,0,,Half of my salary goes to rent every month.
2577,B2,business,5.000,5,5,5,,0,,She outlined the main topics of the meeting.
5747,B2,business,5.000,5,5,5,,0,,I think we should proceed with the proposal.
6621,B2,business,5.000,5,5,5,,0,,The budget absorbed the unexpected expenses.
10115,B2,business,5.000,5,5,5,,0,,My boss offered me a new project to work on.
11815,B2,business,5.000,5,5,5,,0,,Thanks for the update on the project status.
18081,B2,business,5.000,5,5,5,,0,,The schedule was changed at the last minute.
1313,B2,business,5.000,5,5,5,,0,,They blamed the manager for the bad decision.
4792,B2,business,5.000,5,5,5,,0,,They reached a critical point in the project.
6094,B2,business,5.000,5,5,5,,0,,The defect in the software needs to be fixed.
10773,B2,business,5.000,5,5,5,,0,,The company will post the job offer tomorrow.
15395,B2,business,5.000,5,5,5,,0,,She asked me when I would finish the project.
15658,B2,business,5.000,5,5,5,,0,,The date of the contract signing is tomorrow.
16421,B2,business,5.000,5,5,5,,0,,The company launched a new product last week.
17896,B2,business,5.000,5,5,5,,0,,I think he probably forgot about the meeting.
21030,B2,business,5.000,5,5,5,,0,been working on project for months — for/since classic,He’s been working on this project for months.
12112,B2,business,5.000,5,5,5,,0,,Paying that price is worth it for the quality.
12857,B2,business,5.000,5,5,5,,0,,I couldn’t follow what the speaker was saying.
18077,B2,business,5.000,5,5,5,,0,,The company changed its policy on remote work.
18741,B2,business,5.000,5,5,5,,0,,She gave me a full explanation of the problem.
9229,B2,business,5.000,5,5,5,,0,,I’m training to become a better public speaker.
9297,B2,business,5.000,5,5,5,,0,,The data shows an increase in sales this month.
10081,B2,business,5.000,5,5,5,,0,,"He doesn’t hate his job, but he wants a change."
12212,B2,business,5.000,5,5,5,,0,,"The worker said, 'I’ll finish this by evening.'"
13005,B2,business,5.000,5,5,5,,0,,Don’t carry all the responsibility by yourself.
14724,B2,business,5.000,5,5,5,,0,,I left a message for you with the receptionist.
15285,B2,business,5.000,5,5,5,,0,,She laughed nervously before giving her speech.
16244,B2,business,5.000,5,5,5,,0,,"If this doesn’t work, we’ll try something else."
17784,B2,business,5.000,5,5,5,,0,,The writer has finished three novels this year.
19522,B2,business,5.000,5,5,5,,0,,"If the data isn’t correct, we’ll have problems."
11631,B2,business,5.000,5,5,5,,0,,I’ve been working hard on this project all week.
11841,B2,business,5.000,5,5,5,,0,,Presenting in front of a crowd makes me nervous.
16680,B2,business,5.000,5,5,5,,0,,He didn’t work hard enough to get the promotion.
18385,B2,business,5.000,5,5,5,,0,,There is little time left to finish the project.
10031,B2,business,5.000,5,5,5,,0,,"She said, 'My partner will handle the paperwork.'"
10582,B2,business,5.000,5,5,5,,0,"feeling really stressed lately — direct quote, high frequency","He told me, 'I’m feeling really stressed lately.'"
12358,B2,business,5.000,5,5,5,,0,,"I’d prefer to meet in the afternoon, if possible."
12700,B2,business,5.000,5,5,5,,0,would have report ready by Friday — professional; keep,He said he would have the report ready by Friday.
13073,B2,business,5.000,5,5,5,,0,,The team completed the project ahead of schedule.
14554,B2,business,5.000,5,5,5,,0,,He asked about my past jobs during the interview.
17202,B2,business,5.000,5,5,5,,0,,I didn’t expect the meeting to be so interesting.
17423,B2,business,5.000,5,5,5,,0,,Sitting at a desk all day is bad for your health.
18518,B2,business,5.000,5,5,5,,0,,The agreement was made between the two companies.
20402,B2,business,5.000,5,5,5,,0,,I need to speak with the manager about the issue.
20570,B2,business,5.000,5,5,5,,0,,"If there’s no solution, we’ll have to start over."
14668,B2,business,5.000,5,5,5,,0,,"If we work together, we can achieve the same goal."
16558,B2,business,5.000,5,5,5,,0,,The customer’s order was delivered late yesterday.
20052,B2,business,5.000,5,5,5,,0,,They decided to retire early due to health issues.
8917,B2,business,5.000,5,5,5,,0,,She tried to persuade her boss to give her a raise.
10018,B2,business,5.000,5,5,5,,0,,"If I had a partner, I would start a small business."
4601,B2,business,5.000,5,5,5,,0,,He explained the implementation process to the team.
16523,B2,business,5.000,5,5,5,,0,,The conversation at the meeting was very productive.
17396,B2,business,5.000,5,5,5,,0,,The project must be finished by the end of the week.
12741,B2,business,5.000,5,5,5,,0,,I’m not sure if there’s any time left to finish this.
15148,B2,business,5.000,5,5,5,,0,,She corrected her mistake before submitting the form.
13778,B2,business,5.000,5,5,5,,0,,She couldn’t come to the meeting because she was sick.
18453,B2,business,5.000,5,5,5,,0,,I had already finished my work by yesterday afternoon.
17459,B2,business,5.000,5,5,5,,0,,The company’s profits have fallen sharply this quarter.
18932,B2,business,5.000,5,5,5,,0,,The bank statement shows all my transactions this month.
20813,B2,business,5.000,5,5,5,,0,,There is a big difference in price between the two cars.
11613,B2,business,5.000,5,5,5,,0,,Let’s quickly review the numbers before the presentation.
8554,B2,business,5.000,5,5,5,,0,,The conference featured speakers from a variety of fields.
17407,B2,business,5.000,5,5,5,,0,,Don’t forget to submit your report by the end of the week!
13181,B2,business,5.000,5,5,5,,0,,Please bring your laptop and also a notebook to the meeting.
724,B2,social,5.000,5,5,5,,0,,I broke my promise to her.
1521,B2,social,5.000,5,5,5,,0,,It is unclear who will win.
1279,B2,social,5.000,5,5,5,,0,,I don't want to blame anyone.
5580,B2,social,5.000,5,5,5,,0,,She suddenly shouted my name.
9235,B2,social,5.000,5,5,5,,0,,I will call you when I arrive.
9700,B2,social,5.000,5,5,5,,0,,She is on the phone right now.
11882,B2,social,5.000,5,5,5,,0,,I do believe we’ve met before.
10904,B2,social,5.000,5,5,5,,0,,How long has she been a dancer?
21017,B2,social,5.000,5,5,5,,0,,They laughed at my funny story.
737,B2,social,5.000,5,5,5,,0,,Promise me you won’t tell anyone.
1289,B2,social,5.000,5,5,5,,0,,I can't blame you for being upset.
5668,B2,social,5.000,5,5,5,,0,,Their disagreement lasted for days.
7625,B2,social,5.000,5,5,5,,0,,I decided to switch my career path.
10417,B2,social,5.000,5,5,5,,0,,"No, I don’t want to go out tonight."
10306,B2,social,5.000,5,5,5,,0,,I’m meeting a friend online tonight.
13367,B2,social,5.000,5,5,5,,0,,Isn’t it sad when friends move away?
20036,B2,social,5.000,5,5,5,,0,,She left the party early last night.
3187,B2,social,5.000,5,5,5,,0,,I suspect she is planning a surprise.
9149,B2,social,5.000,5,5,5,,0,,She talks as if she knows everything.
10092,B2,social,5.000,5,5,5,,0,,"I hate to say this, but you’re wrong."
16354,B2,social,5.000,5,5,5,,0,,Have you ever traveled far from home?
19706,B2,social,5.000,5,5,5,,0,,She didn’t feel welcome at the party.
20136,B2,social,5.000,5,5,5,,0,,I’ll be ok as long as you’re with me.
7969,B2,social,5.000,5,5,5,,0,,She rejected his invitation to dinner.
12386,B2,social,5.000,5,5,5,,0,,She said she will meet us at the cafe.
19261,B2,social,5.000,5,5,5,,0,,I want to be a person everyone trusts.
730,B2,social,5.000,5,5,5,,0,,They made a promise to help each other.
6575,B2,social,5.000,5,5,5,,0,,He discussed sexuality with his family.
8644,B2,social,5.000,5,5,5,,0,,The results were surprisingly positive.
11763,B2,social,5.000,5,5,5,,0,,Hope can make a big difference in life.
12397,B2,social,5.000,5,5,5,,0,,I will always remember your kind words.
5151,B2,social,5.000,5,5,5,,0,,They had a romantic dinner by the beach.
11317,B2,social,5.000,5,5,5,,0,,She nodded and said yes to the proposal.
14561,B2,social,5.000,5,5,5,,0,,Do you want to have lunch with me today?
12811,B2,social,5.000,5,5,5,,0,,"If I were rich, I would travel the world."
20334,B2,social,5.000,5,5,5,,0,,The person I met yesterday was very kind.
16161,B2,social,5.000,5,5,5,,0,,Please don’t repeat what I said to anyone.
17695,B2,social,5.000,5,5,5,,0,,I ordered a cake online for the celebration.
8878,B2,social,5.000,5,5,5,,0,,It’s hard to persuade her to change her mind.
10857,B2,social,5.000,5,5,5,,0,,"If we buy a large car, we can travel together."
17148,B2,social,5.000,5,5,5,,0,,The man next to me on the train was very kind.
8892,B2,social,5.000,5,5,5,,0,,They persuaded the group to vote for their idea.
9916,B2,social,5.000,5,5,5,,0,,The comments section online is full of opinions.
12449,B2,social,5.000,5,5,5,,0,,I’ve never laughed as much as I did on that trip.
17406,B2,social,5.000,5,5,5,,0,,"My phone broke last week, so I couldn’t call you."
17883,B2,social,5.000,5,5,5,,0,,Do you think you'll be able to join us for dinner?
7090,B2,social,5.000,5,5,5,,0,,They decided to separate after many years together.
8881,B2,social,5.000,5,5,5,,0,,I’m trying to persuade my boss to give me a day off.
8884,B2,social,5.000,5,5,5,,0,,She finally persuaded her parents to buy her a phone.
13893,B2,social,5.000,5,5,5,,0,,The picture was shared by thousands of people online.
8900,B2,social,5.000,5,5,5,,0,,She persuaded her friend to apologize for the mistake.
12235,B2,social,5.000,5,5,5,,0,,"If the event starts at 1 o'clock, we should leave now."
5664,B2,social,5.000,5,5,5,,0,,Our disagreement started because of a misunderstanding.
14721,B2,environment,4.600,5,4,5,,0,,We left the city to live in the countryside.
14935,B2,environment,4.600,5,4,5,,0,,Watching the sunset at the beach is magical.
15985,B2,environment,4.600,5,4,5,,0,,She is drawing a beautiful sunset right now.
689,B2,environment,4.600,5,4,5,,0,,We are following the path through the forest.
6598,B2,environment,4.600,5,4,5,,0,,The black shirt absorbs more heat in the sun.
8051,B2,environment,4.600,5,4,5,,0,,We could see distant buildings from the hill.
8957,B2,environment,4.600,5,4,5,,0,,The birds were flying in a perfect formation.
6129,B2,environment,4.600,5,4,5,,0,,The bear is a powerful predator in the mountains.
18930,B2,environment,4.600,5,4,5,,0,,"Sitting on the river bank, we enjoyed the sunset."
12771,B2,environment,4.600,5,4,5,,0,,"The animal, which was very small, hid under the bush."
10145,B2,environment,4.600,5,4,5,,0,,Riding through the mountains was an amazing experience.
10580,B2,environment,4.800,5,5,4,,0,,I can’t help feeling worried about the future.
20639,B2,environment,5.000,5,5,5,,1,,"Even though it was raining, we went out."
13607,B2,environment,5.000,5,5,5,,0,,I’m concerned about the future.
9010,B2,environment,5.000,5,5,5,,0,,The waves beat against the shore.
3305,B2,environment,5.000,5,5,5,,0,,The wind will die down by evening.
10656,B2,environment,5.000,5,5,5,,0,,I saw a farmer working near the river.
13911,B2,environment,5.000,5,5,5,,0,,The holiday was ruined by bad weather.
2285,B2,environment,5.000,5,5,5,,0,,I’ve never experienced such hot weather.
12533,B2,environment,5.000,5,5,5,,0,,"If it’s cold outside, I always make soup."
12719,B2,environment,5.000,5,5,5,,0,,The newspaper says it will rain tomorrow.
16109,B2,environment,5.000,5,5,5,,0,,The day was so hot that we stayed inside.
18216,B2,environment,5.000,5,5,5,,0,,The park opposite my house is very quiet.
19309,B2,environment,5.000,5,5,5,,0,,The event was canceled due to bad weather.
1022,B2,environment,5.000,5,5,5,,0,,"The stadium has a capacity of 50,000 people."
3854,B2,environment,5.000,5,5,5,,0,,They make furniture from recycled materials.
13811,B2,environment,5.000,5,5,5,,0,,I wish I could see a real tiger in the wild.
9299,B2,environment,5.000,5,5,5,,0,,The weather forecast shows rain for tomorrow.
11905,B2,environment,5.000,5,5,5,,0,,It’s not warm enough to swim in the lake yet.
14749,B2,environment,5.000,5,5,5,,0,,The plane couldn’t land because of the storm.
17713,B2,environment,5.000,5,5,5,,0,,I saw a bear once while hiking in the forest.
2865,B2,environment,5.000,5,5,5,,0,,They found evidence of a murder in the forest.
19409,B2,environment,5.000,5,5,5,,0,,Make sure you check the weather before traveling.
12195,B2,environment,5.000,5,5,5,,0,,If only you could see how beautiful this place is!
16996,B2,environment,5.000,5,5,5,,0,,"The weather looks nice; however, it might rain later."
9214,B2,environment,5.000,5,5,5,,0,,The train journey through the mountains was beautiful.
16984,B2,environment,5.000,5,5,5,,0,,"I wanted to go to the park; however, it started raining."
13654,B2,culture,4.600,5,4,5,,0,,She said she saw a ghost last night.
16657,B2,culture,4.600,5,4,5,,0,,That scientist just won a big award!
4065,B2,culture,4.600,5,4,5,,0,,She wrote all the songs on the album.
5050,B2,culture,4.600,5,4,5,,0,,She is extremely talented at singing.
17970,B2,culture,4.600,5,4,5,,0,,Why did they build such a tall tower?
20188,B2,culture,4.600,5,4,5,,0,,Living in a small town has its charm.
4197,B2,culture,4.600,5,4,5,,0,,The biography describes his childhood.
4402,B2,culture,4.600,5,4,5,,0,,She is working on a plot for her book.
6824,B2,culture,4.600,5,4,5,,0,,She didn’t find the movie interesting.
8397,B2,culture,4.600,5,4,5,,0,,She entered an amateur poetry contest.
15097,B2,culture,4.600,5,4,5,,0,,She wrote a short story for her class.
4437,B2,culture,4.600,5,4,5,,0,,Tell me the plot of your favorite book.
5086,B2,culture,4.600,5,4,5,,0,,She has tremendous confidence on stage.
4195,B2,culture,4.600,5,4,5,,0,,She bought a biography at the bookstore.
4572,B2,culture,4.600,5,4,5,,0,,She wrote a book about cocktail recipes.
5185,B2,culture,4.600,5,4,5,,0,"surprised her with romantic picnic — vivid, natural",He surprised her with a romantic picnic.
8548,B2,culture,4.600,5,4,5,,0,,The city has a varied cultural heritage.
15974,B2,culture,4.600,5,4,5,,0,,"She draws very well, especially animals."
17287,B2,culture,4.600,5,4,5,,0,,She started a blog to share her recipes.
4064,B2,culture,4.600,5,4,5,,0,,The album reflects the artist’s emotions.
9532,B2,culture,4.600,5,4,5,,0,,Only a few people showed up to the event!
12483,B2,culture,4.600,5,4,5,,0,,My daughter can play the piano very well.
4451,B2,culture,4.600,5,4,5,,0,trained hard for karate — sports goal,He trained hard for the karate tournament.
4836,B2,culture,4.600,5,4,5,,0,,She picked a unique style for her artwork.
17549,B2,culture,4.600,5,4,5,,0,,This clock was a gift from my grandmother.
9891,B2,culture,4.600,5,4,5,,0,,That actor looks so different in real life!
16710,B2,culture,4.600,5,4,5,,0,,She was interviewed by a famous journalist.
18578,B2,culture,4.600,5,4,5,,0,,This is the best movie I have ever watched.
2418,B2,culture,4.600,5,4,5,,0,,She danced alongside her partner in the show.
10908,B2,culture,4.600,5,4,5,,0,,The dancer trained for years to be this good.
9919,B2,culture,4.600,5,4,5,,0,,That section of the movie was really exciting!
16330,B2,culture,4.600,5,4,5,,0,,The concert was broadcast live on the internet.
16885,B2,culture,4.600,5,4,5,,0,,She painted a beautiful mountain on her canvas.
18486,B2,culture,4.600,5,4,5,,0,,She loves the traditional music of her country.
4186,B2,culture,4.600,5,4,5,,0,,She wrote a biography of her grandmother’s life.
12620,B2,culture,4.600,5,4,5,,0,,She told me she saw a great show at the theatre.
13174,B2,culture,4.600,5,4,5,,0,,She sings beautifully and also plays the guitar.
16512,B2,culture,4.600,5,4,5,,0,,"My grandmother said, 'Always be kind to others.'"
18267,B2,culture,4.600,5,4,5,,0,,She told me she had never tasted chicken before.
601,B2,culture,4.600,5,4,5,,0,,She is the youngest person to ever graduate here.
20236,B2,culture,4.600,5,4,5,,0,,Saying bye to my childhood friends was emotional.
9616,B2,culture,4.600,5,4,5,,0,,"She’s buying a new dress for the party, isn’t she?"
13611,B2,culture,4.600,5,4,5,,0,,She is working on a new painting for the art show.
13853,B2,culture,4.600,5,4,5,,0,,Don’t act like a typical tourist; try to blend in.
14693,B2,culture,4.600,5,4,5,,0,,"The art centre, which is new, offers free classes."
13630,B2,culture,4.600,5,4,5,,0,,Let’s try painting something together this weekend.
9889,B2,culture,4.600,5,4,5,,0,,The actor trained for months to play that character.
13267,B2,culture,4.600,5,4,5,,0,,She said she couldn’t wait to try the new restaurant.
13880,B2,culture,4.600,5,4,5,,0,,The artist painted a stunning picture of the mountains.
13929,B2,culture,4.800,5,5,4,,0,,They welcomed us with open arms.
4397,B2,culture,4.800,5,5,4,,0,,The plot twists made the story better.
1921,B2,culture,4.800,5,5,4,,0,,The pop concert was amazing last night.
10454,B2,culture,4.800,5,5,4,,0,,"If you forget your lines, just improvise."
4411,B2,culture,4.800,5,5,4,,0,,The plot kept me interested until the end.
6627,B2,culture,4.800,5,5,4,,0,,The novel absorbed me from the first page.
557,B2,culture,4.800,5,5,4,,0,,They pray for healing after losing someone.
10350,B2,culture,4.800,5,5,4,,0,,The old traditions are starting to die out.
16176,B2,culture,4.800,5,5,4,,0,,I can’t believe history is repeating itself!
11965,B2,culture,4.800,5,5,4,,0,,The player’s performance impressed the audience.
17812,B2,culture,4.800,5,5,4,,0,,"If you spill salt, some people say it’s bad luck."
12625,B2,culture,4.800,5,5,4,,0,,The theatre in this city is famous for its history.
16990,B2,culture,4.800,5,5,4,,0,,"The movie was exciting; however, the ending was sad."
20824,B2,culture,4.800,5,5,4,,0,,The difference in culture shocked me when I moved here.
4371,B2,culture,4.800,5,5,4,,0,,The movie brings the characters’ stories together at the end.
9875,B2,culture,5.000,5,5,5,,0,,The show is beginning already!
9947,B2,culture,5.000,5,5,5,,0,,I’m not sure if I belong here.
1991,B2,culture,5.000,5,5,5,,0,,I saw a ghost in the old house.
5832,B2,culture,5.000,5,5,5,,0,,I record my memories in a diary.
4425,B2,culture,5.000,5,5,5,,0,,The plot surprised me in the end.
10262,B2,culture,5.000,5,5,5,,0,,"Tell me, did you enjoy the movie?"
10379,B2,culture,5.000,5,5,5,,0,,I painted a picture for my friend.
15484,B2,culture,5.000,5,5,5,,0,,They loved the concert last night.
14346,B2,culture,5.000,5,5,5,,0,,The truth will come out eventually.
13370,B2,culture,5.000,5,5,5,,0,,The sad song reminded me of my past.
17320,B2,culture,5.000,5,5,5,,0,,The tickets were surprisingly cheap.
14243,B2,culture,5.000,5,5,5,,0,,The place where we met is now a café.
9593,B2,culture,5.000,5,5,5,,0,,I’ve read all the books on this shelf.
12539,B2,culture,5.000,5,5,5,,0,,The soup that she made was very spicy.
4080,B2,culture,5.000,5,5,5,,0,,The album brings back so many memories.
9846,B2,culture,5.000,5,5,5,,0,,The past can teach us important lessons.
10375,B2,culture,5.000,5,5,5,,0,,"If I had time, I would paint more often."
10951,B2,culture,5.000,5,5,5,,0,,I started painting as a hobby last year.
11797,B2,culture,5.000,5,5,5,,0,,Thanks for the gift; it’s so thoughtful!
14976,B2,culture,5.000,5,5,5,,0,,The old man told us a fascinating story.
15475,B2,culture,5.000,5,5,5,,0,,I’m ready to try anything new this year.
19845,B2,culture,5.000,5,5,5,,0,,The story took a dark turn unexpectedly.
13034,B2,culture,5.000,5,5,5,,0,,The best part of the movie was the ending.
13984,B2,culture,5.000,5,5,5,,0,,Tell me about the culture of your country.
9175,B2,culture,5.000,5,5,5,,0,,I wish I were better at cooking spicy food.
9880,B2,culture,5.000,5,5,5,,0,,The actor forgot his lines during the play.
9767,B2,culture,5.000,5,5,5,,0,,I guess this is the right way to the museum.
10632,B2,culture,5.000,5,5,5,,0,,I didn’t expect to finish first in the race.
11727,B2,culture,5.000,5,5,5,,0,,I’m so excited to get a ticket for the game!
13633,B2,culture,5.000,5,5,5,,0,,I wish I could afford that amazing painting!
15075,B2,culture,5.000,5,5,5,,0,,She gave me a cold look when I arrived late.
20041,B2,culture,5.000,5,5,5,,0,,"If you arrive early, you’ll get a good seat."
18823,B2,culture,5.000,5,5,5,,0,,"The result, which was unexpected, shocked us."
14035,B2,culture,5.000,5,5,5,,0,,I’m bringing my camera to capture the scenery.
15465,B2,culture,5.000,5,5,5,,0,,Tell me anything you remember about the event.
16875,B2,culture,5.000,5,5,5,,0,,The university was founded over 100 years ago.
9951,B2,culture,5.000,5,5,5,,0,,I’ve never seen anything like this here before.
13970,B2,culture,5.000,5,5,5,,0,,Living away from home teaches you independence.
18583,B2,culture,5.000,5,5,5,,0,,I wonder if I’ll ever learn to play the guitar.
19456,B2,culture,5.000,5,5,5,,0,,"If it doesn’t rain, we will enjoy the festival."
19669,B2,culture,5.000,5,5,5,,0,,Isn’t this the type of book you wanted to read?
11713,B2,culture,5.000,5,5,5,,0,,I’ve been interested in art since I was a child.
11228,B2,culture,5.000,5,5,5,,0,,The question he asked made everyone think deeply.
11587,B2,culture,5.000,5,5,5,,0,,They prepared a traditional dish for the festival.
15028,B2,culture,5.000,5,5,5,,0,,The movie started late because of technical issues.
13471,B2,culture,5.000,5,5,5,,0,,She asked me to check whether the event was canceled.
13857,B2,culture,5.000,5,5,5,,0,,"If I were a tourist here, I’d visit the old town first."
14609,B2,culture,5.000,5,5,5,,0,,"I thought the book was boring, but the ending was great."
8905,B2,culture,5.000,5,5,5,,0,,I'm going to try to persuade my sister to come to the concert.
13637,B2,emergency,5.000,5,5,5,,0,,She didn’t see the car coming.
7075,B2,emergency,5.000,5,5,5,,0,,The risk will increase if we wait.
11877,B2,emergency,5.000,5,5,5,,0,,I’ll do whatever I can to help you.
5079,B2,emergency,5.000,5,5,5,,0,,They survived in extreme conditions.
389,B2,emergency,5.000,5,5,5,,0,,Structural safety is the top priority.
7854,B2,emergency,5.000,5,5,5,,0,,There was a big earthquake last night.
11680,B2,emergency,5.000,5,5,5,,0,,There was an accident near the bridge.
18364,B2,emergency,5.000,5,5,5,,0,,She saved my life during the accident.
6874,B2,emergency,5.000,5,5,5,,0,,They needed an antidote for the poison.
16581,B2,emergency,5.000,5,5,5,,0,,She stayed calm even during the crisis.
16838,B2,emergency,5.000,5,5,5,,0,,They sent us a warning about the storm.
8959,B2,emergency,5.000,5,5,5,,0,,I don’t like flying when it’s turbulent.
15461,B2,emergency,5.000,5,5,5,,0,,"If anything happens, call me immediately."
19299,B2,emergency,5.000,5,5,5,,0,,Hearing that sound again made me nervous.
15190,B2,emergency,5.000,5,5,5,,0,,There must be something we can do to help.
21074,B2,emergency,5.000,5,5,5,,0,,"If you cross that line, you might get hurt."
14014,B2,emergency,5.000,5,5,5,,0,,"If you miss a detail, it could be dangerous."
7856,B2,emergency,5.000,5,5,5,,0,,I felt the ground shake during the earthquake.
12753,B2,emergency,5.000,5,5,5,,0,,"I don’t want any trouble, so let’s be careful."
18161,B2,emergency,5.000,5,5,5,,0,,There might be a delay in the flight schedule.
21385,B2,emergency,5.000,5,5,5,,0,,Half the forest was destroyed by the wildfire.
14704,B2,emergency,5.000,5,5,5,,0,,"If I were lost, I’d head to the visitor centre."
19259,B2,emergency,5.000,5,5,5,,0,,"If someone asks for help, I'll try to help them."
13308,B2,emergency,5.000,5,5,5,,0,,"If you lose your passport, report it immediately."
20057,B2,emergency,5.000,5,5,5,,0,,The early signs of illness should not be ignored.
18223,B2,emergency,5.000,5,5,5,,0,,The tree opposite my window fell during the storm.
18410,B2,emergency,5.000,5,5,5,,0,,Have you ever found yourself lost while traveling?
2244,B2,emergency,5.000,5,5,5,,0,,Investigators are looking into the cause of the fire.
13684,B2,emergency,5.000,5,5,5,,0,,I saw someone suspicious downstairs near the entrance.
19186,B2,emergency,5.000,5,5,5,,0,,"If you don’t pay the bill, they will cut off the water."
3957,B2,civic,4.600,5,4,5,,0,keep,A criminal gang is active in this area.
4993,B2,civic,4.600,5,4,5,,0,,The community united to celebrate peace.
11121,B2,civic,4.600,5,4,5,,0,keep,A plane crashed near the city last year.
10707,B2,civic,4.600,5,4,5,,0,,We should respect other people’s opinions.
11029,B2,civic,4.600,5,4,5,,0,joined army after school — natural sequence,He joined the army after finishing school.
3954,B2,civic,4.600,5,4,5,,0,,The criminal planned the robbery for weeks.
3977,B2,civic,4.600,5,4,5,,0,,The criminal's trial will start next month.
17919,B2,civic,4.600,5,4,5,,0,,Many of us are worried about the environment.
17004,B2,civic,4.600,5,4,5,,0,,"The city is crowded; however, it’s full of energy."
9282,B2,civic,4.600,5,4,5,,0,,The charity hopes to raise a million by next month.
15088,B2,civic,4.600,5,4,5,,0,,The cold weather last winter broke several records.
12314,B2,civic,4.600,5,4,5,,0,,The capital city usually has the main government buildings.
9011,B2,civic,4.800,5,5,4,,0,,They beat the system to get help.
1433,B2,civic,4.800,5,5,4,,0,,They can't enter without a warrant.
19592,B2,civic,4.800,5,5,4,,0,,I want to give back to my community.
3918,B2,civic,4.800,5,5,4,,0,,They banned advertising near schools.
3652,B2,civic,4.800,5,5,4,,0,,The mayor is improving public transport.
21502,B2,civic,4.800,5,5,4,,0,,The witness gave false evidence in court.
1432,B2,civic,4.800,5,5,4,,0,,The judge issued a warrant for his arrest.
1430,B2,civic,4.800,5,5,4,,0,,The police need a warrant to search your house.
1944,B2,civic,4.800,5,5,4,,0,,The humanitarian crisis needs urgent attention.
18773,B2,civic,4.800,5,5,4,,0,,The new highway cuts the journey by 10 kilometres.
19191,B2,civic,4.800,5,5,4,,0,,The government passed a new bill to protect the environment.
3933,B2,civic,5.000,5,5,5,,0,,I saw a criminal on the news today.
5824,B2,civic,5.000,5,5,5,,0,,They collect donations for charity.
8603,B2,civic,5.000,5,5,5,,0,,They searched the ground for clues.
13587,B2,civic,5.000,5,5,5,,0,,Have you heard about the new rules?
3883,B2,civic,5.000,5,5,5,,0,,Some countries ban certain websites.
3956,B2,civic,5.000,5,5,5,,0,,The criminal confessed to the crime.
4987,B2,civic,5.000,5,5,5,,0,,They united to protect their rights.
13442,B2,civic,5.000,5,5,5,,0,,Nothing will change if we don’t act.
21491,B2,civic,5.000,5,5,5,,0,,She gave a false name to the police.
3939,B2,civic,5.000,5,5,5,,0,,They found the criminal near the river.
1952,B2,civic,5.000,5,5,5,,0,,He donated money to a humanitarian fund.
17372,B2,civic,5.000,5,5,5,,0,,They test the water quality every month.
18027,B2,civic,5.000,5,5,5,,0,,"If you’re under 18, you need permission."
20930,B2,civic,5.000,5,5,5,,0,,The news came as a surprise to everyone.
2876,B2,civic,5.000,5,5,5,,0,,They are searching for the murder suspect.
3879,B2,civic,5.000,5,5,5,,0,,They want to ban plastic bags in the city.
11633,B2,civic,5.000,5,5,5,,0,,Finding a cheap house is really hard here.
16841,B2,civic,5.000,5,5,5,,0,,"If you send it now, it will arrive on time."
21467,B2,civic,5.000,5,5,5,,0,,They believe in protecting the environment.
7322,B2,civic,5.000,5,5,5,,0,,The argument created a huge mess between us.
9151,B2,civic,5.000,5,5,5,,0,,I talked to the police during the emergency.
18440,B2,civic,5.000,5,5,5,,0,,The shop I visited yesterday had great deals.
21204,B2,civic,5.000,5,5,5,,0,,"If you want to help, take part in the cleanup."
10782,B2,civic,5.000,5,5,5,,0,,"If you post it today, it might arrive tomorrow."
18302,B2,civic,5.000,5,5,5,,0,,The baby was taken to the doctor for a check-up.
213,B2,civic,5.000,5,5,5,,0,,The president made an official announcement today.
217,B2,civic,5.000,5,5,5,,0,,They published the official results of the election.
13472,B2,civic,5.000,5,5,5,,0,,"If you check the news, you’ll know what’s happening."
16328,B2,civic,5.000,5,5,5,,0,,They are organizing a charity concert to help the community.
383,B2,housing,4.500,5,5,5,379,1,,Structural issues delayed the project.
20851,B2,housing,4.500,5,5,5,12811,1,,"If I were rich, I’d buy a house near the sea."
342,B2,housing,4.600,5,4,5,,0,,This is my dream house.
15963,B2,housing,4.600,5,4,5,,0,,This house is for sale.
365,B2,housing,4.600,5,4,5,,0,,Structural repairs are very expensive.
12422,B2,housing,4.800,5,5,4,,0,,The shower head needs to be replaced soon.
2362,B2,housing,5.000,5,5,5,,0,,I borrowed a ladder from my neighbor.
13047,B2,housing,5.000,5,5,5,,0,,"If you come over, I’ll offer you a beer."
9477,B2,housing,5.000,5,5,5,,0,,They made us feel so welcome in their home.
20730,B2,housing,5.000,5,5,5,,0,,Finding the right apartment took us months.
14211,B2,housing,5.000,5,5,5,,0,,I don’t like sharing my bedroom with anyone.
17842,B2,housing,5.000,5,5,5,,0,,I didn’t realize how difficult moving houses could be.
11570,B2,travel,5.000,5,5,5,,0,,How do you prepare for a long trip?
20807,B2,travel,5.000,5,5,5,,0,,The key to a good trip is planning.
12352,B2,travel,5.000,5,5,5,,0,,Do you prefer traveling by train or by plane?
20944,B2,travel,5.000,5,5,5,,0,,They are traveling through Europe this summer.
3520,B2,travel,5.000,5,5,5,,0,,The ship arrived at the port early this morning.
17856,B2,travel,5.000,5,5,5,,0,,Is it important to book a hotel before traveling?
12261,B2,travel,5.000,5,5,5,,0,,They set off on their journey early in the morning.
11215,B2,travel,5.000,5,5,5,,0,,Let me know if you have any questions about the trip.
12240,B2,travel,5.000,5,5,5,,0,,The flight is scheduled for 9 o'clock in the morning.
18487,B2,numbers,5.000,5,5,5,,0,,The price of the ticket is too high.
12161,B2,numbers,5.000,5,5,5,,0,,I’m saving money for a winter vacation.
10246,B2,numbers,5.000,5,5,5,,0,,Our flight was cheaper than we expected.
1213,B2,numbers,5.000,5,5,5,,0,,She needs to calculate her travel expenses.
20649,B2,numbers,5.000,5,5,5,,0,,I can’t even afford a small trip this year.
17598,B2,numbers,5.000,5,5,5,,0,,She asked how much I had paid for the phone.
18591,B2,numbers,5.000,5,5,5,,0,,"If I ever win the lottery, I’ll travel the world."
2737,C1,civic,4.000,4,4,4,,0,,Civic awareness helps build better communities.
19720,C1,civic,4.000,4,4,4,,0,,Welcome changes are happening in our community.
7738,C1,civic,4.000,4,4,4,,0,,The government increased welfare funding this year.
3195,C1,civic,4.400,5,4,4,,0,,The police suspect foul play.
1307,C1,civic,4.400,5,4,4,,0,,"Blame the system, not the people."
5072,C1,civic,4.400,5,4,4,,0,,I don't support extreme measures.
8771,C1,civic,4.400,5,4,4,,0,,They are in the middle of a lawsuit.
4473,C1,civic,4.400,5,4,4,,0,,The tournament was full of surprises.
1431,C1,civic,4.400,5,4,4,,0,,Do you have a warrant for this arrest?
6624,C1,civic,4.400,5,4,4,,0,,His speech absorbed the crowd completely.
8608,C1,civic,4.400,5,4,4,,0,,They leveled the ground for the new park.
15248,C1,civic,4.400,5,4,4,,0,,The rule was changed after many complaints.
4001,C1,civic,4.400,5,4,4,,0,,The magistrate decided to postpone the hearing.
3955,C1,civic,4.400,5,4,4,,0,,They identified the criminal using DNA evidence.
6687,C1,civic,4.400,5,4,4,,0,,The judge listened to the prosecution carefully.
2903,C1,civic,4.400,5,4,4,,0,,They found fingerprints at the scene of the murder.
1435,C1,civic,4.400,5,4,4,,0,,She asked if there was a warrant out for her arrest.
546,C1,culture,4.400,5,4,4,,0,,Do you pray for forgiveness sometimes?
19174,C1,culture,4.400,5,4,4,,0,,I wish I could write a story like that.
3358,C1,culture,4.400,5,4,4,,0,,She observes the habits of wild animals.
6610,C1,culture,4.400,5,4,4,,0,,Her story absorbed everyone in the room.
4875,C1,culture,4.400,5,4,4,,0,,The way he explained it was so hilarious.
4857,C1,culture,4.400,5,4,4,,0,,She wrote a hilarious message in the card.
10916,C1,culture,4.400,5,4,4,,0,,The dancer’s performance was breathtaking.
4454,C1,culture,4.400,5,4,4,,0,,The winner of the tournament gets a trophy.
21345,C1,culture,4.400,5,4,4,,0,,The north star helps sailors find their way.
4846,C1,culture,4.400,5,4,4,,0,,The comedian’s show was absolutely hilarious.
4171,C1,culture,4.400,5,4,4,,0,,The historian explained the fall of an empire.
11374,C1,culture,4.400,5,4,4,,0,,The artist painted an eye that looked so real.
4223,C1,culture,4.600,5,4,5,,0,,The biography made me cry.
11689,C1,culture,4.600,5,4,5,,0,,She enjoys making art at home.
6969,C1,culture,4.600,5,4,5,,0,,I loved drawing during my childhood.
5715,C1,education,4.400,5,4,4,,0,,The teacher told us to proceed quietly.
1491,C1,education,4.400,5,4,4,,0,,There is little doubt that she is talented.
8914,C1,education,4.400,5,4,4,,0,,They persuaded the teacher to cancel the test.
20084,C1,education,4.400,5,4,4,,0,,"Without science, life would be very different."
671,C1,education,4.800,5,5,4,,0,,I’m not following what you’re saying.
20273,C1,education,4.800,5,5,4,,0,,Reading in a foreign language is challenging.
19721,C1,emergency,4.400,5,4,4,,0,,I welcomed her advice during the crisis.
8600,C1,emergency,4.400,5,4,4,,0,,The ground beneath us started to crumble.
19869,C1,emergency,4.400,5,4,4,,0,,Have you ever lost a card while traveling?
2535,C1,emergency,4.400,5,4,4,,0,,His gut instinct warned him about the danger.
14362,C1,emergency,4.600,5,4,5,,0,,She was right to call the doctor.
20844,C1,emergency,4.600,5,4,5,,0,,The sea was rough during the storm.
14010,C1,housing,4.400,5,4,4,,0,,She remembers every detail of her childhood home.
14625,C1,social,4.400,5,4,4,,0,,The truth behind the rumor is shocking.
5696,C1,social,4.400,5,4,4,,0,,Let’s not turn this into a disagreement.
8645,C1,social,4.400,5,4,4,,0,,He always sees the positive side of things.
10351,C1,social,4.400,5,4,4,,0,,I hope I don’t die before seeing the world.
6284,C1,social,4.400,5,4,4,,0,,I don’t know how to tell my crush I like them.
14636,C1,social,4.400,5,4,4,,0,,The real motive behind her actions is unknown.
17319,C1,social,4.400,5,4,4,,0,,Do you know any good cheap restaurants nearby?
20524,C1,social,4.800,5,5,4,,0,,"If I had known, I would have told you."
5468,C1,everyday,4.400,5,4,4,,0,,She gave me a hollow smile before leaving.
10940,C1,everyday,4.400,5,4,4,,0,,She told me she had seen the video before.
13403,C1,everyday,4.400,5,4,4,,0,,She doesn't like doing any kind of exercise.
18411,C1,everyday,4.400,5,4,4,,0,,Be yourself; everyone else is already taken.
5137,C1,everyday,4.400,5,4,4,,0,,I can’t find information about this anywhere.
14802,C1,everyday,4.400,5,4,4,,0,,Stay true to yourself no matter what happens.
9281,C1,everyday,4.400,5,4,4,,0,,A million ideas came to me while I was walking.
11526,C1,everyday,4.400,5,4,4,,0,,I have never seen such an elegant dress before.
15278,C1,everyday,4.400,5,4,4,,0,,He laughs so loudly that everyone turns to look.
4264,C1,everyday,4.400,5,4,4,,0,,There is no difference whatsoever between these two.
11902,C1,everyday,4.400,5,4,4,,0,,Her warm personality makes everyone feel comfortable.
3443,C1,everyday,4.600,5,4,5,,0,,I’m not interested in arguing.
1528,C1,everyday,4.600,5,4,5,,0,,I doubt we will see them again.
14612,C1,everyday,4.600,5,4,5,,0,,The car is parked behind the house.
10005,C1,everyday,4.600,5,4,5,,0,,Living in the south changed my life.
774,C1,everyday,4.600,5,4,5,,0,,I put the key in the palm of his hand.
14800,C1,everyday,4.600,5,4,5,,0,,A true friend always helps in tough times.
21036,C1,everyday,4.600,5,4,5,,0,,I will do everything possible to help you.
5954,C1,health,4.000,4,4,4,,0,,His spirit remains strong despite the challenges.
5866,C1,health,4.400,5,4,4,,0,,The doctor explained the operation to me.
1866,C1,health,4.400,5,4,4,,0,,The nightmare was so scary I couldn’t sleep.
13434,C1,health,4.600,5,4,5,,0,,Nothing is more important than health.
797,C1,environment,4.600,5,4,5,,0,,He held the tiny bird gently in his palm.
12580,C1,environment,4.600,5,4,5,,0,,The wind was so strong that it broke the window.
13801,C1,business,4.400,5,4,4,,0,,"I need a real solution, not just ideas."
5751,C1,business,4.400,5,4,4,,0,,They chose to proceed despite the risks.
19981,C1,business,4.400,5,4,4,,0,,You usually finish your work so quickly!
2041,C1,business,4.400,5,4,4,,0,,The two startups are discussing a merger.
9965,C1,business,4.400,5,4,4,,0,,The chef cooks better than anyone I know.
19393,C1,business,4.400,5,4,4,,0,,Let’s ask them for help with the project.
6107,C1,business,4.400,5,4,4,,0,,They recalled the product due to a defect.
13723,C1,business,4.400,5,4,4,,0,,The fact remains that we must work harder.
19819,C1,business,4.400,5,4,4,,0,,His ideas are completely opposite to mine.
3914,C1,business,4.400,5,4,4,,0,,The company banned personal emails at work.
12286,C1,business,4.400,5,4,4,,0,,He asked whether I had finished the report.
10074,C1,business,4.400,5,4,4,,0,,She said that your presentation was amazing.
19516,C1,business,4.400,5,4,4,,0,,We need the right tools to do this job well.
4646,C1,business,4.400,5,4,4,,0,,The evidence was insufficient to prove his guilt.
4668,C1,business,4.400,5,4,4,,0,,The funds are insufficient to start the business.
12594,C1,business,4.400,5,4,4,,0,,The company has a strong reputation in the market.
4594,C1,business,4.400,5,4,4,,0,,The implementation of the project took three months.
11807,C1,business,4.400,5,4,4,,0,,Thanks for sharing your ideas during the presentation.
21494,C1,business,4.400,5,4,4,,0,,The advertisement made false claims about the product.
9055,C1,business,4.600,5,4,5,,0,,He used to work at a bank.
10045,C1,business,5.000,5,5,5,,0,,Let’s focus on the main problem.
7789,C1,technology,3.600,4,3,4,,1,,Choose the right mode for your needs.
6087,C1,technology,4.000,4,4,4,,0,,A defect in the system caused the error.
358,C2,environment,4.400,5,4,4,,0,,The sculpture has a structural weakness.
20820,C2,education,4.200,5,4,3,,1,,I can see a clear difference in your English skills now!
562,C2,education,4.600,5,4,5,,0,,He will graduate soon.
18584,C2,education,4.600,5,4,5,,0,,Don’t ever give up on your dreams.
2017,C2,culture,4.000,5,3,4,,0,,The ghost moved through the wall.
2024,C2,culture,4.400,5,4,4,,0,,He claims he can talk to ghosts.
8363,C2,culture,4.400,5,4,4,,0,,He is an amateur at painting landscapes.
802,C2,culture,4.400,5,4,4,,0,,"He offered me a seed, holding it out on his palm."
17521,C2,culture,4.800,5,5,4,,0,,Not everything that glitters is gold.
14744,C2,emergency,4.400,5,4,4,,0,,"If you land here, call me immediately."
2857,C2,emergency,4.400,5,4,4,,0,,The murder shocked everyone in the neighborhood.
6322,C2,civic,4.400,5,4,4,,0,,They want to reform the rules.
3978,C2,civic,4.400,5,4,4,,0,,The magistrate entered the courtroom.
4591,C2,technology,3.600,4,3,4,,0,,The implementation was difficult.
14948,C2,business,4.400,5,4,4,,0,,Your success in business is inspiring!
9624,C2,business,4.400,5,4,4,,0,,This painting is priced at a thousand dollars.
6605,C2,business,4.400,5,4,4,,0,,The economy can handle a certain amount of inflation.
7441,C2,social,4.400,5,4,4,,0,,I trust your intent is sincere.
10682,C2,everyday,4.400,5,4,4,,0,,Your language skills are amazing!
11626,C2,everyday,4.600,5,4,5,,0,,She hit the ball so hard that it broke the window.
